{
  "resources": [
    "onboarding_vo.mp3"
  ],
  "spritemap": {
    "silence": {
      "start": 0,
      "end": 1,
      "loop": true
    },
    "ob_012_olive": {
      "start": 1.5,
      "end": 3.7080045351473925,
      "loop": false
    },
    "ob_023_olive": {
      "start": 5,
      "end": 7.67201814058957,
      "loop": false
    },
    "ob_025_olive": {
      "start": 8.5,
      "end": 12.628004535147392,
      "loop": false
    },
    "ob_031_click_olive": {
      "start": 14,
      "end": 16.368004535147392,
      "loop": false
    },
    "ob_031_olive": {
      "start": 17.5,
      "end": 20.23065759637188,
      "loop": false
    },
    "ob_031b_click_olive": {
      "start": 21,
      "end": 25.026666666666667,
      "loop": false
    },
    "ob_031b_olive": {
      "start": 26.5,
      "end": 28.186167800453514,
      "loop": false
    },
    "ob_031c_click_olive": {
      "start": 29,
      "end": 30.301360544217687,
      "loop": false
    },
    "ob_031c_olive": {
      "start": 31.5,
      "end": 33.40936507936508,
      "loop": false
    },
    "ob_032_alt_olive": {
      "start": 34,
      "end": 37.061360544217685,
      "loop": false
    },
    "ob_032_olive": {
      "start": 38.5,
      "end": 40.13734693877551,
      "loop": false
    },
    "ob_042_olive": {
      "start": 41,
      "end": 42.48,
      "loop": false
    },
    "ob_051_olive": {
      "start": 43.5,
      "end": 45.56666666666667,
      "loop": false
    },
    "ob_053_olive": {
      "start": 47,
      "end": 49.92267573696145,
      "loop": false
    },
    "ob_061_olive": {
      "start": 50.5,
      "end": 51.80136054421769,
      "loop": false
    },
    "ob_071_olive": {
      "start": 53,
      "end": 57.01773242630385,
      "loop": false
    },
    "ob_081_olive": {
      "start": 58.5,
      "end": 60.53201814058957,
      "loop": false
    },
    "ob_081b_olive": {
      "start": 62,
      "end": 64.78401360544218,
      "loop": false
    },
    "ob_083_olive": {
      "start": 65.5,
      "end": 67.86800453514739,
      "loop": false
    },
    "ob_09_olive": {
      "start": 69,
      "end": 74.31201814058957,
      "loop": false
    },
    "ob_091_olive": {
      "start": 75.5,
      "end": 80.6690022675737,
      "loop": false
    },
    "ob_101_olive": {
      "start": 82,
      "end": 86.25600907029478,
      "loop": false
    },
    "ob_111_olive": {
      "start": 87.5,
      "end": 89.96936507936508,
      "loop": false
    },
    "ob_112_olive": {
      "start": 91,
      "end": 92.61600907029478,
      "loop": false
    },
    "ob_121_olive": {
      "start": 93.5,
      "end": 98.31065759637188,
      "loop": false
    },
    "ob_131_olive": {
      "start": 99,
      "end": 103.88,
      "loop": false
    },
    "ob_141_olive": {
      "start": 104.5,
      "end": 109.9080045351474,
      "loop": false
    },
    "ob_151_olive": {
      "start": 111,
      "end": 112.31528344671202,
      "loop": false
    },
    "ob_162_olive": {
      "start": 113.5,
      "end": 115.22800453514739,
      "loop": false
    },
    "ob_171_olive": {
      "start": 116,
      "end": 118.03201814058957,
      "loop": false
    },
    "ob_172_olive": {
      "start": 119.5,
      "end": 123.20666666666666,
      "loop": false
    },
    "ob_174_olive": {
      "start": 124,
      "end": 127.3653514739229,
      "loop": false
    },
    "ob_175_olive": {
      "start": 128.5,
      "end": 130.66,
      "loop": false
    }
  },
  "autoplay": "silence"
}