{"model":{"version":3,"nodes":[{"name":"RootNode","position":[0,0,0],"rotation":[0,0,0],"scale":[0.01,0.01,0.01],"scaleCompensation":false},{"name":"Light","position":[407.625,590.386,-100.545],"rotation":[47.5336,107.221,10.7437],"scale":[100,100,100],"scaleCompensation":false},{"name":"Camera","position":[735.889,495.831,692.579],"rotation":[22.7688,142.108,34.3485],"scale":[100,100,100],"scaleCompensation":false},{"name":"apple_bite","position":[0,0,0],"rotation":[-90,0,0],"scale":[100,100,100],"scaleCompensation":false}],"parents":[-1,0,0,0],"skins":[],"morphs":[],"vertices":[{"position":{"type":"float32","components":3,"data":[-0.00176165,0,-1.09706,0.236441,-0.194032,-1.1492,-0.0927453,-0.313954,-1.20822,0.401769,-0.287343,-1.07324,0.236441,-0.194032,-1.1492,0.474646,0,-1.19747,-0.309768,-0.00135929,-1.20428,-0.00176165,0,-1.09706,-0.309768,-0.00135929,-1.20428,-0.0927453,0.313954,-1.20822,0.236441,0.194032,-1.20822,0.619112,-0.194033,-0.943543,-0.156553,-0.534134,-1.16718,0.145459,-0.507989,-1.19747,-1.69123e-05,-0.627913,-0.943543,-0.502687,0,-1.16718,-0.387184,-0.313955,-1.19747,-0.61878,-0.194033,-0.943543,-0.156553,0.534134,-1.16718,-0.403227,0.319888,-1.14774,-0.382261,0.507992,-0.943543,0.403496,0.33011,-1.16718,0.145459,0.507989,-1.19747,0.381857,0.507992,-0.943543,0.401769,-0.287343,-1.07324,0.619112,-0.194033,-0.943543,0.381857,-0.507992,-0.943543,-0.382261,-0.507992,-0.943543,-0.61878,0.194033,-0.943543,-1.69123e-05,0.627913,-0.943543,0.619112,0.194033,-0.943543,0.232999,-0.665197,0.376848,0.580153,-0.390991,0.32617,0.136952,-0.39099,0.576568,-0.61001,-0.41111,0.382324,-0.221602,-0.632637,0.46501,-0.358552,-0.241643,0.62066,-0.61001,0.41111,0.344934,-0.717107,0,0.454111,-0.358552,0.241643,0.481716,0.232999,0.665197,0.376848,-0.221602,0.632637,0.446361,0.136952,0.39099,0.611855,0.754013,0,0.385564,0.580153,0.390991,0.466878,0.443197,0,0.549627,0.0130104,0.037147,0.426511,-0.358552,0.241643,0.481716,-0.61001,0.41111,0.344934,-0.0383266,-0.0256001,0.419129,0.290075,-0.195496,0.477082,0.0280623,-0.0404042,0.428675,0.580153,-0.390991,0.32617,0.814668,0.241644,0,0.503567,0.63264,-1.61272e-05,-9.74634e-10,0.781987,-2.6528e-05,-0.503566,0.63264,0.0989011,-0.786585,0.172086,0.130718,-0.786585,-0.172086,0.130718,-0.503566,-0.63264,0.0989011,-9.74634e-10,-0.781987,-2.6528e-05,0.503567,-0.63264,-1.61272e-05,0.814668,-0.241644,0,0.814668,-0.241644,0,-0.786585,0.172086,0.130718,-0.61878,0.194033,-0.943543,-0.502687,0,-1.16718,0.805251,0.241644,-0.314514,0.805251,-0.241644,-0.314515,0.805251,-0.241644,-0.314515,0.497701,-0.63264,-0.314525,-3.45622e-09,-0.781987,-0.314532,-0.192884,-0.241644,-0.361354,-0.42925,-0.582297,-0.707052,-0.347297,-0.655117,-0.337602,-0.368245,-0.241644,-0.707052,-0.192884,0.241644,-0.361354,-0.368245,0.241644,-0.707052,-2.44663e-09,-0.730595,-0.629038,0.497701,0.63264,-0.314525,-3.45622e-09,0.781987,-0.314532,0.290075,-0.195496,0.477082,0.0280623,-0.0404042,0.428675,0.726279,0.226216,-0.629029,0.448941,0.591519,-0.629034,-2.44663e-09,0.730595,-0.629038,-0.388452,-0.241644,-0.143989,-0.388452,0.241644,-0.143989,-0.382192,0.643553,-0.350506,-0.388452,0.241644,-0.143989,-0.464883,0.646444,-0.143989,-0.192884,0.241644,-0.361354,-0.420495,-0.657686,-0.143989,-0.378095,0.588065,-0.619924,-0.368245,0.241644,-0.707052,0.448941,-0.591519,-0.629034,0.726279,-0.226216,-0.629029,0.726279,-0.226216,-0.629029,-0.0773555,-0.0289572,0.662576,0.0280623,-0.0404042,0.428675,-0.00410995,-0.0458345,0.684529,-0.0383266,-0.0256001,0.419129,-0.0383266,-0.0256001,0.419129,-0.146045,-0.0444877,0.901477,-0.208212,-0.0281246,0.861086,-0.0207165,0.0425773,0.679552,0.0130104,0.037147,0.426511,-0.00410995,-0.0458345,0.684529,0.0280623,-0.0404042,0.428675,-0.331726,-0.0488489,1.02807,-0.384688,-0.0308208,0.965888,-0.16014,0.0412304,0.892319,-0.146045,-0.0444877,0.901477,-0.343733,0.0455916,1.01397,-0.343733,0.0455916,1.01397,-0.331726,-0.0488489,1.02807]},"normal":{"type":"float32","components":3,"data":[0.0472823,-0.0405488,-0.998058,0.102587,-0.0559055,-0.993152,0.0496202,0.0335549,-0.998204,0.515805,-0.370197,-0.772593,0.102587,-0.0559055,-0.993152,0.477757,-0.107818,-0.871851,-0.00685638,0.0453251,-0.998949,0.0472823,-0.0405488,-0.998058,-0.00685638,0.0453251,-0.998949,-0.0553188,-0.0115754,-0.998402,-0.0135091,-0.0570589,-0.998279,0.825248,-0.303822,-0.476085,-0.221651,-0.685208,-0.693801,0.275023,-0.521002,-0.808034,0.0131627,-0.949912,-0.312241,-0.601576,0.0348671,-0.798055,-0.463259,-0.33023,-0.822398,-0.976621,-0.207122,0.0575522,-0.247112,0.662266,-0.707347,-0.519424,0.365661,-0.772328,-0.590195,0.748374,-0.302665,0.529095,0.384084,-0.756663,0.195424,0.595807,-0.778988,0.544936,0.758542,-0.357294,0.515805,-0.370197,-0.772593,0.825248,-0.303822,-0.476085,0.556298,-0.708974,-0.433461,-0.554358,-0.749057,-0.362768,-0.975002,0.217319,0.0463019,8.25703e-05,0.954552,-0.298046,0.863822,0.278043,-0.420123,0.307855,-0.784259,0.538668,0.628831,-0.494096,0.600367,0.233454,-0.106527,0.966515,-0.704397,-0.51037,0.493303,-0.198914,-0.747498,0.633783,-0.151746,-0.051607,0.987071,-0.665727,0.488378,0.564176,-0.730823,0.0639525,0.679565,-0.173436,0.153797,0.972762,0.244182,0.838366,0.487358,-0.260689,0.693074,0.672079,0.00130214,0.16637,0.986063,0.802185,-0.075329,0.592304,0.60632,0.447037,0.657673,0.173695,-0.193027,0.965697,-0.0890497,0.00303047,0.996023,-0.173436,0.153797,0.972762,-0.665727,0.488378,0.564176,-0.16918,0.108048,0.979645,0.12833,-0.0438064,0.990764,0.107889,-0.0595839,0.992376,0.628831,-0.494096,0.600367,0.938286,0.330506,0.101905,0.565445,0.818645,0.10046,-0.00405698,0.996046,0.0887487,-0.604304,0.788416,0.114967,-0.943785,0.190855,-0.269898,-0.939773,-0.192648,-0.282336,-0.621355,-0.78163,0.0545215,-0.00403055,-0.996222,0.0867473,0.572834,-0.80981,0.126768,0.931686,-0.340296,0.127124,0.931686,-0.340296,0.127124,-0.943785,0.190855,-0.269898,-0.975002,0.217319,0.0463019,-0.601576,0.0348671,-0.798055,0.937886,0.32138,-0.13071,0.937886,-0.32138,-0.13071,0.937886,-0.32138,-0.13071,0.563937,-0.819471,-0.102189,-0.010705,-0.996012,-0.0885734,-0.987003,0.121823,-0.104802,-0.813963,-0.579014,0.0469746,-0.793701,-0.58631,-0.162113,-0.811502,0.103957,0.575028,-0.981632,-0.14511,-0.123863,-0.804832,-0.126006,0.579973,-0.00565364,-0.973325,-0.229361,0.563937,0.819471,-0.102189,-0.01459,0.994973,-0.0990707,0.12833,-0.0438064,0.990764,0.107889,-0.0595839,0.992376,0.906971,0.310736,-0.284334,0.548936,0.795958,-0.255188,-0.021367,0.972431,-0.23221,-0.688152,0.056305,-0.723378,-0.687028,-0.0982225,-0.719962,-0.817758,0.538464,-0.203292,-0.687028,-0.0982225,-0.719962,-0.715026,0.602027,-0.355389,-0.981632,-0.14511,-0.123863,-0.683147,-0.635579,-0.359652,-0.823753,0.564727,0.050144,-0.804832,-0.126006,0.579973,0.548936,-0.795958,-0.255188,0.906971,-0.310736,-0.284334,0.906971,-0.310736,-0.284334,-0.863333,-0.369712,-0.343468,0.107889,-0.0595839,0.992376,0.70474,-0.662414,0.254064,-0.16918,0.108048,0.979645,-0.16918,0.108048,0.979645,0.534876,-0.664888,0.521374,-0.630633,-0.367263,-0.683681,0.334537,0.934417,0.122265,-0.0890497,0.00303047,0.996023,0.70474,-0.662414,0.254064,0.107889,-0.0595839,0.992376,-0.0946813,-0.615871,0.782137,-0.911569,-0.270143,-0.309944,0.243533,0.936937,0.25068,0.534876,-0.664888,0.521374,-0.328292,0.821769,0.465746,-0.328292,0.821769,0.465746,-0.0946813,-0.615871,0.782137]},"texCoord0":{"type":"float32","components":2,