{"model":{"version":3,"nodes":[{"name":"RootNode","position":[0,0,0],"rotation":[0,0,0],"scale":[0.01,0.01,0.01],"scaleCompensation":false},{"name":"Cube","position":[0,0,0],"rotation":[0,0,0],"scale":[1,1,0.0775],"scaleCompensation":false}],"parents":[-1,0],"skins":[],"morphs":[],"vertices":[{"position":{"type":"float32","components":3,"data":[-34.9018,7.15364,100,-51.2175,692.187,100.001,-51.2175,692.187,-99.9991,-34.9018,7.15364,-100,190.136,17.1687,-100,98.0912,541.005,-99.9994,149.853,698.868,-99.9991,190.136,17.1687,100,149.853,698.868,-99.9991,149.853,698.868,100.001,190.136,17.1687,-100,-51.2175,692.187,100.001,-34.9018,7.15364,100,10.1193,537.86,100.001,6.75748,622.348,100.001,-34.9018,7.15364,100,190.136,17.1687,-100,190.136,17.1687,100,-34.9018,7.15364,-100,-88.9247,711.973,-99.9991,181.052,716.929,-99.9991,149.853,698.868,-99.9991,-51.2175,692.187,-99.9991,178.322,780.999,-99.9991,178.322,780.999,100.001,181.052,716.929,100.001,181.052,716.929,-99.9991,181.052,716.929,100.001,149.853,698.868,-99.9991,181.052,716.929,-99.9991,149.853,698.868,100.001,-88.9247,711.973,100.001,-51.2175,692.187,-99.9991,-51.2175,692.187,100.001,-88.9247,711.973,-99.9991,-88.9247,711.973,100.001,149.853,698.868,100.001,181.052,716.929,100.001,-51.2175,692.187,100.001,-87.0542,770.58,100.001,178.322,780.999,100.001,178.322,780.999,-99.9991,-87.0542,770.58,-99.9992,-87.0542,770.58,100.001,-88.9247,711.973,-99.9991,-88.9247,711.973,100.001,-87.0542,770.58,-99.9992,-87.0542,770.58,100.001,181.052,716.929,100.001,178.322,780.999,100.001,-88.9247,711.973,100.001,181.052,716.929,-99.9991,-88.9247,711.973,-99.9991,-87.0542,770.58,-99.9992,178.322,780.999,-99.9991,35.7952,657.856,100.001,59.2331,659.546,-99.9992,59.2331,659.547,100.001,35.7952,657.856,-99.9992,80.6485,648.412,100.001,59.2331,659.546,-99.9992,80.6485,648.412,-99.9992,59.2331,659.547,100.001,6.75748,622.348,100.001,17.6044,644.631,-99.9992,17.6044,644.631,100.001,6.75748,622.348,-99.9993,95.3069,621.737,100.001,80.6485,648.412,-99.9992,95.3069,621.737,-99.9992,80.6485,648.412,100.001,98.0912,541.005,100.001,95.3069,621.737,-99.9992,98.0912,541.005,-99.9994,95.3069,621.737,100.001,149.853,698.868,-99.9991,98.0912,541.005,-99.9994,95.3069,621.737,-99.9992,17.6044,644.631,100.001,35.7952,657.856,-99.9992,35.7952,657.856,100.001,17.6044,644.631,-99.9992,6.75748,622.348,-99.9993,6.75748,622.348,100.001,10.1193,537.86,100.001,10.1193,537.86,-99.9994,10.1193,537.86,100.001,98.0912,541.005,-99.9994,10.1193,537.86,-99.9994,98.0912,541.005,100.001,-51.2175,692.187,100.001,6.75748,622.348,100.001,17.6044,644.631,100.001,-51.2175,692.187,100.001,17.6044,644.631,100.001,35.7952,657.856,100.001,-51.2175,692.187,100.001,59.2331,659.547,100.001,149.853,698.868,100.001,35.7952,657.856,100.001,149.853,698.868,100.001,59.2331,659.547,100.001,80.6485,648.412,100.001,149.853,698.868,100.001,80.6485,648.412,100.001,95.3069,621.737,100.001,98.0912,541.005,100.001,149.853,698.868,100.001,95.3069,621.737,100.001,190.136,17.1687,100,149.853,698.868,100.001,98.0912,541.005,100.001,10.1193,537.86,100.001,-34.9018,7.15364,100,98.0912,541.005,100.001,190.136,17.1687,100,-51.2175,692.187,-99.9991,10.1193,537.86,-99.9994,-34.9018,7.15364,-100,6.75748,622.348,-99.9993,-34.9018,7.15364,-100,98.0912,541.005,-99.9994,190.136,17.1687,-100,10.1193,537.86,-99.9994,149.853,698.868,-99.9991,95.3069,621.737,-99.9992,80.6485,648.412,-99.9992,149.853,698.868,-99.9991,80.6485,648.412,-99.9992,59.2331,659.546,-99.9992,-51.2175,692.187,-99.9991,149.853,698.868,-99.9991,59.2331,659.546,-99.9992,35.7952,657.856,-99.9992,-51.2175,692.187,-99.9991,35.7952,657.856,-99.9992,17.6044,644.631,-99.9992,6.75748,622.348,-99.9993,-51.2175,692.187,-99.9991,17.6044,644.631,-99.9992]},"normal":{"type":"float32","components":3,"data":[-0.999716,-0.0238106,0,-0.999716,-0.0238106,0,-0.999716,-0.0238106,0,-0.999716,-0.0238106,0,8.3712e-07,1.2595e-06,-1,8.3712e-07,1.2595e-06,-1,8.3712e-07,1.2595e-06,-1,0.998259,0.0589885,0,0.998259,0.0589885,0,0.998259,0.0589885,0,0.998259,0.0589885,0,1.07112e-06,-1.21468e-06,1,1.07112e-06,-1.21468e-06,1,1.07112e-06,-1.21468e-06,1,1.07112e-06,-1.21468e-06,1,0.0444601,-0.999011,0,0.0444601,-0.999011,0,0.0444601,-0.999011,0,0.0444601,-0.999011,0,5.04005e-08,0,-1,5.04005e-08,0,-1,5.04005e-08,0,-1,5.04005e-08,0,-1,0.999094,0.0425617,0,0.999094,0.0425617,0,0.999094,0.0425617,0,0.999094,0.0425617,0,0.501011,-0.865441,0,0.501011,-0.865441,0,0.501011,-0.865441,0,0.501011,-0.865441,0,-0.464644,-0.885498,0,-0.464644,-0.885498,0,-0.464644,-0.885498,0,-0.464644,-0.885498,0,-3.29488e-08,-5.32677e-07,1,-3.29488e-08,-5.32677e-07,1,-3.29488e-08,-5.32677e-07,1,-3.29488e-08,-5.32677e-07,1,-0.0392284,0.99923,0,-0.0392284,0.99923,0,-0.0392284,0.99923,0,-0.0392284,0.99923,0,-0.999491,0.0318981,0,-0.999491,0.0318981,0,-0.999491,0.0318981,0,-0.999491,0.0318981,0,-4.4526e-08,-1.4518e-07,1,-4.4526e-08,-1.4518e-07,1,-4.4526e-08,-1.4518e-07,1,-4.4526e-08,-1.4518e-07,1,5.70525e-08,0,-1,5.70525e-08,0,-1,5.70525e-08,0,-1,5.70525e-08,0,-1,0.071925,-0.99741,1.18898e-07,0.071925,-0.99741,1.18898e-07,0.071925,-0.99741,1.18898e-07,0.071925,-0.99741,1.18898e-07,-0.461293,-0.887248,9.40056e-08,-0.461293,-0.887248,9.40056e-08,-0.461293,-0.887248,9.40056e-08,-0.461293,-0.887248,9.40056e-08,0.899137,-0.437668,7.51572e-09,0.899137,-0.437668,7.51572e-09,0.899137,-0.437668,7.51572e-09,0.899137,-0.437668,7.51572e-09,-0.876396,-0.481591,0,-0.876396,-0.481591,0,-0.876396,-0.481591,0,-0.876396,-0.481591,0,-0.999406,-0.0344679,0,-0.999406,-0.0344679,0,-0.999406,-0.0344679,0,-0.999406,-0.0344679,0,-6.17801e-07,1.75037e-06,-1,-6.17801e-07,1.75037e-06,-1,-6.17801e-07,1.75037e-06,-1,0.588035,-0.808835,0,0.588035,-0.808835,0,0.588035,-0.808835,0,0.588035,-0.808835,0,0.999209,0.0397595,0,0.999209,0.0397595,0,0.999209,0.0397595,0,0.999209,0.0397595,0,-0.0357243,0.999362,1.19672e-07,-0.0357243,0.999362,1.19672e-07,-0.0357243,0.999362,1.19672e-07,-0.0357243,0.999362,1.19672e-07,-3.18978e-06,-4.36253e-06,1,-3.18978e-06,-4.36253e-06,1,-3.18978e-06,-4.36253e-06,1,8.88079e-08,-6.71506e-07,1,8.88079e-08,-6.71506e-07,1,8.88079e-08,-6.71506e-07,1,-3.50567e-08,5.41687e-07,1,-3.50567e-08,5.41687e-07,1,-3.50567e-08,5.41687e-07,1,-3.50567e-08,5.41687e-07,1,-1.43409e-07,3.22002e-07,1,-1.43409e-07,3.22002e-07,1,-1.43409e-07,3.22002e-07,1,2.08024e-06,-3.57307e-06,1,2.08024e-06,-3.57307e-06,1,2.08024e-06,-3.57307e-06,1,-7.08806e-07,-1.54871e-06,1,-7.08806e-07,-1.54871e-06,1,-7.08806e-07,-1.54871e-06,1,-8.89499e-07,-1.28812e-06,1,-8.89499e-07,-1.28812e-06,1,-8.89499e-07,-1.28812e-06,1,-2.85893e-08,-1.1391e-06,1,-2.85893e-08,-1.1391e-06,1,-2.85893e-08,-1.1391e-06,1,-2.85893e-08,-1.1391e-06,1,-6.97057e-07,1.24336e-06,-1,-6.97057e-07,1.24336e-06,-1,-6.97057e-07,1.24336e-06,-1,-6.97057e-07,1.24336e-06,-1,9.34497e-09,1.12468e-06,-1,9.34497e-09,1.12468e-06,-1,9.34497e-09,1.12468e-06,-1,9.34497e-09,1.12468e-06,-1,1.04537e-06,5.76301e-07,-1,1.04537e-06,5.76301e-07,-1,1.04537e-06,5.76301e-07,-1,-1.34013e-06,4.02503e-06,-1,-1.34013e-06,4.02503e-06,-1,-1.34013e-06,4.02503e-06,-1,1.70457e-07,1.37227e-06,-1,1.70457e-07,1.37227e-06,-1,1.70457e-07,1.37227e-06,-1,1.70457e-07,1.37227e-06,-1,2.9196e-07,8.39383e-07,-1,2.9196e-07,8.39383e-07,-1,2.9196e-07,8.39383e-07,-1,-4.18893e-07,1.74501e-06,-1,-4.18893e-07,1.74501e-06,-1,-4.18893e-07,1.74501e-06,-1]},"texCoord0":{"type":"float32","components":2,