{"model":{"version":3,"nodes":[{"name":"RootNode","position":[0,0,0],"rotation":[0,0,0],"scale":[0.01,0.01,0.01],"scaleCompensation":false},{"name":"peanut_butter","position":[0,0,0],"rotation":[-90,0,0],"scale":[100,100,100],"scaleCompensation":false}],"parents":[-1,0],"skins":[],"morphs":[],"vertices":[{"position":{"type":"float32","components":3,"data":[-0.268782,-0.465542,1.5003,-8.34465e-07,-1.07512,1.5003,-4.17233e-07,-0.537562,1.5003,-0.537563,-0.931085,1.5003,0,0,1.5003,-0.465543,-0.268781,1.5003,-0.537562,5.1907e-07,1.5003,-0.537563,-0.931085,1.32016,-8.34465e-07,-1.07512,1.32016,-0.773867,-0.446792,1.32016,-0.446793,-0.773867,1.32016,-0.931085,-0.537561,1.32016,0.446792,-0.773867,1.32016,0.773867,-0.446793,1.32016,0.931085,-0.537563,1.32016,0.537561,-0.931085,1.32016,0.503109,-0.871412,1.19536,0.543787,-0.941869,0.453895,0.871411,-0.50311,1.19536,0.941868,-0.543789,0.453895,0.543787,-0.941869,-0.453895,0.873575,-0.50436,-1.17258,0.941868,-0.543789,-0.453895,0.504358,-0.873576,-1.17258,0.931085,-0.537563,1.5003,1.07512,-9.53674e-07,1.32016,1.07512,-8.34465e-07,1.5003,1.00872,-9.53674e-07,-1.17258,0.796473,-0.459845,-1.25204,0.919688,-8.34465e-07,-1.25204,0.537561,-0.931085,1.5003,0.268781,-0.465543,1.5003,0.398236,-0.229922,-1.25204,0.796473,-0.459845,-1.25204,0.459843,-0.796474,-1.25204,0.229922,-0.398237,-1.25204,1.08758,-9.53674e-07,0.453895,1.08758,-9.53674e-07,-0.453895,-0.543789,-0.941868,-0.453895,-0.50436,-0.873575,-1.17258,-8.34465e-07,-1.08758,-0.453895,-7.15256e-07,-1.00872,-1.17258,-0.47591,-0.824299,1.28288,-7.15256e-07,-1.00622,1.19536,-7.15256e-07,-0.951819,1.28288,-0.50311,-0.871411,1.19536,-0.8243,-0.475909,1.28288,-0.871411,-0.503109,1.19536,-0.475909,0.8243,1.28288,7.7486e-07,0.893585,1.32016,9.23872e-07,0.951819,1.28288,-0.446792,0.773868,1.32016,-0.446793,-0.773867,1.32016,-6.55651e-07,-0.893585,1.32016,-0.951819,7.15256e-07,1.28288,-1.00622,9.71604e-07,1.19536,0.465542,-0.268782,1.5003,-1.08758,7.15256e-07,0.453895,-0.941869,-0.543787,0.453895,8.9407e-07,0.919688,-1.25204,0.229922,0.398236,-1.25204,4.47035e-07,0.459844,-1.25204,0.459845,0.796473,-1.25204,0.537562,-4.17233e-07,1.5003,0,0,-1.25204,0.459844,-4.17233e-07,-1.25204,0.824299,-0.47591,1.28288,1.00622,-8.34465e-07,1.19536,0.951819,-8.34465e-07,1.28288,0.459843,-0.796474,-1.25204,0.475909,-0.8243,1.28288,-3.8743e-07,-0.459844,-1.25204,0.446792,-0.773867,1.32016,-8.34465e-07,-1.08758,0.453895,0.773867,-0.446793,1.32016,-6.55651e-07,-0.893585,1.32016,0.893585,-7.7486e-07,1.32016,-7.7486e-07,-0.919688,-1.25204,-0.543789,-0.941868,0.453895,0.893585,-7.7486e-07,1.32016,-0.931085,-0.537561,1.5003,-1.07512,7.15256e-07,1.5003,-1.07512,7.15256e-07,1.32016,-0.941869,-0.543787,-0.453895,-0.873576,-0.504358,-1.17258,-0.796473,-0.459843,-1.25204,-0.459844,4.09782e-07,-1.25204,-0.398237,-0.229922,-1.25204,-0.919688,7.15256e-07,-1.25204,-0.229922,-0.398236,-1.25204,-0.919688,7.15256e-07,-1.25204,-0.873575,0.50436,-1.17258,-0.796473,0.459845,-1.25204,-1.00872,7.15256e-07,-1.17258,0.873576,0.504358,-1.17258,0.941869,0.543787,-0.453895,0.50311,0.871411,1.19536,9.53674e-07,1.08758,0.453895,9.53674e-07,1.00622,1.19536,0.543789,0.941868,0.453895,0.931085,0.537561,1.5003,0.268782,0.465542,1.5003,0.465543,0.268781,1.5003,0.537563,0.931085,1.5003,0.931085,0.537561,1.32016,0.398237,0.229922,-1.25204,0.796474,0.459843,-1.25204,0.919688,-8.34465e-07,-1.25204,0.543789,0.941868,-0.453895,0.50436,0.873575,-1.17258,1.07288e-06,1.08758,-0.453895,9.53674e-07,1.00872,-1.17258,0.537563,0.931085,1.32016,0.796474,0.459843,-1.25204,0.459845,0.796473,-1.25204,-7.7486e-07,-0.919688,-1.25204,0.47591,0.824299,1.28288,9.23872e-07,0.951819,1.28288,9.53674e-07,1.07512,1.5003,4.76837e-07,0.537562,1.5003,0.8243,0.475909,1.28288,0.871412,0.503109,1.19536,0.941869,0.543787,0.453895,8.9407e-07,0.919688,-1.25204,0.773867,0.446792,1.32016,9.53674e-07,1.00622,1.19536,9.53674e-07,1.08758,0.453895,-0.503109,0.871412,1.19536,-0.543787,0.941869,0.453895,-0.537561,0.931086,1.5003,-0.268781,0.465543,1.5003,-0.229922,0.398237,-1.25204,0.773867,0.446792,1.32016,-0.796473,-0.459843,-1.25204,-0.459845,-0.796473,-1.25204,-0.931085,0.537563,1.5003,-0.465542,0.268782,1.5003,-0.824299,0.47591,1.28288,-0.871411,0.50311,1.19536,-0.459843,0.796474,-1.25204,-0.398236,0.229922,-1.25204,-0.796473,0.459845,-1.25204,-0.537561,0.931086,1.32016,7.7486e-07,0.893585,1.32016,-0.446792,0.773868,1.32016,9.53674e-07,1.07512,1.32016,-0.543787,0.941869,-0.453895,1.07288e-06,1.08758,-0.453895,-0.504358,0.873576,-1.17258,8.9407e-07,0.919688,-1.25204,-0.459843,0.796474,-1.25204,9.53674e-07,1.00872,-1.17258,-0.931085,0.537563,1.32016,-0.773867,0.446793,1.32016,-0.941868,0.543789,0.453895,-0.941868,0.543789,-0.453895,-1.08758,7.15256e-07,-0.453895,-0.773867,0.446793,1.32016,-0.893585,8.62845e-07,1.32016,-0.893585,8.62845e-07,1.32016,0.446793,0.773867,1.32016,0.446793,0.773867,1.32016,-0.773867,-0.446792,1.32016,-0.459845,-0.796473,-1.25204,7.7486e-07,0.893585,1.32016]},"normal":{"type":"float32","components":3,