{"model":{"version":3,"nodes":[{"name":"RootNode","position":[0,0,0],"rotation":[0,0,0],"scale":[0.01,0.01,0.01],"scaleCompensation":false},{"name":"Cube","position":[0,0,0],"rotation":[0,0,0],"scale":[1,1,0.077595],"scaleCompensation":false}],"parents":[-1,0],"skins":[],"morphs":[],"vertices":[{"position":{"type":"float32","components":3,"data":[-247.398,566.097,100,-300.358,64.8976,-99.9999,-300.358,64.8976,100,-247.398,566.097,-99.9999,63.2974,24.6704,-100,120.646,489.41,-99.9994,175.571,20.4975,-100,241.887,501.982,-99.9995,175.571,20.4975,100,241.887,501.982,-99.9995,241.887,501.982,100.001,175.571,20.4975,-100,-247.398,566.097,100,-300.358,64.8976,100,-132.74,517.908,100,-192.536,56.6566,100,-300.358,64.8976,100,-300.358,64.8976,-99.9999,-192.536,56.6566,100,-192.536,56.6566,-99.9999,294.207,582.398,100,241.887,501.982,-99.9995,294.207,582.398,-99.9995,241.887,501.982,100.001,-270.015,663.535,-100,-270.015,663.535,100,33.4958,795.121,0.000259097,-270.015,663.535,100,-247.398,566.097,-99.9999,-247.398,566.097,100,-270.015,663.535,-100,-270.015,663.535,100,241.887,501.982,100.001,294.207,582.398,100,-247.398,566.097,100,-270.015,663.535,-100,241.887,501.982,-99.9995,-247.398,566.097,-99.9999,294.207,582.398,-99.9995,-270.015,663.535,100,294.207,582.398,100,33.4958,795.121,0.000259097,294.207,582.398,-99.9995,-270.015,663.535,-100,33.4958,795.121,0.000259097,294.207,582.398,100,294.207,582.398,-99.9995,33.4958,795.121,0.000259097,120.646,489.41,-99.9994,63.2974,24.6704,100,120.646,489.41,100,63.2974,24.6704,-100,-192.536,56.6566,100,-132.74,517.908,-99.9998,-132.74,517.908,100,-192.536,56.6566,-99.9999,175.571,20.4975,-100,175.571,20.4975,100,63.2974,24.6704,100,63.2974,24.6704,-100,-132.74,517.908,100,120.646,489.41,-99.9994,120.646,489.41,100,-132.74,517.908,-99.9998,-247.398,566.097,100,120.646,489.41,100,241.887,501.982,100.001,-132.74,517.908,100,120.646,489.41,100,175.571,20.4975,100,241.887,501.982,100.001,63.2974,24.6704,100,-247.398,566.097,-99.9999,241.887,501.982,-99.9995,120.646,489.41,-99.9994,-132.74,517.908,-99.9998,-132.74,517.908,-99.9998,-192.536,56.6566,-99.9999,-300.358,64.8976,-99.9999,-247.398,566.097,-99.9999]},"normal":{"type":"float32","components":3,"data":[-0.994464,0.105082,0,-0.994464,0.105082,0,-0.994464,0.105082,0,-0.994464,0.105082,0,-2.69282e-07,1.08413e-06,-1,-2.69282e-07,1.08413e-06,-1,-2.69282e-07,1.08413e-06,-1,-2.69282e-07,1.08413e-06,-1,0.990648,-0.136445,0,0.990648,-0.136445,0,0.990648,-0.136445,0,0.990648,-0.136445,0,-5.9375e-07,-2.16264e-08,1,-5.9375e-07,-2.16264e-08,1,-5.9375e-07,-2.16264e-08,1,-5.9375e-07,-2.16264e-08,1,-0.0762089,-0.997092,0,-0.0762089,-0.997092,0,-0.0762089,-0.997092,0,-0.0762089,-0.997092,0,0.838205,-0.545355,0,0.838205,-0.545355,0,0.838205,-0.545355,0,0.838205,-0.545355,0,-0.397773,0.917484,0,-0.397773,0.917484,0,-0.397773,0.917484,0,-0.974104,-0.226102,0,-0.974104,-0.226102,0,-0.974104,-0.226102,0,-0.974104,-0.226102,0,-7.46232e-07,6.96529e-07,1,-7.46232e-07,6.96529e-07,1,-7.46232e-07,6.96529e-07,1,-7.46232e-07,6.96529e-07,1,7.33143e-07,-5.97025e-07,-1,7.33143e-07,-5.97025e-07,-1,7.33143e-07,-5.97025e-07,-1,7.33143e-07,-5.97025e-07,-1,0.0710939,0.494389,0.866328,0.0710939,0.494389,0.866328,0.0710939,0.494389,0.866328,0.0710952,0.494389,-0.866328,0.0710952,0.494389,-0.866328,0.0710952,0.494389,-0.866328,0.632193,0.774811,0,0.632193,0.774811,0,0.632193,0.774811,0,-0.992472,0.122471,0,-0.992472,0.122471,0,-0.992472,0.122471,0,-0.992472,0.122471,0,0.991701,-0.128563,0,0.991701,-0.128563,0,0.991701,-0.128563,0,0.991701,-0.128563,0,-0.0371421,-0.99931,0,-0.0371421,-0.99931,0,-0.0371421,-0.99931,0,-0.0371421,-0.99931,0,-0.111763,-0.993735,-3.28723e-09,-0.111763,-0.993735,-3.28723e-09,-0.111763,-0.993735,-3.28723e-09,-0.111763,-0.993735,-3.28723e-09,-9.31475e-07,-2.71077e-06,1,-9.31475e-07,-2.71077e-06,1,-9.31475e-07,-2.71077e-06,1,-9.31475e-07,-2.71077e-06,1,-1.25633e-06,-5.74587e-07,1,-1.25633e-06,-5.74587e-07,1,-1.25633e-06,-5.74587e-07,1,-1.25633e-06,-5.74587e-07,1,6.59038e-07,-3.12781e-06,-1,6.59038e-07,-3.12781e-06,-1,6.59038e-07,-3.12781e-06,-1,6.59038e-07,-3.12781e-06,-1,5.9375e-07,0,-1,5.9375e-07,0,-1,5.9375e-07,0,-1,5.9375e-07,0,-1]},"texCoord0":{"type":"float32","components":2,"data":[0.625,0,0.375,0.25,0.375,0,0.625,0.25,0.375,0.437329,0.60192,0.438103,0.375,0.5,0.625,0.5,0.375,0.75,0.625,0.5,0.625,0.75,0.375,0.5,0.625,1,0.375,1,0.599752,0.94119,0.375,0.944796,0.125,0.75,0.125,0.5,0.180204,0.75,0.180204,0.5,0.625,0.75,0.625,0.5,0.625,0.5,0.625,0.75,0.625,0.25,0.625,0,0.625,0.25,0.625,0,0.625,0.25,0.625,0,0.625,0.25,0.625,1,0.625,0.75,0.625,0.75,0.625,1,0.625,0.25,0.625,0.5,0.625,0.25,0.625,0.5,0.625,1,0.625,0.75,0.625,1,0.625,0.5,0.625,0.25,0.625,0.5,0.625,0.75,0.625,0.5,0.625,0.75,0.625,0.615301,0.378481,0.634699,0.625,0.634699,0.378481,0.615301,0.379201,0.115301,0.625,0.134699,0.625,0.115301,0.379201,0.134699,0.375,0.5,0.375,0.75,0.312329,0.75,0.312329,0.5,0.875,0.634699,0.625,0.615301,0.625,0.634699,0.875,0.615301,0.625,1,0.60192,0.811897,0.625,0.75,0.599752,0.94119,0.60192,0.811897,0.375,0.75,0.625,0.75,0.375,0.812671,0.625,0.25,0.625,0.5,0.60192,0.438103,0.599752,0.308811,0.599752,0.308811,0.375,0.305204,0.375,0.25,0.625,0.25]},"texCoord1":{"type":"float32","components":2,"data":[0,0,0,0,0,0,0,0,0,0,0,0,0,0,0,0,0,0,0,0,0,0,0,0,0,0,0,0,0,0,0,0,0,0,0,0,0,0,0,0,0,0,0,0,0,0,0,0,0,0,0,0,0,0,0,0,0,0,0,0,0,0,0,0,0,0,0,0,0,0,0,0,0,0,0,0,0,0,0,0,0,0,0,0,0,0,0,0,0,0,0,0,0,0,0,0,0,0,0,0,0,0,0,0,0,0,0,0,0,0,0,0,0,0,0,0,0,0,0,0,0,0,0,0,0,0,0,0,0,0,0,0,0,0,0,0,0,0,0,0,0,0,0,0,0,0,0,0,0,0,0,0,0,0,0,0,0,0,0,0]}}],"meshes":[{"aabb":{"min":[-300.358,20.4975,-100],"max":[294.207,795.121,100.001]},"vertices":0,"indices":[0,1,2,1,0,3,4,5,6,5,7,6,8,9,10,9,8,11,12,13,14,14,13,15,16,17,18,18,17,19,20,21,22,21,20,23,24,25,26,27,28,29,28,27,30,31,32,33,32,31,34,35,36,37,36,35,38,39,40,41,42,43,44,45,46,47,48,49,50,49,48,51,52,53,54,53,52,55,56,57,58,58,59,56,60,61,62,61,60,63,64,65,66,65,64,67,68,69,70,69,68,71,72,73,74,72,74,75,76,77,78,78,79,76],"type":"triangles","base":0,"count":114}],"meshInstances":[{"node":1,"mesh":0}]}}