{"model":{"version":3,"nodes":[{"name":"RootNode","position":[0,0,0],"rotation":[0,0,0],"scale":[0.01,0.01,0.01],"scaleCompensation":false},{"name":"limo_flag","position":[0,0,0],"rotation":[-90,0,0],"scale":[100,100,100],"scaleCompensation":false}],"parents":[-1,0],"skins":[],"morphs":[],"vertices":[{"position":{"type":"float32","components":3,"data":[0.394442,0.00335589,0.0536774,0.372647,0.0367194,0.0290227,0.392357,0.00702009,0.0239751,0.374732,0.0330552,0.058725,0.400698,-0.00763671,0.142784,0.378903,0.0257268,0.118129,0.398612,-0.0039725,0.113082,0.380988,0.0220626,0.147832,0.376818,0.029391,0.0884272,0.396527,-0.000308305,0.0833797,0.36478,0.118919,0.109354,0.345254,0.141599,0.0810982,0.363917,0.120256,0.0793958,0.345254,0.141599,0.111098,0.364344,0.0865771,0.102292,0.362618,0.0895473,0.0724898,0.379486,0.0650442,0.0926382,0.377401,0.0687084,0.0629359,0.365644,0.117582,0.139311,0.345254,0.141599,0.141098,0.36607,0.0836069,0.132095,0.381571,0.06138,0.122341,0.366507,0.116245,0.169269,0.345254,0.141599,0.171098,0.367796,0.0806368,0.161898,0.383656,0.0577158,0.152043,0.345254,0.141599,0.0510982,0.363053,0.121593,0.0494381,0.360892,0.0925175,0.0426871,0.375315,0.0723726,0.0332336,-0.394442,0.00335589,0.0536774,-0.372647,0.0367194,0.0290227,-0.374732,0.0330552,0.058725,-0.392357,0.00702009,0.0239751,-0.400698,-0.00763671,0.142784,-0.378903,0.0257268,0.118129,-0.380988,0.0220626,0.147832,-0.398612,-0.0039725,0.113082,-0.376818,0.029391,0.0884272,-0.396527,-0.000308305,0.0833797,-0.36478,0.118919,0.109354,-0.345254,0.141599,0.0810982,-0.345254,0.141599,0.111098,-0.363917,0.120256,0.0793958,-0.364344,0.0865771,0.102292,-0.362618,0.0895473,0.0724898,-0.379486,0.0650442,0.0926382,-0.377401,0.0687084,0.0629359,-0.365644,0.117582,0.139311,-0.345254,0.141599,0.141098,-0.36607,0.0836069,0.132095,-0.381571,0.06138,0.122341,-0.366507,0.116245,0.169269,-0.345254,0.141599,0.171098,-0.367796,0.0806368,0.161898,-0.383656,0.0577158,0.152043,-0.345254,0.141599,0.0510982,-0.363053,0.121593,0.0494381,-0.360892,0.0925175,0.0426871,-0.375315,0.0723726,0.0332336,0.39611,0.00445944,0.0536964,0.374578,0.0372333,0.0289505,0.376664,0.0335691,0.0586528,0.394025,0.00812364,0.0239942,0.402366,-0.00653316,0.142803,0.380834,0.0262407,0.118057,0.382919,0.0225765,0.14776,0.40028,-0.00286895,0.113101,0.378749,0.0299049,0.0883551,0.398195,0.000795244,0.0833987,0.366656,0.119613,0.109311,0.34676,0.142915,0.0811058,0.34677,0.142903,0.111105,0.365799,0.120931,0.0793511,0.366254,0.0871714,0.102258,0.364535,0.0901182,0.072454,0.381411,0.0655817,0.0925675,0.379325,0.0692496,0.0628657,0.367513,0.118293,0.139271,0.346779,0.142893,0.141105,0.367973,0.0842221,0.132063,0.383497,0.061914,0.122269,0.36836,0.116997,0.169232,0.346783,0.142888,0.171105,0.369714,0.081202,0.16186,0.385572,0.0582877,0.151977,0.346755,0.142921,0.0511061,0.364955,0.122211,0.0493888,0.362788,0.0931545,0.0426578,0.377253,0.0728629,0.0331564,-0.39611,0.00445944,0.0536964,-0.374578,0.0372333,0.0289505,-0.394025,0.00812364,0.0239942,-0.376664,0.0335691,0.0586528,-0.402366,-0.00653316,0.142803,-0.380834,0.0262407,0.118057,-0.40028,-0.00286895,0.113101,-0.382919,0.0225765,0.14776,-0.378749,0.0299049,0.0883551,-0.398195,0.000795244,0.0833987,-0.366656,0.119613,0.109311,-0.34676,0.142915,0.0811058,-0.365799,0.120931,0.0793511,-0.34677,0.142903,0.111105,-0.366254,0.0871714,0.102258,-0.364535,0.0901182,0.072454,-0.381411,0.0655817,0.0925675,-0.379325,0.0692496,0.0628657,-0.367513,0.118293,0.139271,-0.346779,0.142893,0.141105,-0.367973,0.0842221,0.132063,-0.383497,0.061914,0.122269,-0.36836,0.116997,0.169232,-0.346783,0.142888,0.171105,-0.369714,0.081202,0.16186,-0.385572,0.0582877,0.151977,-0.346755,0.142921,0.0511061,-0.364955,0.122211,0.0493888,-0.362788,0.0931545,0.0426578,-0.377253,0.0728629,0.0331564]},"normal":{"type":"float32","components":3,"data":[-0.202521,-0.97351,-0.105869,-0.785607,-0.118778,-0.607196,-0.205481,-0.724357,-0.658071,-0.965728,-0.256935,0.0360729,-0.125248,-0.865383,0.485153,-0.965728,-0.256935,0.0360729,-0.202521,-0.97351,-0.105869,-0.69631,-0.275491,0.662709,-0.965728,-0.256935,0.0360729,-0.202521,-0.97351,-0.105869,-0.937712,-0.34669,0.0212714,-0.997711,0.0675375,-0.00256355,-0.94113,-0.33723,0.0223701,-0.997192,0.0746483,-0.00238044,-0.95465,-0.297128,0.0170293,-0.95819,-0.28547,0.0179144,-0.962554,-0.268746,0.0353404,-0.962035,-0.270608,0.0350963,-0.934538,-0.355235,0.0202643,-0.996673,0.0811487,-0.00228889,-0.951353,-0.307596,0.0162358,-0.963012,-0.266976,0.0355541,-0.502792,-0.32139,0.802423,-0.80285,0.0595721,0.593158,-0.648579,-0.384838,0.656667,-0.53856,-0.35258,0.765252,-0.826685,0.0616474,-0.559221,-0.64217,-0.0814539,-0.762169,-0.810144,-0.0665303,-0.582415,-0.648854,0.0476394,-0.759392,0.202521,-0.97351,-0.105869,0.785607,-0.118778,-0.607196,0.965728,-0.256935,0.0360729,0.205481,-0.724357,-0.658071,0.125248,-0.865383,0.485153,0.965728,-0.256935,0.0360729,0.69631,-0.275491,0.662709,0.202521,-0.97351,-0.105869,0.965728,-0.256935,0.0360729,0.202521,-0.97351,-0.105869,0.937712,-0.34669,0.0212714,0.997711,0.0675375,-0.00256355,0.997192,0.0746483,-0.00238044,0.94113,-0.33723,0.0223701,0.95465,-0.297128,0.0170293,0.95819,-0.28547,0.0179144,0.962554,-0.268746,0.0353404,0.962035,-0.270608,0.0350963,0.934538,-0.355235,0.0202643,0.996673,0.0811487,-0.00228889,0.951353,-0.307596,0.0162358,0.963012,-0.266976,0.0355541,0.502792,-0.32139,0.802423,0.80285,0.0595721,0.593158,0.648579,-0.384838,0.656667,0.53856,-0.35258,0.765252,0.826685,0.0616474,-0.559221,0.64217,-0.0814539,-0.762169,0.810144,-0.0665303,-0.582415,0.648854,0.0476394,-0.759392,0.977081,-0.191687,-0.0922269,0.540025,0.25544,-0.801935,0.965361,0.258431,-0.0357982,0.757775,-0.0860317,-0.646779,0.838008,-0.227058,0.496109,0.965331,0.258492,-0.0357982,0.649709,0.0631123,0.75753,0.977081,-0.191687,-0.0922269,0.965331,0.258492,-0.0358898,0.977081,-0.191687,-0.0922269,0.938261,0.345195,-0.0212104,0.0699179,0.997528,0.00256355,0.0767235,0.99704,0.00256355,0.941771,0.335429,-0.0224311,0.954619,0.297281,-0.0169683,0.958129,0.285745,-0.0178838,0.962584,0.268532,-0.035432,0.962096,0.270425,-0.0350658,0.934996,0.354015,-0.0202948,0.0829493,0.996521,0.00234993,0.951353,0.307596,-0.0162053,0.963134,0.26664,-0.0355541,0.738639,0.202887,0.642811,0.0775781,0.799341,0.595813,0.672689,-0.0299692,0.73928,0.815668,0.087405,0.571856,0.0462661,0.830195,-0.555528,0.713584,0.329142,-0.618427,0.511032,0.423353,-0.748039,0.658406,0.337748,-0.672597,-0.977081,-0.191687,-0.0922269,-0.540025,0.25544,-0.801935,-0.757775,-0.0860317,-0.646779,-0.965361,0.258431,-0.0357982,-0.838008,-0.227058,0.496109,-0.965331,0.258492,-0.0357982,-0.977081,-0.191687,-0.0922269,-0.649709,0.0631123,0.75753,-0.965331,0.258492,-0.0358898,-0.977081,-0.191687,-0.0922269,-0.938261,0.345195,-0.0212104,-0.0699179,0.997528,0.00256355,-0.941771,0.335429,-0.0224311,-0.0767235,0.99704,0.00256355,-0.954619,0.297281,-0.0169683,-0.958129,0.285745,-0.0178838,-0.962584,0.268532,-0.035432,-0.962096,0.270425,-0.0350658,-0.934996,0.354015,-0.0202948,-0.0829493,0.996521,0.00234993,-0.951353,0.307596,-0.0162053,-0.963134,0.26664,-0.0355541,-0.738639,0.202887,0.642811,-0.0775781,0.799341,0.595813,-0.672689,-0.0299692,0.73928,-0.815668,0.087405,0.571856,-0.0462661,0.830195,-0.555528,-0.713584,0.329142,-0.618427,-0.511032,0.423353,-0.748039,-0.658406,0.337748,-0.672597]},"texCoord0":{"type":"float32","components":2,