{"model":{"version":3,"nodes":[{"name":"RootNode","position":[0,0,0],"rotation":[0,0,0],"scale":[0.01,0.01,0.01],"scaleCompensation":false},{"name":"pumpkin","position":[0,0,0],"rotation":[-90,0,0],"scale":[100,100,100],"scaleCompensation":false}],"parents":[-1,0],"skins":[],"morphs":[],"vertices":[{"position":{"type":"float32","components":3,"data":[-0.00157064,0.984442,-0.657086,0.264827,0.638002,-0.812866,-0.00157064,0.690694,-0.812866,0.378504,0.908924,-0.66064,0.778768,0.780987,0.419863,0.321656,0.780987,0.670225,0.595675,0.597893,0.670225,0.420746,1.02021,0.419863,0.321656,0.327503,-0.884478,0.173358,0.425812,-0.884478,0.490667,0.487949,-0.812866,-0.00157064,1.18366,0.0948116,-0.00157064,1.10421,0.419863,0.451149,1.09361,0.0948116,-0.00157064,-0.00108291,-0.866196,0.173358,0.425812,-0.884478,0.321656,0.327503,-0.884478,-0.140882,-0.138663,0.676332,-0.198587,0.000648255,0.676332,-0.423887,-0.174281,0.718462,0.442405,1.07228,-0.35962,-0.00157064,1.1606,-0.359583,-0.00157045,0.45776,0.718462,-0.00157065,0.197664,0.676332,0.173359,0.422965,0.718462,0.818789,0.820791,-0.359724,0.700716,0.693867,-0.670764,-0.00157064,0.845281,0.670225,1.07028,0.444216,-0.35904,0.91601,0.371369,-0.675039,0.778768,0.323875,0.670225,0.321656,0.323875,0.718462,0.420746,0.175577,0.718462,1.01799,0.422964,0.419863,0.420746,0.17796,-0.884478,0.641569,0.261419,-0.812866,0.834947,0.837166,0.0948116,0.420746,0.17796,-0.884478,0.321656,0.323875,0.718462,0.137741,0.139959,0.676332,0.455541,0.00148525,-0.884478,-0.00157081,0.157761,0.862613,-0.112666,0.111743,0.862613,-0.140882,0.13996,0.676332,1.09139,0.453368,0.0948116,0.420746,0.175577,0.718462,1.15859,-9.15063e-05,-0.358385,0.991612,-0.00914344,-0.677476,0.455541,0.000648104,0.718462,0.843062,0.000648086,0.670225,1.10199,0.000648104,0.419863,0.455541,0.00148525,-0.884478,0.694559,-0.00590287,-0.812866,0.778768,-0.322579,0.670225,0.420746,-0.174281,0.718462,1.01799,-0.421668,0.419863,0.420745,-0.17473,-0.884478,0.641569,-0.273232,-0.812866,1.18144,0.000648068,0.0948116,0.420745,-0.17473,-0.884478,-0.158683,0.000648184,0.862612,0.455541,0.000648104,0.718462,0.195445,0.00064815,0.676332,0.91601,-0.389734,-0.677054,1.07028,-0.444505,-0.358182,-0.112666,-0.110447,0.862612,0.321656,-0.324194,-0.884478,1.09139,-0.452072,0.0948116,0.420746,-0.174281,0.718462,1.07028,-0.444505,-0.358182,0.700715,-0.712579,-0.671217,0.91601,-0.389734,-0.677054,0.818789,-0.821379,-0.35693,0.595674,-0.596597,0.670225,0.420746,-0.174281,0.718462,0.321656,-0.322579,0.718462,0.778768,-0.322579,0.670225,0.778768,-0.77969,0.419863,1.01799,-0.421668,0.419863,0.641569,-0.273232,-0.812866,0.321656,-0.324194,-0.884478,0.420745,-0.17473,-0.884478,0.490667,-0.500175,-0.812866,0.420745,-1.01891,0.419863,0.321656,-0.77969,0.670225,0.173358,-0.424435,-0.884478,0.264827,-0.652348,-0.812866,1.09139,-0.452072,0.0948116,0.834947,-0.835869,0.0948116,0.173358,-0.424435,-0.884478,0.109524,-0.110447,0.862613,0.155542,0.0006481,0.862613,0.137741,-0.138663,0.676332,0.321656,-0.322579,0.718462,0.420746,-0.174281,0.718462,0.137741,-0.138663,0.676332,0.442404,-1.07326,-0.351543,0.378504,-0.928578,-0.659969,0.173358,-0.421668,0.718462,-0.00157084,-0.459535,-0.884478,0.451149,-1.09231,0.0948116,0.173358,-0.421668,0.718462,-0.00157081,-1.16169,-0.348392,-0.00157091,-1.00445,-0.65477,-0.00157074,-0.843984,0.670225,-0.00157077,-0.456464,0.718462,-0.00157088,-1.10292,0.419863,-0.00157084,-0.459535,-0.884478,-0.00157078,-0.705798,-0.812866,-0.324798,-0.77969,0.670225,-0.423887,-1.01891,0.419863,-0.267968,-0.652348,-0.812866,-0.1765,-0.424435,-0.884478,-0.00157086,-1.18237,0.0948116,-0.1765,-0.424435,-0.884478,-0.00157077,-0.456464,0.718462,-0.00157072,-0.196368,0.676332,-0.381645,-0.928577,-0.659969,-0.445546,-1.07326,-0.351543,-0.1765,-0.421668,0.718462,-0.454291,-1.09231,0.0948116,-0.1765,-0.421668,0.718462,-0.703857,-0.712579,-0.671217,-0.82193,-0.821378,-0.35693,-0.598816,-0.596597,0.670224,-0.324798,-0.322579,0.718462,-0.781909,-0.77969,0.419863,-0.493809,-0.500175,-0.812866,-0.324798,-0.324194,-0.884478,-0.324798,-0.324194,-0.884478,0.109524,-0.110447,0.862613,-0.423887,-0.17473,-0.884478,-0.64471,-0.273232,-0.812866,-1.02113,-0.421668,0.419863,-0.781909,-0.322578,0.670224,-0.838088,-0.835869,0.0948116,-0.423887,-0.17473,-0.884478,-0.324798,-0.322579,0.718462,-1.07342,-0.444504,-0.358182,-0.919152,-0.389733,-0.677053,-0.423887,-0.174281,0.718462,-1.16173,-9.11094e-05,-0.358385,-0.994753,-0.00914285,-0.677476,-0.846203,0.00064846,0.670224,-0.458682,0.000648353,0.718462,-1.10514,0.000648602,0.419863,-0.6977,-0.00590251,-0.812866,-0.458682,0.0014856,-0.884478,-1.09453,-0.452071,0.0948116,-0.458682,0.0014856,-0.884478,-0.6977,-0.00590251,-0.812866,-0.64471,0.261419,-0.812866,-0.458682,0.0014856,-0.884478,-0.423887,0.177961,-0.884478,-1.18458,0.000648567,0.0948116,-0.423887,0.177961,-0.884478,-0.458682,0.000648353,0.718462,-1.07342,0.444216,-0.35904,-0.919151,0.37137,-0.675039,-1.16173,-9.11094e-05,-0.358385,-0.994753,-0.00914285,-0.677476,-0.781909,0.323875,0.670224,-0.458682,0.000648353,0.718462,-0.423887,0.175577,0.718462,-0.846203,0.00064846,0.670224,-1.10514,0.000648602,0.419863,-1.02113,0.422965,0.419863,-0.598815,0.597893,0.670225,-0.324797,0.323875,0.718462,-0.703856,0.693867,-0.670764,-0.821929,0.820791,-0.359724,-0.781909,0.780987,0.419863,-0.493808,0.487949,-0.812866,-0.324797,0.327504,-0.884478,-1.18458,0.000648567,0.0948116,-1.09453,0.453368,0.0948116,-0.324797,0.327504,-0.884478,-0.423887,0.175577,0.718462,-0.838088,0.837166,0.0948116,-0.176499,0.425812,-0.884478,-0.324797,0.323875,0.718462,-0.445545,1.07228,-0.35962,-0.381644,0.908924,-0.66064,-0.1765,0.422964,0.718462,-0.324797,0.780986,0.670225,-0.423886,1.02021,0.419863,-0.267968,0.638002,-0.812866,-0.176499,0.425812,-0.884478,-0.00157045,0.45776,0.718462,-0.00157064,0.460334,-0.884478,-0.45429,1.09361,0.0948116,-0.00157064,0.460334,-0.884478,0.182391,-0.0140295,1.13726,0.140666,-0.117636,1.13689,-0.1765,0.422964,0.718462,0.173359,0.422965,0.718462,-0.0607963,-0.121804,1.18149,-0.102521,-0.0199235,1.20033,0.140666,-0.117636,1.13689,0.0399351,0.128325,1.18237,0.276229,-0.0521901,1.28143,0.192865,0.045353,1.41499,-0.0607962,0.083683,1.20069,0.112603,-0.17595,1.40252,0.276229,-0.0521901,1.28143,0.192865,0.045353,1.41499,0.240922,-0.14676,1.27743,0.112603,-0.000832776,1.44597,0.240922,-0.14676,1.27743,0.112603,-0.17595,1.40252,0.0793577,-0.0924996,1.44081,0.240922,-0.14676,1.27743]},"normal":{"type":"float32","components":3,