{"model":{"version":3,"nodes":[{"name":"RootNode","position":[0,0,0],"rotation":[0,0,0],"scale":[0.01,0.01,0.01],"scaleCompensation":false},{"name":"Cube.001","position":[0,0,0],"rotation":[0,0,0],"scale":[1,1,13.357],"scaleCompensation":false}],"parents":[-1,0],"skins":[],"morphs":[],"vertices":[{"position":{"type":"float32","components":3,"data":[-244.099,367.182,0.580222,-281.022,283.086,-0.580219,-281.022,283.086,0.580222,-244.099,367.182,-0.580219,398.305,23.6069,-0.58022,353.319,120.141,-0.58022,387.217,127.14,-0.58022,308.408,358.05,0.580223,239.495,421.046,-0.580218,239.495,421.046,0.580223,308.408,358.05,-0.580218,-341.792,42.2062,0.580221,27.5785,96.2813,0.580221,-281.022,283.086,0.580222,398.305,23.6069,0.580221,-341.792,42.2062,0.580221,-341.792,42.2062,-0.58022,398.305,23.6069,-0.58022,-192.114,417.789,0.580223,-244.099,367.182,-0.580219,-244.099,367.182,0.580222,-192.114,417.789,-0.580218,-6.47467,459.987,0.580223,122.472,453.035,0.580223,122.472,453.035,-0.580218,-6.47467,459.987,-0.580218,-6.47467,459.987,0.580223,-84.6891,454.686,-0.580218,-84.6891,454.686,0.580223,-6.47467,459.987,-0.580218,-84.6891,454.686,0.580223,-192.114,417.789,-0.580218,-192.114,417.789,0.580223,-84.6891,454.686,-0.580218,122.472,453.035,0.580223,239.495,421.046,0.580223,239.495,421.046,-0.580218,122.472,453.035,-0.580218,398.305,23.6069,0.580221,387.217,127.14,-0.58022,387.217,127.14,0.580221,398.305,23.6069,-0.58022,387.217,127.14,0.580221,360.033,248.556,-0.580219,360.033,248.556,0.580222,387.217,127.14,-0.58022,360.033,248.556,0.580222,308.408,358.05,-0.580218,308.408,358.05,0.580223,360.033,248.556,-0.580219,-341.792,42.2062,0.580221,-281.022,283.086,0.580222,-281.022,283.086,-0.580219,-341.792,42.2062,-0.58022,27.5785,96.2813,0.580221,147.108,95.4481,-0.58022,27.5785,96.2813,-0.58022,147.108,95.4481,0.580221,83.5086,342.808,0.580223,126.795,385.719,-0.580218,126.795,385.719,0.580223,83.5086,342.808,-0.580219,83.5086,342.808,0.580223,45.2656,265.097,-0.580219,83.5086,342.808,-0.580219,45.2656,265.097,0.580222,147.108,95.4481,0.580221,245.054,101.779,-0.58022,147.108,95.4481,-0.58022,245.054,101.779,0.580221,245.054,101.779,0.580221,353.319,120.141,-0.58022,245.054,101.779,-0.58022,353.319,120.141,0.580221,320.66,279.999,0.580222,300.26,324.338,-0.580218,320.66,279.999,-0.580219,300.26,324.338,0.580222,-281.022,283.086,-0.580219,45.2656,265.097,-0.580219,27.5785,96.2813,-0.58022,353.319,120.141,0.580221,343.861,199.456,-0.580219,353.319,120.141,-0.58022,343.861,199.456,0.580222,126.795,385.719,0.580223,169.185,404.648,-0.580218,169.185,404.648,0.580223,126.795,385.719,-0.580218,169.185,404.648,0.580223,202.422,403.554,-0.580218,202.422,403.554,0.580223,169.185,404.648,-0.580218,300.26,324.338,0.580222,272.018,362.639,-0.580218,300.26,324.338,-0.580218,272.018,362.639,0.580223,-281.022,283.086,0.580222,27.5785,96.2813,0.580221,45.2656,265.097,0.580222,27.5785,96.2813,-0.58022,45.2656,265.097,-0.580219,27.5785,96.2813,0.580221,45.2656,265.097,0.580222,236.14,392.156,0.580223,202.422,403.554,-0.580218,236.14,392.156,-0.580218,202.422,403.554,0.580223,272.018,362.639,0.580223,236.14,392.156,-0.580218,272.018,362.639,-0.580218,236.14,392.156,0.580223,343.861,199.456,0.580222,320.66,279.999,-0.580219,343.861,199.456,-0.580219,320.66,279.999,0.580222,-281.022,283.086,0.580222,45.2656,265.097,0.580222,-244.099,367.182,0.580222,83.5086,342.808,0.580223,-244.099,367.182,0.580222,83.5086,342.808,0.580223,-192.114,417.789,0.580223,126.795,385.719,0.580223,-192.114,417.789,0.580223,126.795,385.719,0.580223,-84.6891,454.686,0.580223,169.185,404.648,0.580223,-6.47467,459.987,0.580223,-84.6891,454.686,0.580223,169.185,404.648,0.580223,202.422,403.554,0.580223,122.472,453.035,0.580223,169.185,404.648,0.580223,-6.47467,459.987,0.580223,122.472,453.035,0.580223,202.422,403.554,0.580223,239.495,421.046,0.580223,236.14,392.156,0.580223,239.495,421.046,0.580223,272.018,362.639,0.580223,308.408,358.05,0.580223,236.14,392.156,0.580223,308.408,358.05,0.580223,272.018,362.639,0.580223,300.26,324.338,0.580222,308.408,358.05,0.580223,320.66,279.999,0.580222,360.033,248.556,0.580222,300.26,324.338,0.580222,360.033,248.556,0.580222,320.66,279.999,0.580222,343.861,199.456,0.580222,387.217,127.14,0.580221,360.033,248.556,0.580222,343.861,199.456,0.580222,353.319,120.141,0.580221,387.217,127.14,0.580221,343.861,199.456,0.580222,398.305,23.6069,0.580221,387.217,127.14,0.580221,353.319,120.141,0.580221,398.305,23.6069,0.580221,27.5785,96.2813,0.580221,-341.792,42.2062,0.580221,147.108,95.4481,0.580221,147.108,95.4481,0.580221,398.305,23.6069,0.580221,245.054,101.779,0.580221,245.054,101.779,0.580221,398.305,23.6069,0.580221,353.319,120.141,0.580221,398.305,23.6069,-0.58022,245.054,101.779,-0.58022,353.319,120.141,-0.58022,-341.792,42.2062,-0.58022,-281.022,283.086,-0.580219,27.5785,96.2813,-0.58022,398.305,23.6069,-0.58022,-341.792,42.2062,-0.58022,147.108,95.4481,-0.58022,245.054,101.779,-0.58022,147.108,95.4481,-0.58022,-341.792,42.2062,-0.58022,27.5785,96.2813,-0.58022,45.2656,265.097,-0.580219,-281.022,283.086,-0.580219,-244.099,367.182,-0.580219,83.5086,342.808,-0.580219,83.5086,342.808,-0.580219,-244.099,367.182,-0.580219,-192.114,417.789,-0.580218,126.795,385.719,-0.580218,126.795,385.719,-0.580218,-192.114,417.789,-0.580218,-84.6891,454.686,-0.580218,169.185,404.648,-0.580218,-6.47467,459.987,-0.580218,169.185,404.648,-0.580218,-84.6891,454.686,-0.580218,202.422,403.554,-0.580218,239.495,421.046,-0.580218,236.14,392.156,-0.580218,122.472,453.035,-0.580218,169.185,404.648,-0.580218,-6.47467,459.987,-0.580218,122.472,453.035,-0.580218,202.422,403.554,-0.580218,272.018,362.639,-0.580218,239.495,421.046,-0.580218,308.408,358.05,-0.580218,236.14,392.156,-0.580218,308.408,358.05,-0.580218,300.26,324.338,-0.580218,272.018,362.639,-0.580218,320.66,279.999,-0.580219,308.408,358.05,-0.580218,360.033,248.556,-0.580219,300.26,324.338,-0.580218,387.217,127.14,-0.58022,353.319,120.141,-0.58022,343.861,199.456,-0.580219,343.861,199.456,-0.580219,320.66,279.999,-0.580219,360.033,248.556,-0.580219,387.217,127.14,-0.58022]},"normal":{"type":"float32","components":3,