{"model":{"version":3,"nodes":[{"name":"RootNode","position":[0,0,0],"rotation":[0,0,0],"scale":[0.01,0.01,0.01],"scaleCompensation":false},{"name":"popcorn","position":[0,0,0],"rotation":[-90,0,0],"scale":[100,100,100],"scaleCompensation":false}],"parents":[-1,0],"skins":[],"morphs":[],"vertices":[{"position":{"type":"float32","components":3,"data":[-1.13662,1.16859,1.11016,-0.559886,0.0694815,2.14541,-0.212017,1.15719,1.74912,-1.365,0.124958,1.52444,0.31589,0.473477,-1.21267,-0.441446,0.703523,-0.680515,-0.320698,-0.117832,-1.20813,-0.168387,1.00418,-0.576835,-1.7683,1.15464,-0.590883,-1.06698,1.39232,-1.40218,-1.72262,0.893992,-1.32461,-1.01685,2.05144,-0.418623,0.175737,0.814505,-2.12914,1.16546,1.3033,-1.41989,0.952231,0.84866,-1.87759,0.0309019,1.73095,-1.48522,1.18457,-0.782862,-0.183969,0.458294,0.0845149,-0.142572,1.07345,-0.588276,-0.767272,1.26035,1.68188,0.703122,0.111139,2.24809,-0.350604,0.0829217,1.88784,0.926948,1.32487,1.64008,-0.383358,-0.798094,-1.18532,2.13332,-1.63791,-1.23973,1.11314,-1.10281,-1.64072,1.11493,-0.664223,-1.7252,1.62355,-0.664223,-1.7252,1.62355,-0.034817,-0.230416,1.06739,0.185482,-1.71058,1.78354,0.829492,-0.0557393,0.869971,-0.935808,-0.681872,0.524526,-1.63791,-1.23973,1.11314,-1.32691,0.534973,0.680774,-1.10281,-1.64072,1.11493,0.809034,1.00475,1.81234,0.281462,-0.231399,2.05625,1.17334,0.209005,1.96222,1.64867,-1.06455,1.33095,1.10646,-1.27052,1.79708,1.55305,-0.734115,1.09645,1.36969,-1.42539,1.83739,0.185482,-1.71058,1.78354,1.10646,-1.27052,1.79708,0.223617,-1.30843,1.90145,1.09998,-0.882093,1.98205,1.26035,1.68188,0.703122,1.61445,0.625456,1.42443,1.46915,0.621124,0.719313,1.77757,-0.0214058,1.18423,1.57551,-0.190035,1.82461,1.51963,-1.26065,1.97976,1.87727,-0.778973,1.58314,1.74587,0.169396,1.63824,1.36969,-1.42539,1.83739,1.61445,0.625456,1.42443,1.87727,-0.778973,1.58314,1.74587,0.169396,1.63824,-2.35596,-0.750304,-0.613277,-2.22945,-0.717416,-0.93267,-1.17309,-1.00429,0.180617,-1.19406,-1.01509,-0.590883,-0.893683,-0.721521,-0.382354,-0.935808,-0.681872,0.524526,-0.704395,-0.60265,-0.970808,-1.48384,0.0789222,-1.57231,-0.963192,0.510903,-1.3444,-1.06755,-0.982197,-1.38814,-1.89716,0.885976,0.374329,-1.74645,-0.166102,0.472331,-0.957285,1.90952,0.796415,-2.22945,-0.717416,-0.134603,-2.12259,-1.11349,-0.667748,-1.93806,-1.06552,0.0304528,-1.93806,-1.06552,-1.13362,-1.58311,-1.33037,-0.93267,-1.93806,-1.06552,0.0304528,-2.22945,-0.717416,-0.134603,-1.55315,-1.37973,-0.0994957,-1.70962,-1.36326,-0.613277,0.56021,0.215466,-1.52795,0.054364,-0.567878,-1.55275,0.250541,-0.0823515,-1.96276,0.746297,0.341176,-1.69915,-0.333501,-0.807842,-1.56537,0.054364,-0.567878,-1.55275,-0.704395,-0.60265,-0.970808,-1.06698,1.39232,-1.40218,-0.59062,0.917513,-2.10307,-0.599238,-0.242807,-1.97526,0.746297,0.341176,-1.69915,0.31589,0.473477,-1.21267,0.56021,0.215466,-1.52795,0.859627,0.845737,-1.34592,-0.591531,0.423908,0.0990274,-0.24564,0.569092,-0.328445,-0.238685,0.552765,0.304263,-0.753817,0.41337,-0.18759,0.024434,0.557024,0.108787,0.0736865,0.842918,-0.188662,-0.69456,0.474028,-0.507171,1.61327,-0.586005,0.269739,1.55469,-0.766867,-0.393611,1.81869,-0.426242,0.251853,1.18457,-0.782862,-0.183969,2.05311,-0.118389,0.0811686,1.8684,0.987721,-0.667598,1.81244,0.965554,0.257972,1.83864,-0.427956,-0.617083,1.64783,-0.510859,-1.13342,1.36064,-0.549568,-0.950348,1.56235,0.580029,-1.41083,1.81869,-0.426242,0.251853,0.829492,-0.0557393,0.869971,1.61327,-0.586005,0.269739,1.56235,0.580029,-1.41083,1.64783,-0.510859,-1.13342,1.07345,-0.588276,-0.767272,1.36064,-0.549568,-0.950348,-1.58311,-1.33037,-0.93267,-1.06755,-0.982197,-1.38814,-1.93806,-1.06552,-1.13362,-1.89716,0.885976,0.374329,1.61327,-0.586005,0.269739,-0.957285,1.90952,0.796415,0.56021,0.215466,-1.52795,-0.599238,-0.242807,-1.97526,-0.333501,-0.807842,-1.56537,-1.10281,-1.64072,1.11493,-0.59062,0.917513,-2.10307,-1.70962,-1.36326,-0.613277,-1.58311,-1.33037,-0.93267,1.81244,0.965554,0.257972,1.07345,-0.588276,-0.767272,0.952231,0.84866,-1.87759,1.16546,1.3033,-1.41989,-0.333501,-0.807842,-1.56537,-1.55315,-1.37973,-0.0994957,-1.17309,-1.00429,0.180617,-2.22945,-0.717416,-0.93267,-1.72262,0.893992,-1.32461,-1.55315,-1.37973,-0.0994957,1.55305,-0.734115,1.09645,1.64867,-1.06455,1.33095,1.64867,-1.06455,1.33095,-1.13662,1.16859,1.11016,2.05311,-0.118389,0.0811686,-1.365,0.124958,1.52444]},"normal":{"type":"float32","components":3,