{
  "resources": [
    "ui.mp3"
  ],
  "spritemap": {
    "silence": {
      "start": 0,
      "end": 1,
      "loop": true
    },
    "continue": {
      "start": 1.5,
      "end": 2.5453514739229024,
      "loop": false
    },
    "creatures_prompt_click": {
      "start": 4,
      "end": 8.213356009070296,
      "loop": false
    },
    "creatures_prompt_tap": {
      "start": 9.5,
      "end": 13.93201814058957,
      "loop": false
    },
    "discovered": {
      "start": 15,
      "end": 17.11201814058957,
      "loop": false
    },
    "erase_confirm": {
      "start": 18.5,
      "end": 20.78267573696145,
      "loop": false
    },
    "erase": {
      "start": 22,
      "end": 23.610657596371883,
      "loop": false
    },
    "lets_play": {
      "start": 24.5,
      "end": 25.60936507936508,
      "loop": false
    },
    "my_animal_collection": {
      "start": 27,
      "end": 28.818662131519275,
      "loop": false
    },
    "my_animals": {
      "start": 29.5,
      "end": 30.993356009070293,
      "loop": false
    },
    "my_creatures_notification_click": {
      "start": 32,
      "end": 34.82666666666667,
      "loop": false
    },
    "my_creatures_notification_tap": {
      "start": 35.5,
      "end": 38.473356009070294,
      "loop": false
    },
    "my_creatures_notification": {
      "start": 39,
      "end": 41.973356009070294,
      "loop": false
    },
    "my_creatures": {
      "start": 42.5,
      "end": 44.601360544217684,
      "loop": false
    },
    "play": {
      "start": 46,
      "end": 46.94936507936508,
      "loop": false
    },
    "title": {
      "start": 47.5,
      "end": 49.004013605442175,
      "loop": false
    }
  },
  "autoplay": "silence"
}