{
  "resources": [
    "onboarding_03.mp3"
  ],
  "spritemap": {
    "ob_03_elinor_001": {
      "start": 0,
      "end": 3.434671201814059,
      "loop": false
    },
    "ob_03_elinor_002": {
      "start": 5,
      "end": 9.778707482993198,
      "loop": false
    },
    "ob_03_elinor_003": {
      "start": 11,
      "end": 13.691882086167801,
      "loop": false
    },
    "ob_03_elinor_003b": {
      "start": 15,
      "end": 18.498684807256236,
      "loop": false
    },
    "ob_03_elinor_004": {
      "start": 20,
      "end": 22.282698412698412,
      "loop": false
    },
    "ob_03_elinor_005": {
      "start": 24,
      "end": 25.64265306122449,
      "loop": false
    },
    "ob_03_elinor_006a": {
      "start": 27,
      "end": 32.50403628117914,
      "loop": false
    },
    "ob_03_elinor_006b": {
      "start": 34,
      "end": 37.9312925170068,
      "loop": false
    },
    "ob_03_elinor_007": {
      "start": 39,
      "end": 44.16269841269841,
      "loop": false
    },
    "ob_03_elinor_008": {
      "start": 46,
      "end": 49.24265306122449,
      "loop": false
    },
    "ob_03_elinor_009": {
      "start": 51,
      "end": 52.60002267573696,
      "loop": false
    },
    "ob_03_elinor_010": {
      "start": 54,
      "end": 58.07469387755102,
      "loop": false
    },
    "ob_03_elinor_011": {
      "start": 60,
      "end": 68.78931972789115,
      "loop": false
    }
  }
}