{"model":{"version":3,"nodes":[{"name":"RootNode","position":[0,0,0],"rotation":[0,0,0],"scale":[0.01,0.01,0.01],"scaleCompensation":false},{"name":"Cube","position":[0,0,0],"rotation":[-90,0,0],"scale":[100,7.75005,100],"scaleCompensation":false}],"parents":[-1,0],"skins":[],"morphs":[],"vertices":[{"position":{"type":"float32","components":3,"data":[-0.128644,0.999999,0.822904,-0.150947,-1,0,-0.128644,-1,0.822904,-0.150947,1,0,0.154164,0.999999,0.73607,-0.150947,1,0,-0.128644,0.999999,0.822904,0.189541,1,0,0.154164,0.999999,0.73607,0.189541,-1,0,0.189541,1,0,0.154164,-1,0.73607,0.154164,-1,0.73607,-0.150947,-1,0,0.189541,-1,0,-0.128644,-1,0.822904,-0.150947,-1,0,-0.150947,1,0,0.189541,-1,0,0.189541,1,0,0.154164,-1,0.73607,1.8812,-1,0.28064,0.19797,-1,0.87874,1.92501,-1,0.423311,-0.0848378,0.999999,0.965575,0.19797,-1,0.87874,0.19797,0.999999,0.87874,-0.0848378,-1,0.965575,-1.89042,-1,1.2955,-0.128644,0.999999,0.822904,-0.128644,-1,0.822904,-1.89042,1,1.2955,-0.128644,-1,0.822904,0.19797,-1,0.87874,-0.0848378,-1,0.965575,0.154164,-1,0.73607,0.19797,0.999999,0.87874,-0.128644,0.999999,0.822904,-0.0848378,0.999999,0.965575,0.154164,0.999999,0.73607,1.92501,0.999999,0.423311,1.92501,-1,0.423311,1.8812,-1,0.28064,1.8812,0.999999,0.28064,1.8812,0.999999,0.28064,0.19797,0.999999,0.87874,1.92501,0.999999,0.423311,0.154164,0.999999,0.73607,1.92501,0.999999,0.423311,0.19797,-1,0.87874,1.92501,-1,0.423311,0.19797,0.999999,0.87874,1.8812,-1,0.28064,0.154164,-1,0.73607,1.8812,0.999999,0.28064,0.154164,0.999999,0.73607,-1.84661,-1,1.43817,-1.84661,1,1.43817,-1.89042,1,1.2955,-1.89042,-1,1.2955,-1.84661,-1,1.43817,-0.128644,-1,0.822904,-0.0848378,-1,0.965575,-1.89042,-1,1.2955,-0.0848378,0.999999,0.965575,-1.84661,-1,1.43817,-0.0848378,-1,0.965575,-1.84661,1,1.43817,-0.128644,0.999999,0.822904,-1.84661,1,1.43817,-0.0848378,0.999999,0.965575,-1.89042,1,1.2955]},"normal":{"type":"float32","components":3,"data":[-0.999633,0,0.027093,-0.999633,0,0.027093,-0.999633,0,0.027093,-0.999633,0,0.027093,-8.48255e-08,1,7.67652e-07,-8.48255e-08,1,7.67652e-07,-8.48255e-08,1,7.67652e-07,-8.48255e-08,1,7.67652e-07,0.998847,0,0.0480069,0.998847,0,0.0480069,0.998847,0,0.0480069,0.998847,0,0.0480069,2.76306e-07,-1,-8.29064e-07,2.76306e-07,-1,-8.29064e-07,2.76306e-07,-1,-8.29064e-07,2.76306e-07,-1,-8.29064e-07,0,0,-1,0,0,-1,0,0,-1,0,0,-1,0,-1,8.3919e-08,0,-1,8.3919e-08,0,-1,8.3919e-08,0,-1,8.3919e-08,0.293521,0,0.955953,0.293521,0,0.955953,0.293521,0,0.955953,0.293521,0,0.955953,-0.259088,0,-0.965854,-0.259088,0,-0.965854,-0.259088,0,-0.965854,-0.259088,0,-0.965854,7.70409e-07,-1,0,7.70409e-07,-1,0,7.70409e-07,-1,0,7.70409e-07,-1,0,-3.85204e-07,1,0,-3.85204e-07,1,0,-3.85204e-07,1,0,-3.85204e-07,1,0,0.955953,0,-0.293521,0.955953,0,-0.293521,0.955953,0,-0.293521,0.955953,0,-0.293521,3.19275e-08,1,3.49663e-07,3.19275e-08,1,3.49663e-07,3.19275e-08,1,3.49663e-07,3.19275e-08,1,3.49663e-07,0.254989,0,0.966944,0.254989,0,0.966944,0.254989,0,0.966944,0.254989,0,0.966944,-0.254989,0,-0.966944,-0.254989,0,-0.966944,-0.254989,0,-0.966944,-0.254989,0,-0.966944,-0.955953,0,0.293521,-0.955953,0,0.293521,-0.955953,0,0.293521,-0.955953,0,0.293521,-6.25153e-08,-1,-9.58514e-08,-6.25153e-08,-1,-9.58514e-08,-6.25153e-08,-1,-9.58514e-08,-6.25153e-08,-1,-9.58514e-08,0.259088,0,0.965854,0.259088,0,0.965854,0.259088,0,0.965854,0.259088,0,0.965854,9.3773e-08,1,-3.5602e-07,9.3773e-08,1,-3.5602e-07,9.3773e-08,1,-3.5602e-07,9.3773e-08,1,-3.5602e-07]},"texCoord0":{"type":"float32","components":2,"data":[0.625,0.25,0.375,0,0.625,0,0.375,0.25,0.625,0.5,0.375,0.25,0.625,0.25,0.375,0.5,0.625,0.5,0.375,0.75,0.375,0.5,0.625,0.75,0.625,0.75,0.375,1,0.375,0.75,0.625,1,0.125,0.75,0.125,0.5,0.375,0.75,0.375,0.5,0.625,0.75,0.625,0.75,0.625,0.75,0.625,0.75,0.875,0.5,0.625,0.75,0.625,0.5,0.875,0.75,0.625,0,0.625,0.25,0.625,0,0.625,0.25,0.625,1,0.625,0.75,0.625,1,0.625,0.75,0.625,0.5,0.625,0.25,0.625,0.25,0.625,0.5,0.625,0.5,0.625,0.75,0.625,0.75,0.625,0.5,0.625,0.5,0.625,0.5,0.625,0.5,0.625,0.5,0.625,0.5,0.625,0.75,0.625,0.75,0.625,0.5,0.625,0.75,0.625,0.75,0.625,0.5,0.625,0.5,0.625,0,0.625,0.25,0.625,0.25,0.625,0,0.625,1,0.625,1,0.625,1,0.625,1,0.875,0.5,0.875,0.75,0.875,0.75,0.875,0.5,0.625,0.25,0.625,0.25,0.625,0.25,0.625,0.25]}}],"meshes":[{"aabb":{"min":[-1.89042,-1,0],"max":[1.92501,1,1.43817]},"vertices":0,"indices":[0,1,2,1,0,3,4,5,6,5,4,7,8,9,10,9,8,11,12,13,14,13,12,15,16,17,18,18,17,19,20,21,22,23,22,21,24,25,26,25,24,27,28,29,30,29,28,31,32,33,34,33,32,35,36,37,38,37,36,39,40,41,42,40,42,43,44,45,46,45,44,47,48,49,50,49,48,51,52,53,54,53,55,54,56,57,58,56,58,59,60,61,62,61,60,63,64,65,66,65,64,67,68,69,70,69,68,71],"type":"triangles","base":0,"count":108}],"meshInstances":[{"node":1,"mesh":0}]}}