{"model":{"version":2,"nodes":[{"name":"RootNode","position":[0,0,0],"rotation":[0,0,0],"scale":[1,1,1]},{"name":"group7","position":[-9.59233e-14,-4.61853e-14,1.73642e-20],"rotation":[0,0,0],"scale":[0.01,0.01,0.01]},{"name":"spotlightRed","position":[0,0,0],"rotation":[0,0,0],"scale":[1,1,1]}],"parents":[-1,0,1],"skins":[],"vertices":[{"position":{"type":"float32","components":3,"data":[-363.268,12099.8,-352.098,-509.274,12097.5,-0.00158501,-11.6793,12105.4,-0.000391006,485.594,12113.3,-0.00185585,340.209,12111,-351.474,-11.2102,12105.4,-497.496,-363.267,12099.8,352.098,340.209,12111,351.473,-11.21,12105.4,497.496,-12.1743,367.903,221.893,-11.21,12105.4,497.496,-363.267,12099.8,352.098,-169.197,365.419,157.042,-509.274,12097.5,-0.00158501,-234.32,364.389,-0.000840485,144.568,370.383,156.762,485.594,12113.3,-0.00185585,340.209,12111,351.473,209.411,371.408,-0.00083971,144.568,370.383,156.762,340.209,12111,351.473,-169.197,365.419,-157.043,-363.268,12099.8,-352.098,144.568,370.383,-156.763,340.209,12111,-351.474,-11.2102,12105.4,-497.496,-12.1743,367.903,-221.894]},"normal":{"type":"float32","components":3,"data":[-0.704744,-0.00139495,-0.70946,-0.999999,-0.00140463,1.10732e-06,-0.0158229,0.999875,1.44753e-06,0.999999,-0.00133523,5.38737e-08,0.70955,-0.00134577,-0.704653,0.00480161,-0.00137037,-0.999988,-0.704746,-0.00139491,0.709458,0.709553,-0.00134577,0.704651,0.00480175,-0.00137038,0.999988,-0.00258363,-0.0234738,0.999721,0.00480175,-0.00137038,0.999988,-0.704746,-0.00139491,0.709458,-0.708255,-0.0234417,0.705568,-0.999999,-0.00140463,1.10732e-06,-0.999726,-0.0234276,1.12988e-06,0.705677,-0.0235034,0.708144,0.999999,-0.00133523,5.38737e-08,0.709553,-0.00134577,0.704651,0.999723,-0.0235147,5.28191e-08,0.705677,-0.0235034,0.708144,0.709553,-0.00134577,0.704651,-0.708253,-0.0234418,-0.70557,-0.704744,-0.00139495,-0.70946,0.705674,-0.0235034,-0.708146,0.70955,-0.00134577,-0.704653,0.00480161,-0.00137037,-0.999988,-0.00258373,-0.0234738,-0.999721]},"texCoord0":{"type":"float32","components":2,"data":[0.923859,0.40306,0.769467,0.467092,0.769466,0.248872,0.769467,0.0307934,0.923585,0.0945515,0.987615,0.248666,0.615073,0.40306,0.615347,0.0945515,0.551317,0.248666,0.427449,0.030118,0.664473,0.948406,0.573224,0.968806,0.395815,0.0371971,0.480785,0.983312,0.36377,0.0422317,0.202582,0.036239,0.10788,0.981514,0.0157993,0.966093,0.2345,0.0415929,0.458532,0.021026,0.754144,0.922204,0.331467,0.0451975,0.387595,0.991867,0.266698,0.0448772,0.200754,0.990959,0.294116,0.994414,0.299062,0.0460805]}}],"meshes":[{"aabb":{"min":[-509.274,364.389,-497.496],"max":[485.594,12113.3,497.496]},"vertices":0,"indices":[0,1,2,3,4,2,4,5,2,5,0,2,6,2,1,3,2,7,8,2,6,7,2,8,9,10,11,11,12,9,13,12,11,12,13,14,15,16,17,16,15,18,10,19,20,19,10,9,13,21,14,21,13,22,23,16,18,16,23,24,25,23,26,23,25,24,21,22,26,26,22,25],"type":"triangles","base":0,"count":72}],"meshInstances":[{"node":2,"mesh":0}]}}