{"model":{"version":3,"nodes":[{"name":"RootNode","position":[0,0,0],"rotation":[0,0,0],"scale":[0.01,0.01,0.01],"scaleCompensation":false},{"name":"donuts","position":[0,0,0],"rotation":[-90,0,0],"scale":[100,100,100],"scaleCompensation":false}],"parents":[-1,0],"skins":[],"morphs":[],"vertices":[{"position":{"type":"float32","components":3,"data":[0.411045,-0.711951,0.428968,0.597168,-1.03432,0.344006,0.844523,-0.844523,0.344006,0.453428,-0.261787,-0.244918,0.411045,-0.711951,-0.365641,0.261787,-0.453428,-0.244918,0.711952,-0.411045,-0.365641,0.711952,-0.411045,0.428968,0.453428,-0.261787,0.190909,0.261787,-0.453428,0.190909,1.03432,-0.597168,0.344006,0.68,-1.17779,0,0.961665,-0.961665,0,1.36,-3.57628e-07,0,1.31366,-0.351994,0,1.23365,-0.330555,-0.235331,1.27717,-2.98023e-07,-0.235331,1.15364,-0.309117,0.344006,1.36,-3.57628e-07,0,1.19434,-2.38419e-07,0.344006,1.31366,-0.351994,0,0.822091,-1.19209e-07,0.428968,1.03432,-0.597168,-0.322555,1.15364,-0.309117,-0.322555,1.19434,-2.38419e-07,-0.322555,0.822091,-1.19209e-07,-0.365641,0,0.822091,-0.365641,0.309117,1.15364,-0.322555,0.411045,0.711951,-0.365641,0,1.19434,-0.322555,0.597168,1.03432,-0.322555,0,0.822091,0.428968,0.411045,0.711951,0.428968,0.309117,1.15364,0.344006,0,1.36,0,0,1.19434,0.344006,0.351994,1.31366,0,0,1.36,0,0.351994,1.31366,0,0.330555,1.23365,-0.235331,0,1.27717,-0.235331,1.03433,0.597168,0.344006,1.17779,0.68,0,0.844523,0.844523,0.344006,0.961665,0.961665,0,0.597168,1.03432,0.344006,0.261787,0.453428,0.190909,0.453428,0.261787,0.190909,0.711951,0.411045,0.428968,0.453428,-0.261787,0.190909,0.261787,-0.453428,-0.244918,0.261787,-0.453428,0.190909,0.453428,-0.261787,-0.244918,0.711951,0.411045,-0.365641,0.261787,0.453428,-0.244918,0.453428,0.261787,-0.244918,1.17779,0.68,0,0.903094,0.903094,-0.235331,0.961665,0.961665,0,1.10606,0.638584,-0.235331,0.68,1.17779,0,0.638584,1.10606,-0.235331,0.68,1.17779,0,1.03433,0.597168,-0.322555,0.844523,0.844523,-0.322555,1.15364,0.309117,-0.322555,1.15364,0.309117,0.344006,-1.03432,0.597168,0.344006,-1.31366,0.351994,0,-1.15364,0.309117,0.344006,-1.17779,0.68,0,-0.822091,0,0.428968,-1.19434,0,0.344006,-0.523574,0,0.190909,-0.453428,0.261787,0.190909,-0.711951,0.411045,0.428968,0.261787,0.453428,0.190909,0.453428,0.261787,-0.244918,0.453428,0.261787,0.190909,0.261787,0.453428,-0.244918,-0.711951,0.411045,-0.365641,-0.523574,4.57723e-08,-0.244918,-0.822091,0,-0.365641,-0.453428,0.261787,-0.244918,-1.31366,0.351994,0,-1.17779,0.68,0,-1.10606,0.638584,-0.235331,-1.23365,0.330555,-0.235331,1.31366,0.351994,0,1.31366,0.351994,0,1.23365,0.330555,-0.235331,0.523574,-1.19209e-07,-0.244918,-0.523574,0,0.190909,-0.453428,0.261787,-0.244918,-0.453428,0.261787,0.190909,-0.523574,4.57723e-08,-0.244918,0.523574,-1.19209e-07,0.190909,0,0.523574,-0.244918,0.523574,-1.19209e-07,0.190909,0.523574,-1.19209e-07,-0.244918,0,0.523574,0.190909,-0.309117,1.15364,0.344006,-0.351994,1.31366,0,-0.411045,0.711951,0.428968,-0.597168,1.03433,0.344006,-0.261787,0.453428,0.190909,0,0.523574,0.190909,0,0.523574,-0.244918,-0.261787,0.453428,-0.244918,-0.411045,0.711951,-0.365641,-0.330555,1.23365,-0.235331,-0.351994,1.31366,0,-0.638584,1.10606,-0.235331,-0.68,1.17779,0,-0.68,1.17779,0,-0.309117,1.15364,-0.322555,-0.597168,1.03433,-0.322555,-0.844523,0.844523,-0.322555,-1.03432,0.597168,-0.322555,-0.844523,0.844523,0.344006,-0.961665,0.961665,0,-0.961665,0.961665,0,-0.903094,0.903094,-0.235331,-0.261787,0.453428,0.190909,-0.261787,0.453428,-0.244918,0,0.523574,0.190909,0,0.523574,-0.244918,-1.36,1.18895e-07,0,-1.27717,5.94475e-08,-0.235331,-1.36,1.18895e-07,0,-1.15364,0.309117,-0.322555,-1.19434,0,-0.322555,0.68,-1.17779,0,0.903094,-0.903094,-0.235331,0.961665,-0.961665,0,0.638584,-1.10606,-0.235331,1.17779,-0.68,0,1.10606,-0.638584,-0.235331,1.17779,-0.68,0,0.597168,-1.03432,-0.322555,0.844523,-0.844523,-0.322555,0.309117,-1.15364,-0.322555,-5.96046e-08,-0.822091,-0.365641,-1.19209e-07,-1.19434,-0.322555,-5.96046e-08,-0.822091,0.428968,0.309117,-1.15364,0.344006,0.351994,-1.31366,0,0.351994,-1.31366,0,0.330555,-1.23365,-0.235331,-2.38419e-07,-1.36,0,-1.78814e-07,-1.27717,-0.235331,-1.19209e-07,-1.19434,0.344006,-5.96046e-08,-0.523574,-0.244918,-5.96046e-08,-0.523574,0.190909,-2.38419e-07,-1.36,0,-5.96046e-08,-0.523574,0.190909,-5.96046e-08,-0.523574,-0.244918,-0.711951,-0.411045,0.428968,-1.03432,-0.597168,0.344006,-0.844523,-0.844523,0.344006,-0.261787,-0.453428,-0.244918,-0.711951,-0.411045,-0.365641,-0.453428,-0.261787,-0.244918,-0.411045,-0.711952,-0.365641,-0.261787,-0.453428,0.190909,-0.411045,-0.711952,0.428968,-0.453428,-0.261787,0.190909,-0.597168,-1.03432,0.344006,-1.17779,-0.68,0,-0.961665,-0.961665,0,-0.351994,-1.31366,0,-0.330555,-1.23365,-0.235331,-0.309117,-1.15364,0.344006,-0.351994,-1.31366,0,-0.597168,-1.03432,-0.322555,-0.309117,-1.15364,-0.322555,-1.17779,-0.68,0,-0.903094,-0.903094,-0.235331,-0.961665,-0.961665,0,-1.10606,-0.638584,-0.235331,-0.68,-1.17779,0,-0.638584,-1.10606,-0.235331,-0.68,-1.17779,0,-1.03432,-0.597168,-0.322555,-0.844523,-0.844523,-0.322555,-1.15364,-0.309117,-0.322555,-1.15364,-0.309117,0.344006,-1.31366,-0.351994,0,-1.31366,-0.351994,0,-1.23365,-0.330556,-0.235331,-0.261787,-0.453428,0.190909,-0.453428,-0.261787,-0.244918,-0.453428,-0.261787,0.190909,-0.261787,-0.453428,-0.244918]},"normal":{"type":"float32","components":3,