{"model":{"version":3,"nodes":[{"name":"RootNode","position":[0,0,0],"rotation":[0,0,0],"scale":[0.01,0.01,0.01],"scaleCompensation":false},{"name":"apple","position":[0,0,0],"rotation":[-90,0,0],"scale":[100,100,100],"scaleCompensation":false}],"parents":[-1,0],"skins":[],"morphs":[],"vertices":[{"position":{"type":"float32","components":3,"data":[-0.00176165,0,-1.09706,0.236441,-0.194032,-1.1492,-0.0927453,-0.313954,-1.20822,0.401769,-0.287343,-1.07324,0.236441,-0.194032,-1.1492,0.474646,0,-1.19747,-0.309768,-0.00135929,-1.20428,-0.00176165,0,-1.09706,-0.309768,-0.00135929,-1.20428,-0.0927453,0.313954,-1.20822,0.236441,0.194032,-1.20822,0.619112,-0.194033,-0.943543,-0.156553,-0.534134,-1.16718,0.145459,-0.507989,-1.19747,-1.69123e-05,-0.627913,-0.943543,-0.502687,0,-1.16718,-0.387184,-0.313955,-1.19747,-0.61878,-0.194033,-0.943543,-0.156553,0.534134,-1.16718,-0.403227,0.319888,-1.14774,-0.382261,0.507992,-0.943543,0.403496,0.33011,-1.16718,0.145459,0.507989,-1.19747,0.381857,0.507992,-0.943543,0.401769,-0.287343,-1.07324,0.619112,-0.194033,-0.943543,0.381857,-0.507992,-0.943543,-0.382261,-0.507992,-0.943543,-0.61878,0.194033,-0.943543,-1.69123e-05,0.627913,-0.943543,0.619112,0.194033,-0.943543,0.232999,-0.665197,0.376848,0.580153,-0.390991,0.32617,0.136952,-0.39099,0.576568,-0.61001,-0.41111,0.382324,-0.221602,-0.632637,0.46501,-0.358552,-0.241643,0.62066,-0.61001,0.41111,0.344934,-0.717107,0,0.454111,-0.358552,0.241643,0.481716,0.232999,0.665197,0.376848,-0.221602,0.632637,0.446361,0.136952,0.39099,0.611855,0.754013,0,0.385564,0.580153,0.390991,0.466878,0.443197,0,0.549627,0.0130104,0.037147,0.426511,-0.358552,0.241643,0.481716,-0.61001,0.41111,0.344934,-0.0383266,-0.0256001,0.419129,0.290075,-0.195496,0.477082,0.0280623,-0.0404042,0.428675,0.580153,-0.390991,0.32617,0.814668,0.241644,0,0.503567,0.63264,-1.61272e-05,-9.74634e-10,0.781987,-2.6528e-05,-0.503566,0.63264,0,-0.814668,0.241644,0,-0.814668,-0.241644,0,-0.503566,-0.63264,0,-9.74634e-10,-0.781987,-2.6528e-05,0.503567,-0.63264,-1.61272e-05,0.814668,-0.241644,0,0.814668,-0.241644,0,-0.814668,0.241644,0,-0.61878,0.194033,-0.943543,-0.502687,0,-1.16718,0.805251,0.241644,-0.314514,0.805251,-0.241644,-0.314515,0.805251,-0.241644,-0.314515,0.497701,-0.63264,-0.314525,-3.45622e-09,-0.781987,-0.314532,-0.497701,-0.63264,-0.314515,-0.805251,-0.241644,-0.314515,-0.805251,0.241644,-0.314515,-0.805251,0.241644,-0.314515,-0.497701,0.63264,-0.314515,-3.45622e-09,0.781987,-0.314532,0.497701,0.63264,-0.314525,0.290075,-0.195496,0.477082,0.0280623,-0.0404042,0.428675,0.726279,0.226216,-0.629029,0.448941,0.591519,-0.629034,-2.44663e-09,0.730595,-0.629038,-0.448941,0.591521,-0.629029,-0.726279,0.226216,-0.629029,-0.726279,0.226216,-0.629029,-0.726279,-0.226216,-0.629029,-0.448941,-0.591521,-0.629029,-2.44663e-09,-0.730595,-0.629038,0.448941,-0.591519,-0.629034,0.726279,-0.226216,-0.629029,0.726279,-0.226216,-0.629029,-0.0773555,-0.0289572,0.662576,0.0280623,-0.0404042,0.428675,-0.00410995,-0.0458345,0.684529,-0.0383266,-0.0256001,0.419129,-0.0383266,-0.0256001,0.419129,-0.146045,-0.0444877,0.901477,-0.208212,-0.0281246,0.861086,-0.0207165,0.0425773,0.679552,0.0130104,0.037147,0.426511,-0.00410995,-0.0458345,0.684529,0.0280623,-0.0404042,0.428675,-0.331726,-0.0488489,1.02807,-0.384688,-0.0308208,0.965888,-0.16014,0.0412304,0.892319,-0.146045,-0.0444877,0.901477,-0.343733,0.0455916,1.01397,-0.343733,0.0455916,1.01397,-0.331726,-0.0488489,1.02807]},"normal":{"type":"float32","components":3,"data":[0.0472732,-0.0405286,-0.998047,0.102573,-0.0558794,-0.993133,0.0495926,0.0335398,-0.998199,0.515793,-0.37019,-0.772576,0.102573,-0.0558794,-0.993133,0.477737,-0.107791,-0.871822,-0.00683615,0.04532,-0.998932,0.0472732,-0.0405286,-0.998047,-0.00683615,0.04532,-0.998932,-0.0552995,-0.0115665,-0.998383,-0.0134892,-0.0570391,-0.99826,0.82522,-0.303812,-0.476058,-0.221625,-0.685202,-0.693777,0.275002,-0.520981,-0.808008,0.00946074,-0.951231,-0.308267,-0.60155,0.0348521,-0.798029,-0.46324,-0.33021,-0.822382,-0.863552,-0.284249,-0.416456,-0.247108,0.662252,-0.707327,-0.519395,0.365642,-0.772301,-0.555742,0.747398,-0.363994,0.529069,0.384075,-0.756645,0.19541,0.595782,-0.778985,0.544908,0.758538,-0.35728,0.515793,-0.37019,-0.772576,0.82522,-0.303812,-0.476058,0.556291,-0.708945,-0.433454,-0.555712,-0.752037,-0.354411,-0.85818,0.286477,-0.425947,0.00946074,0.951231,-0.308267,0.863796,0.278024,-0.420118,0.30784,-0.784234,0.538652,0.628803,-0.494095,0.60036,0.233436,-0.10651,0.966491,-0.684103,-0.527879,0.503281,-0.211646,-0.752525,0.623585,-0.151738,-0.0516068,0.98706,-0.640522,0.50969,0.574358,-0.730796,0.0639363,0.679556,-0.173406,0.153783,0.972747,0.244179,0.838343,0.48735,-0.275063,0.698141,0.66097,0.00128178,0.166356,0.986053,0.802179,-0.0753197,0.592303,0.606311,0.447035,0.657643,0.173681,-0.192999,0.965667,-0.0890225,0.00302133,0.996002,-0.173406,0.153783,0.972747,-0.640522,0.50969,0.574358,-0.169164,0.108036,0.979644,0.1283,-0.0437941,0.990753,0.107883,-0.0595721,0.99237,0.628803,-0.494095,0.60036,0.938261,0.330485,0.101901,0.565416,0.818628,0.100436,-0.00695822,0.994842,0.101108,-0.556383,0.823847,0.108005,-0.940703,0.320627,0.110721,-0.942137,-0.318339,0.10477,-0.555681,-0.825404,0.0993683,-0.00595111,-0.995117,0.0985138,0.572832,-0.809809,0.126743,0.931669,-0.340281,0.12711,0.931669,-0.340281,0.12711,-0.940703,0.320627,0.110721,-0.85818,0.286477,-0.425947,-0.60155,0.0348521,-0.798029,0.937864,0.32136,-0.13068,0.937864,-0.32136,-0.13068,0.937864,-0.32136,-0.13068,0.563921,-0.819453,-0.102176,0,-0.996399,-0.0845363,-0.563921,-0.819453,-0.102176,-0.937864,-0.32136,-0.13068,-0.937864,0.32136,-0.13068,-0.937864,0.32136,-0.13068,-0.563921,0.819453,-0.102176,0,0.996399,-0.0845363,0.563921,0.819453,-0.102176,0.1283,-0.0437941,0.990753,0.107883,-0.0595721,0.99237,0.906949,0.310709,-0.28431,0.548906,0.795953,-0.255165,0,0.971282,-0.237892,-0.548967,0.795923,-0.255135,-0.906949,0.310556,-0.284524,-0.906949,0.310556,-0.284524,-0.906949,-0.310556,-0.284524,-0.548967,-0.795923,-0.255135,0,-0.971282,-0.237892,0.548906,-0.795953,-0.255165,0.906949,-0.310709,-0.28431,0.906949,-0.310709,-0.28431,-0.863308,-0.369701,-0.343455,0.107883,-0.0595721,0.99237,0.704733,-0.662404,0.254036,-0.169164,0.108036,0.979644,-0.169164,0.108036,0.979644,0.534867,-0.664876,0.521348,-0.630604,-0.36726,-0.683676,0.334513,0.934416,0.122257,-0.0890225,0.00302133,0.996002,0.704733,-0.662404,0.254036,0.107883,-0.0595721,0.99237,-0.0946684,-0.615864,0.782128,-0.911557,-0.270119,-0.309915,0.243507,0.936918,0.250679,0.534867,-0.664876,0.521348,-0.328288,0.821741,0.465743,-0.328288,0.821741,0.465743,-0.0946684,-0.615864,0.782128]},"texCoord0":{"type":"float32","components":2,