{
  "resources": [
    "olive.mp3"
  ],
  "spritemap": {
    "vo_01_olive_001": {
      "start": 0,
      "end": 1.175986394557823,
      "loop": false
    },
    "vo_01_olive_002": {
      "start": 3,
      "end": 4.03469387755102,
      "loop": false
    },
    "vo_01_olive_003": {
      "start": 6,
      "end": 6.928027210884354,
      "loop": false
    },
    "vo_01_olive_004": {
      "start": 8,
      "end": 9.141360544217687,
      "loop": false
    },
    "vo_01_olive_005": {
      "start": 11,
      "end": 12.10936507936508,
      "loop": false
    },
    "vo_01_olive_006": {
      "start": 14,
      "end": 15.216031746031746,
      "loop": false
    },
    "vo_01_olive_007": {
      "start": 17,
      "end": 19.12265306122449,
      "loop": false
    },
    "vo_01_olive_008": {
      "start": 21,
      "end": 22.99734693877551,
      "loop": false
    },
    "vo_01_olive_010": {
      "start": 24,
      "end": 25.175986394557825,
      "loop": false
    },
    "vo_01_olive_011": {
      "start": 27,
      "end": 29.730702947845806,
      "loop": false
    },
    "vo_01_olive_012": {
      "start": 31,
      "end": 32.3653514739229,
      "loop": false
    },
    "vo_01_olive_013": {
      "start": 34,
      "end": 35.7387074829932,
      "loop": false
    },
    "vo_01_olive_014": {
      "start": 37,
      "end": 38.698412698412696,
      "loop": false
    },
    "vo_01_olive_015": {
      "start": 40,
      "end": 41.3653514739229,
      "loop": false
    },
    "vo_01_olive_016": {
      "start": 43,
      "end": 44.19469387755102,
      "loop": false
    },
    "vo_01_olive_017": {
      "start": 46,
      "end": 47.67204081632653,
      "loop": false
    },
    "vo_01_olive_018": {
      "start": 49,
      "end": 49.573356009070295,
      "loop": false
    },
    "vo_01_olive_019": {
      "start": 51,
      "end": 51.63469387755102,
      "loop": false
    },
    "vo_01_olive_020": {
      "start": 53,
      "end": 53.83204081632653,
      "loop": false
    },
    "vo_01_olive_021": {
      "start": 55,
      "end": 55.693333333333335,
      "loop": false
    },
    "vo_01_olive_022": {
      "start": 57,
      "end": 57.853356009070296,
      "loop": false
    },
    "vo_01_olive_023": {
      "start": 59,
      "end": 59.74668934240363,
      "loop": false
    },
    "vo_01_olive_024": {
      "start": 61,
      "end": 61.7787074829932,
      "loop": false
    },
    "vo_01_olive_025": {
      "start": 63,
      "end": 64.3573469387755,
      "loop": false
    },
    "vo_01_olive_026": {
      "start": 66,
      "end": 67.29598639455783,
      "loop": false
    },
    "vo_01_olive_027": {
      "start": 69,
      "end": 73.23469387755102,
      "loop": false
    },
    "vo_01_olive_028": {
      "start": 75,
      "end": 76.83469387755102,
      "loop": false
    },
    "vo_01_olive_029": {
      "start": 78,
      "end": 80.06936507936508,
      "loop": false
    },
    "vo_01_olive_030": {
      "start": 82,
      "end": 84.32537414965986,
      "loop": false
    },
    "vo_01_olive_031": {
      "start": 86,
      "end": 87.6453514739229,
      "loop": false
    },
    "vo_01_olive_032": {
      "start": 89,
      "end": 93.88537414965987,
      "loop": false
    },
    "vo_01_olive_033": {
      "start": 95,
      "end": 96.15204081632653,
      "loop": false
    }
  }
}