{
  "resources": [
    "onboarding_05a.mp3"
  ],
  "spritemap": {
    "ob_05a_elinor_001": {
      "start": 0,
      "end": 2.1333333333333333,
      "loop": false
    },
    "ob_05a_elinor_002": {
      "start": 4,
      "end": 6.537891156462585,
      "loop": false
    },
    "ob_05a_elinor_003": {
      "start": 8,
      "end": 11.114671201814058,
      "loop": false
    }
  }
}