{"model":{"version":2,"nodes":[{"name":"RootNode","position":[0,0,0],"rotation":[0,0,0],"scale":[1,1,1]},{"name":"roofVent","position":[0,0,0],"rotation":[0,0,0],"scale":[0.01,0.01,0.01]}],"parents":[-1,0],"skins":[],"vertices":[{"position":{"type":"float32","components":3,"data":[182.163,0.262329,-181.713,19.0972,18.8201,-168.275,168.688,17.2823,-168.275,182.372,0,-181.922,0.251099,0.246094,-181.742,-0.000488281,0,-181.922,182.191,0.245361,-0.25177,182.372,0,-181.922,168.688,18.693,-19.0216,182.372,0,0,182.163,0.262329,-181.713,168.688,17.2823,-168.275,-0.000488281,0,-181.922,19.0972,20.2305,-19.0216,0.251099,0.246094,-181.742,19.0972,18.8201,-168.275,0.224854,0.235962,-0.223114,0,0,0,19.0972,20.2305,-19.0216,165.231,45.3943,-20.2817,19.9475,45.6156,-20.2832,168.688,18.693,-19.0216,19.0972,18.8201,-168.275,165.216,45.3955,-165.443,168.688,17.2823,-168.275,19.9431,45.6167,-165.449,0.224854,0.235962,-0.223114,182.191,0.245361,-0.25177,19.0972,20.2305,-19.0216,0,0,0,182.372,0,0,168.688,18.693,-19.0216,19.0972,20.2305,-19.0216,19.9431,45.6167,-165.449,19.0972,18.8201,-168.275,19.9475,45.6156,-20.2832,165.216,45.3955,-165.443,165.231,45.3943,-20.2817,168.688,18.693,-19.0216,168.688,17.2823,-168.275,165.231,45.3943,-20.2817,165.216,45.3955,-165.443,163.242,45.3973,-22.269,163.228,45.3987,-163.456,165.216,45.3955,-165.443,21.932,45.6136,-163.462,163.228,45.3987,-163.456,19.9431,45.6167,-165.449,19.9431,45.6167,-165.449,21.936,45.6125,-22.2705,21.932,45.6136,-163.462,19.9475,45.6156,-20.2832,19.9475,45.6156,-20.2832,163.242,45.3973,-22.269,21.936,45.6125,-22.2705,165.231,45.3943,-20.2817,163.228,45.3987,-163.456,165.086,114.635,-20.4261,163.242,45.3973,-22.269,165.072,114.637,-165.299,21.932,45.6136,-163.462,165.072,114.637,-165.299,163.228,45.3987,-163.456,20.0874,114.857,-165.305,20.0918,114.856,-20.4276,21.932,45.6136,-163.462,21.936,45.6125,-22.2705,20.0874,114.857,-165.305,21.936,45.6125,-22.2705,165.086,114.635,-20.4261,20.0918,114.856,-20.4276,163.242,45.3973,-22.269,165.086,114.635,-20.4261,167.151,114.633,-167.376,167.166,114.632,-18.3484,165.072,114.637,-165.299,167.151,114.633,-167.376,20.0874,114.857,-165.305,18.0083,114.861,-167.383,165.072,114.637,-165.299,18.0127,114.859,-18.3499,20.0874,114.857,-165.305,20.0918,114.856,-20.4276,18.0083,114.861,-167.383,165.086,114.635,-20.4261,18.0127,114.859,-18.3499,20.0918,114.856,-20.4276,167.166,114.632,-18.3484,167.151,114.633,-167.376,167.438,141.408,-18.0759,167.166,114.632,-18.3484,167.424,141.409,-167.649,18.0083,114.861,-167.383,167.424,141.409,-167.649,167.151,114.633,-167.376,17.7354,141.637,-167.655,17.7397,141.636,-18.0772,18.0083,114.861,-167.383,18.0127,114.859,-18.3499,17.7354,141.637,-167.655,18.0127,114.859,-18.3499,167.438,141.408,-18.0759,17.7397,141.636,-18.0772,167.166,114.632,-18.3484,167.438,141.408,-18.0759,167.424,141.409,-167.649,17.7397,141.636,-18.0772,17.7354,141.637,-167.655]},"normal":{"type":"float32","components":3,"data":[0.00279345,0.602789,-0.797896,0.00279345,0.602789,-0.797896,0.00279345,0.602789,-0.797896,0.00279345,0.602789,-0.797896,0.00279345,0.602789,-0.797896,0.00279345,0.602789,-0.797896,0.796053,0.605221,-0.00257881,0.796053,0.605221,-0.00257881,0.796053,0.605221,-0.00257881,0.796053,0.605221,-0.00257881,0.796053,0.605221,-0.00257881,0.796053,0.605221,-0.00257881,-0.715094,0.699022,-0.00297507,-0.715094,0.699022,-0.00297507,-0.715094,0.699022,-0.00297507,-0.715094,0.699022,-0.00297507,-0.715094,0.699022,-0.00297507,-0.715094,0.699022,-0.00297507,0.000283223,0.0483701,0.998829,0.000283223,0.0483701,0.998829,0.000283223,0.0483701,0.998829,0.000283223,0.0483701,0.998829,0.000631212,0.102523,-0.994731,0.000631212,0.102523,-0.99473,0.000631212,0.102523,-0.99473,0.000631212,0.102523,-0.99473,0.00323775,0.698744,0.715365,0.00323775,0.698744,0.715365,0.00323775,0.698744,0.715365,0.00323775,0.698744,0.715365,0.00323775,0.698744,0.715365,0.00323775,0.698744,0.715365,-0.999472,0.0324945,-0.000140623,-0.999472,0.0324945,-0.000140623,-0.999472,0.0324945,-0.000140623,-0.999472,0.0324945,-0.000140623,0.992104,0.125419,-0.000648945,0.992104,0.125419,-0.000648945,0.992104,0.125419,-0.000648945,0.992104,0.125419,-0.000648945,0.00156518,0.999999,8.81607e-06,0.00156518,0.999999,8.81607e-06,0.00156518,0.999999,8.81607e-06,0.00156518,0.999999,8.81607e-06,0.001522,0.999999,-3.08682e-05,0.001522,0.999999,-3.08682e-05,0.001522,0.999999,-3.08682e-05,0.001522,0.999999,-3.08682e-05,0.00153454,0.999999,7.62869e-06,0.00153454,0.999999,7.62869e-06,0.00153454,0.999999,7.62869e-06,0.00153454,0.999999,7.62869e-06,0.00152317,0.999999,0,0.00152317,0.999999,0,0.00152317,0.999999,0,0.00152317,0.999999,0,0.999645,-0.0266285,-9.83735e-05,0.999645,-0.0266285,-9.83736e-05,0.999645,-0.0266285,-9.83736e-05,0.999645,-0.0266285,-9.83736e-05,-1.13695e-06,-0.026605,-0.999646,-1.13695e-06,-0.026605,-0.999646,-1.13695e-06,-0.026605,-0.999646,-1.13695e-06,-0.026605,-0.999646,-0.999645,-0.0266273,2.92058e-05,-0.999645,-0.0266273,2.92058e-05,-0.999645,-0.0266273,2.92058e-05,-0.999645,-0.0266273,2.92058e-05,-5.10782e-05,-0.0266071,0.999646,-5.10782e-05,-0.0266071,0.999646,-5.10782e-05,-0.0266071,0.999646,-5.10782e-05,-0.0266071,0.999646,-0.0014991,-0.999999,-9.41787e-06,-0.0014991,-0.999999,-9.41787e-06,-0.0014991,-0.999999,-9.41787e-06,-0.0014991,-0.999999,-9.41787e-06,-0.00152278,-0.999999,-3.19637e-05,-0.00152278,-0.999999,-3.19637e-05,-0.00152278,-0.999999,-3.19637e-05,-0.00152278,-0.999999,-3.19637e-05,-0.00158158,-0.999999,-9.10647e-06,-0.00158158,-0.999999,-9.10647e-06,-0.00158158,-0.999999,-9.10647e-06,-0.00158158,-0.999999,-9.10647e-06,-0.00152301,-0.999999,5.75264e-05,-0.00152301,-0.999999,5.75265e-05,-0.00152301,-0.999999,5.75265e-05,-0.00152301,-0.999999,5.75265e-05,0.999948,-0.0101935,-9.9849e-05,0.999948,-0.0101935,-9.9849e-05,0.999948,-0.0101935,-9.9849e-05,0.999948,-0.0101935,-9.9849e-05,2.63932e-05,-0.0101829,-0.999948,2.63932e-05,-0.0101829,-0.999948,2.63932e-05,-0.0101829,-0.999948,2.63932e-05,-0.0101829,-0.999948,-0.999948,-0.010193,2.93435e-05,-0.999948,-0.010193,2.93435e-05,-0.999948,-0.010193,2.93435e-05,-0.999948,-0.010193,2.93435e-05,-2.48683e-05,-0.0101821,0.999948,-2.48683e-05,-0.0101821,0.999948,-2.48683e-05,-0.0101821,0.999948,-2.48683e-05,-0.0101821,0.999948,0.00152329,0.999999,9.71026e-06,0.00152329,0.999999,9.71026e-06,0.00152329,0.999999,9.71026e-06,0.00152329,0.999999,9.71026e-06]},"texCoord0":{"type":"float32","components":2,