{"model":{"version":2,"nodes":[{"name":"RootNode","position":[0,0,0],"rotation":[0,0,0],"scale":[1,1,1]},{"name":"polySurface7","position":[0,0,0],"rotation":[0,0,0],"scale":[0.01,0.01,0.01]},{"name":"canisterTube","position":[0,0,0],"rotation":[-9.02507,0,0],"scale":[1,1,1]},{"name":"transform1","position":[0,0,0],"rotation":[0,0,0],"scale":[1,1,1]}],"parents":[-1,0,1,1],"skins":[],"vertices":[{"position":{"type":"float32","components":3,"data":[1299.52,585.506,2.07496e-05,-1299.52,585.506,2.07496e-05,1299.52,421.677,395.518,-1299.52,421.677,395.518,1299.52,421.677,-395.518,-1299.52,421.677,-395.518,-1299.52,26.1593,-559.347,1299.52,421.677,-395.518,1299.52,26.1593,-559.347,-1299.52,421.677,-395.518,-1299.52,-369.359,-395.518,1299.52,-369.359,-395.518,-1299.52,-533.188,2.07496e-05,1299.52,-369.359,-395.518,1299.52,-533.188,2.07496e-05,-1299.52,-369.359,-395.518,-1299.52,-369.359,395.518,1299.52,-369.359,395.518,-1299.52,26.1593,559.347,1299.52,-369.359,395.518,1299.52,26.1593,559.347,-1299.52,-369.359,395.518,-1299.52,421.677,395.518,1299.52,421.677,395.518]},"normal":{"type":"float32","components":3,"data":[0,1,0,0,1,0,0,0.707107,0.707107,0,0.707107,0.707107,0,0.707107,-0.707107,0,0.707107,-0.707107,0,0,-1,0,0.707107,-0.707107,0,0,-1,0,0.707107,-0.707107,0,-0.707107,-0.707107,0,-0.707107,-0.707107,0,-1,0,0,-0.707107,-0.707107,0,-1,0,0,-0.707107,-0.707107,0,-0.707107,0.707107,0,-0.707107,0.707107,0,5.80594e-08,1,0,-0.707107,0.707107,0,5.80594e-08,1,0,-0.707107,0.707107,0,0.707107,0.707107,0,0.707107,0.707107]},"texCoord0":{"type":"float32","components":2,"data":[0.879485,0.0959097,0.310549,0.0959097,0.879485,0.0352424,0.310549,0.0352424,0.879485,0.156577,0.310549,0.156577,0.310549,0.217244,0.879485,0.156577,0.879485,0.217244,0.310549,0.156577,0.310549,0.277912,0.879485,0.277912,0.310549,0.338579,0.879485,0.277912,0.879485,0.338579,0.310549,0.277912,0.310549,0.399246,0.879485,0.399246,0.310549,0.459914,0.879485,0.399246,0.879485,0.459914,0.310549,0.399246,0.310549,0.520581,0.879485,0.520581]},"texCoord1":{"type":"float32","components":2,"data":[0.0648554,0.00199199,0.0648554,0.415677,0.00190142,0.00199199,0.00190142,0.415677,0.127809,0.00199199,0.127809,0.415677,0.19712,0.415677,0.134166,0.00199209,0.19712,0.00199209,0.134166,0.415677,0.260074,0.415677,0.260074,0.00199209,0.329198,0.415677,0.266244,0.00199209,0.329198,0.00199209,0.266244,0.415677,0.392152,0.415677,0.392152,0.00199209,0.461277,0.415677,0.398323,0.00199208,0.461277,0.00199208,0.398323,0.415677,0.524231,0.415677,0.524231,0.00199208]}}],"meshes":[{"aabb":{"min":[-1299.52,-533.188,-559.347],"max":[1299.52,585.506,559.347]},"vertices":0,"indices":[0,1,2,3,2,1,4,5,0,1,0,5,6,7,8,7,6,9,10,8,11,8,10,6,12,13,14,13,12,15,16,14,17,14,16,12,18,19,20,19,18,21,22,20,23,20,22,18],"type":"triangles","base":0,"count":48}],"meshInstances":[{"node":2,"mesh":0}]}}