{"model":{"version":3,"nodes":[{"name":"RootNode","position":[0,0,0],"rotation":[0,0,0],"scale":[0.01,0.01,0.01],"scaleCompensation":false},{"name":"Cube","position":[0,0,0],"rotation":[0,0,0],"scale":[1,1,0.0775],"scaleCompensation":false}],"parents":[-1,0],"skins":[],"morphs":[],"vertices":[{"position":{"type":"float32","components":3,"data":[-64.947,300.151,100,-64.947,300.151,-99.9998,-25.6019,1.43073,100,-25.6019,1.43073,-100,20.5113,176.13,-99.9999,43.4861,11.4459,-100,-25.6019,1.43073,-100,-64.947,300.151,-99.9998,2.71018,303.728,-99.9998,20.5113,176.13,100,2.71018,303.728,-99.9998,2.71018,303.728,100,20.5113,176.13,-99.9999,-25.6019,1.43073,100,20.5113,176.13,100,-64.947,300.151,100,43.4861,11.4459,100,2.71018,303.728,100,-25.6019,1.43073,100,43.4861,11.4459,-100,43.4861,11.4459,100,-25.6019,1.43073,-100,-64.947,300.151,-99.9998,12.0079,338.966,-99.9998,2.71018,303.728,-99.9998,-79.2714,325.183,-99.9998,-80.8983,356.444,-99.9998,-13.9576,384.286,-99.9998,-41.4135,390.308,-99.9998,-68.3903,379.56,-99.9998,4.29577,369.652,-99.9998,-41.4135,390.308,100,-41.4135,390.308,-99.9998,-68.3903,379.56,100,-68.3903,379.56,-99.9998,-13.9576,384.286,100,4.29577,369.652,-99.9998,-13.9576,384.286,-99.9998,4.29577,369.652,100,-68.3903,379.56,100,-80.8983,356.444,-99.9998,-80.8983,356.444,100,-68.3903,379.56,-99.9998,-41.4135,390.308,100,-80.8983,356.444,100,-13.9576,384.286,100,-68.3903,379.56,100,-79.2714,325.183,100,12.0079,338.966,100,-64.947,300.151,100,2.71018,303.728,100,4.29577,369.652,100,-79.2714,325.183,100,-64.947,300.151,-99.9998,-64.947,300.151,100,-79.2714,325.183,-99.9998,-80.8983,356.444,100,-79.2714,325.183,-99.9998,-79.2714,325.183,100,-80.8983,356.444,-99.9998,12.0079,338.966,-99.9998,12.0079,338.966,100,2.71018,303.728,100,2.71018,303.728,-99.9998,4.29577,369.652,-99.9998,4.29577,369.652,100,12.0079,338.966,100,12.0079,338.966,-99.9998,-13.9576,384.286,100,-41.4135,390.308,-99.9998,-41.4135,390.308,100,-13.9576,384.286,-99.9998,62.8215,14.7197,-100,20.5113,176.13,-99.9999,102.116,168.451,-99.9999,43.4861,11.4459,-100,62.8215,14.7197,100,102.116,168.451,-99.9999,102.116,168.451,100,62.8215,14.7197,-100,102.116,168.451,100,20.5113,176.13,-99.9999,20.5113,176.13,100,102.116,168.451,-99.9999,62.8215,14.7197,100,102.116,168.451,100,20.5113,176.13,100,43.4861,11.4459,100,62.8215,14.7197,100,43.4861,11.4459,-100,62.8215,14.7197,-100,43.4861,11.4459,100]},"normal":{"type":"float32","components":3,"data":[-0.991437,-0.130584,0,-0.991437,-0.130584,0,-0.991437,-0.130584,0,-0.991437,-0.130584,0,1.07587e-07,5.96732e-07,-1,1.07587e-07,5.96732e-07,-1,1.07587e-07,5.96732e-07,-1,1.07587e-07,5.96732e-07,-1,1.07587e-07,5.96732e-07,-1,0.990408,0.13817,0,0.990408,0.13817,0,0.990408,0.13817,0,0.990408,0.13817,0,-8.90155e-08,-5.67623e-07,1,-8.90155e-08,-5.67623e-07,1,-8.90155e-08,-5.67623e-07,1,-8.90155e-08,-5.67623e-07,1,-8.90155e-08,-5.67623e-07,1,0.143462,-0.989656,0,0.143462,-0.989656,0,0.143462,-0.989656,0,0.143462,-0.989656,0,2.26874e-07,1.20793e-07,-1,2.26874e-07,1.20793e-07,-1,2.26874e-07,1.20793e-07,-1,2.26874e-07,1.20793e-07,-1,2.26874e-07,1.20793e-07,-1,2.26874e-07,1.20793e-07,-1,2.26874e-07,1.20793e-07,-1,2.26874e-07,1.20793e-07,-1,2.26874e-07,1.20793e-07,-1,-0.370137,0.928977,0,-0.370137,0.928977,0,-0.370137,0.928977,0,-0.370137,0.928977,0,0.625522,0.780207,0,0.625522,0.780207,0,0.625522,0.780207,0,0.625522,0.780207,0,-0.879496,0.475906,0,-0.879496,0.475906,0,-0.879496,0.475906,0,-0.879496,0.475906,0,-9.9186e-08,1.29029e-07,1,-9.9186e-08,1.29029e-07,1,-9.9186e-08,1.29029e-07,1,-9.9186e-08,1.29029e-07,1,-9.9186e-08,1.29029e-07,1,-9.9186e-08,1.29029e-07,1,-9.9186e-08,1.29029e-07,1,-9.9186e-08,1.29029e-07,1,-9.9186e-08,1.29029e-07,1,-0.867939,-0.496672,0,-0.867939,-0.496672,0,-0.867939,-0.496672,0,-0.867939,-0.496672,0,-0.998648,-0.0519725,0,-0.998648,-0.0519725,0,-0.998648,-0.0519725,0,-0.998648,-0.0519725,0,0.966908,-0.255124,0,0.966908,-0.255124,0,0.966908,-0.255124,0,0.966908,-0.255124,0,0.96984,0.243744,0,0.96984,0.243744,0,0.96984,0.243744,0,0.96984,0.243744,0,0.214231,0.976783,3.31331e-09,0.214231,0.976783,3.31331e-09,0.214231,0.976783,3.31331e-09,0.214231,0.976783,3.31331e-09,-2.11216e-07,5.92108e-07,-1,-2.11216e-07,5.92108e-07,-1,-2.11216e-07,5.92108e-07,-1,-2.11216e-07,5.92108e-07,-1,0.96885,-0.247646,0,0.96885,-0.247646,0,0.96885,-0.247646,0,0.96885,-0.247646,0,0.0936872,0.995602,0,0.0936872,0.995602,0,0.0936872,0.995602,0,0.0936872,0.995602,0,2.12846e-07,-4.44081e-07,1,2.12846e-07,-4.44081e-07,1,2.12846e-07,-4.44081e-07,1,2.12846e-07,-4.44081e-07,1,0.166942,-0.985967,0,0.166942,-0.985967,0,0.166942,-0.985967,0,0.166942,-0.985967,0]},"texCoord0":{"type":"float32","components":2,"data":[0.625,0,0.625,0.25,0.375,0,0.375,0.25,0.5,0.5,0.375,0.5,0.375,0.25,0.625,0.25,0.625,0.5,0.5,0.75,0.625,0.5,0.625,0.75,0.5,0.5,0.375,1,0.5,0.75,0.625,1,0.375,0.75,0.625,0.75,0.125,0.75,0.375,0.5,0.375,0.75,0.125,0.5,0.625,0.25,0.625,0.5,0.625,0.5,0.625,0.25,0.625,0.25,0.625,0.5,0.625,0.375,0.625,0.25,0.625,0.5,0.75,0.75,0.75,0.5,0.875,0.75,0.875,0.5,0.625,0.75,0.625,0.5,0.625,0.5,0.625,0.75,0.625,0,0.625,0.25,0.625,0,0.625,0.25,0.625,0.875,0.625,1,0.625,0.75,0.625,1,0.625,1,0.625,0.75,0.625,1,0.625,0.75,0.625,0.75,0.625,0,0.625,0.25,0.625,0,0.625,0.25,0.625,0,0.625,0.25,0.625,0,0.625,0.25,0.625,0.5,0.625,0.75,0.625,0.75,0.625,0.5,0.625,0.5,0.625,0.75,0.625,0.75,0.625,0.5,0.625,0.75,0.75,0.5,0.75,0.75,0.625,0.5,0.375,0.5,0.5,0.5,0.5,0.5,0.375,0.5,0.375,0.75,0.5,0.5,0.5,0.75,0.375,0.5,0.5,0.75,0.5,0.5,0.5,0.75,0.5,0.5,0.375,0.75,0.5,0.75,0.5,0.75,0.375,0.75,0.375,0.75,0.375,0.5,0.375,0.5,0.375,0.75]}}],"meshes":[{"aabb":{"min":[-80.8983,1.43073,-100],"max":[102.116,390.308,100]},"vertices":0,"indices":[0,1,2,2,1,3,4,5,6,7,4,6,4,7,8,9,10,11,10,9,12,13,14,15,14,13,16,15,14,17,18,19,20,19,18,21,22,23,24,23,22,25,26,27,25,28,26,29,27,26,28,27,23,25,23,27,30,31,32,33,33,32,34,35,36,37,36,35,38,39,40,41,40,39,42,43,44,45,44,43,46,45,47,48,48,49,50,48,47,49,45,48,51,47,45,44,52,53,54,53,52,55,56,57,58,57,56,59,60,61,62,62,63,60,64,65,66,66,67,64,68,69,70,69,68,71,72,73,74,73,72,75,76,77,78,77,76,79,80,81,82,81,80,83,84,85,86,86,87,84,88,89,90,89,88,91],"type":"triangles","base":0,"count":156}],"meshInstances":[{"node":1,"mesh":0}]}}