{"model":{"version":3,"nodes":[{"name":"RootNode","position":[0,0,0],"rotation":[0,0,0],"scale":[0.01,0.01,0.01],"scaleCompensation":false},{"name":"muffin","position":[0,0,0],"rotation":[-90,0,0],"scale":[100,100,100],"scaleCompensation":false}],"parents":[-1,0],"skins":[],"morphs":[],"vertices":[{"position":{"type":"float32","components":3,"data":[0.489992,-0.674415,-0.231664,5.56154e-08,-0.947994,-0.231664,5.46585e-08,-0.833623,-0.231664,0.557217,-0.766943,-0.231664,0.792824,-0.2576,-0.231664,0.901597,0.292942,-0.231664,0.901597,-0.292942,-0.231664,0.792824,0.2576,-0.231664,0.557217,0.766943,-0.231664,0.489992,0.674415,-0.231664,-0.489991,0.674415,-0.231664,5.56154e-08,0.947994,-0.231664,5.46585e-08,0.833623,-0.231664,-0.557217,0.766943,-0.231664,-0.489991,-0.674415,-0.231664,-0.557217,-0.766943,-0.231664,-0.792824,0.2576,-0.231664,-0.901597,0.292942,-0.231664,-0.901597,-0.292942,-0.231664,-1.01567,-0.330006,-0.165224,-1.01567,0.330006,-0.165224,2.74868e-08,1.06794,-0.165224,0.627717,0.863978,-0.165224,1.03446,0.33611,-0.0452458,0.639328,0.879958,-0.0452458,1.01567,0.330006,-0.165224,2.75542e-08,-1.08769,-0.0452458,0.627717,-0.863978,-0.165224,0.639328,-0.879958,-0.0452458,2.74868e-08,-1.06794,-0.165224,-1.03446,-0.33611,-0.0452458,-1.03446,0.33611,-0.0452458,-0.627717,-0.863978,-0.165224,-0.639328,-0.879958,-0.0452458,0.259261,-0.797937,0.607598,0.645544,-0.469013,0.678695,0.17349,-0.533956,0.90817,-0.678767,-0.493147,0.607597,-0.246579,-0.758879,0.678696,-0.454211,-0.33,0.90817,-0.678767,0.493147,0.607597,-0.797935,0,0.678695,-0.454211,0.33,0.90817,0.259261,0.797937,0.607598,-0.246579,0.758879,0.678696,0.17349,0.533956,0.90817,0.839001,0,0.607594,0.645544,0.469013,0.678695,0.561439,6.8779e-10,0.908167,1.23801e-07,6.8779e-10,1.06213,0.892123,0.289864,0.202634,0.551362,0.758884,0.202634,2.74868e-08,0.938032,0.202634,-0.551362,0.758884,0.202634,-0.892123,0.289864,0.202634,-0.892123,-0.289864,0.202634,-0.551362,-0.758884,0.202634,2.74868e-08,-0.938032,0.202634,0.551362,-0.758884,0.202634,0.892123,-0.289864,0.202634,2.74868e-08,1.05817,0.0843474,0.551362,0.758884,0.202634,0.621977,0.856077,0.0843474,2.74868e-08,0.938032,0.202634,2.75542e-08,1.08769,-0.0452458,-0.627717,0.863978,-0.165224,-0.639328,0.879958,-0.0452458,1.00638,-0.326988,0.0843474,0.551362,-0.758884,0.202634,0.621977,-0.856077,0.0843474,0.892123,-0.289864,0.202634,0.892123,0.289864,0.202634,0.892123,-0.289864,0.202634,1.00638,-0.326988,0.0843474,1.00638,0.326988,0.0843474,-0.621977,0.856077,0.0843474,-0.551362,0.758884,0.202634,-0.792824,-0.2576,-0.231664,-0.892123,-0.289864,0.202634,-0.892123,0.289864,0.202634,-1.00638,0.326988,0.0843474,-1.00638,-0.326988,0.0843474,2.74868e-08,-1.05817,0.0843474,2.74868e-08,-0.938032,0.202634,1.01567,-0.330006,-0.165224,1.03446,-0.33611,-0.0452458,-0.551362,-0.758884,0.202634,-0.621977,-0.856077,0.0843474,1.03446,-0.33611,-0.0452458,1.01567,-0.330006,-0.165224,0.792824,-0.2576,-0.231664,0.901597,-0.292942,-0.231664,5.36666e-08,-0.715076,-0.972089,0.402726,-0.554304,-1.04623,0.420312,-0.578509,-0.972089,5.34163e-08,-0.685157,-1.04623,-0.651624,0.211722,-1.04623,-0.680079,-0.220968,-0.972089,-0.680079,0.220968,-0.972089,-0.651624,-0.211722,-1.04623,5.36666e-08,0.715076,-0.972089,-0.402726,0.554304,-1.04623,-0.420312,0.578509,-0.972089,5.34163e-08,0.685157,-1.04623,0.680079,0.220968,-0.972089,0.402726,0.554304,-1.04623,0.420312,0.578509,-0.972089,0.651625,0.211722,-1.04623,0.651625,-0.211722,-1.04623,0.680079,-0.220968,-0.972089,-0.402726,-0.554304,-1.04623,-0.420312,-0.578509,-0.972089,0.680079,-0.220968,-0.972089,0.651625,-0.211722,-1.04623,-0.552071,0.179376,-1.06213,-0.552071,-0.179376,-1.06213,5.25405e-08,0.580481,-1.06213,-0.341199,0.469619,-1.06213,0.341199,0.469619,-1.06213,0.552072,0.179376,-1.06213,0.552072,-0.179376,-1.06213,-0.341199,-0.469619,-1.06213,0.341199,-0.469619,-1.06213,0.552072,-0.179376,-1.06213,5.25405e-08,-0.580481,-1.06213,-0.341199,0.469619,-1.06213,5.53662e-08,0.348289,-1.06213,-0.204719,0.281772,-1.06213,5.25405e-08,0.580481,-1.06213,0.552072,0.179376,-1.06213,0.331243,0.107626,-1.06213,0.341199,0.469619,-1.06213,0.204719,0.281772,-1.06213,0.331243,-0.107626,-1.06213,0.552072,-0.179376,-1.06213,-0.331243,0.107626,-1.06213,-0.552071,0.179376,-1.06213,-0.341199,-0.469619,-1.06213,-0.552071,-0.179376,-1.06213,-0.331243,-0.107626,-1.06213,-0.204719,-0.281772,-1.06213,0.341199,-0.469619,-1.06213,0.204719,-0.281772,-1.06213,5.53662e-08,-0.348289,-1.06213,5.25405e-08,-0.580481,-1.06213]},"normal":{"type":"float32","components":3,