{"model":{"version":3,"nodes":[{"name":"RootNode","position":[0,0,0],"rotation":[0,0,0],"scale":[0.01,0.01,0.01],"scaleCompensation":false},{"name":"dart","position":[0,0,0],"rotation":[-90,0,0],"scale":[100,100,100],"scaleCompensation":false}],"parents":[-1,0],"skins":[],"morphs":[],"vertices":[{"position":{"type":"float32","components":3,"data":[-0.364284,1.08546,-1.74161e-08,-0.248811,1.08546,-0.248811,-0.364284,0.987414,-2.71566e-08,-0.248811,0.987414,-0.248811,-0.248811,0.987414,0.248811,1.45665e-08,1.08546,0.364284,-0.248811,1.08546,0.248811,1.45665e-08,0.987414,0.364284,0.248811,0.987414,0.248811,0.248811,1.08546,0.248811,0.364284,0.987414,-1.80594e-07,0.248811,1.08546,-0.248811,0.364284,1.08546,-1.70853e-07,0.248811,0.987414,-0.248811,-4.04389e-08,0.987414,-0.364284,-4.04389e-08,1.08546,-0.364284,-0.364284,1.08546,-1.74161e-08,-0.364284,0.987414,-2.71566e-08,0.364284,1.08546,-1.70853e-07,0.364284,0.987414,-1.80594e-07,0.20266,0.819853,-1.50197e-07,0.13842,0.819853,-0.13842,-0.13842,0.819853,-0.13842,-1.60344e-08,0.819853,-0.20266,-0.13842,0.819853,0.13842,-0.20266,0.819853,-6.48364e-08,0.13842,0.819853,0.13842,0.20266,0.819853,-1.50197e-07,-0.20266,0.819853,-6.48364e-08,1.45665e-08,0.819853,0.20266,0.10807,0.606886,-0.10807,0.158226,0.606886,-1.58025e-07,-0.10807,0.606886,-0.10807,-8.13475e-09,0.606886,-0.158226,-0.10807,0.606886,0.10807,-0.158226,0.606886,-9.138e-08,0.10807,0.606886,0.10807,0.158226,0.606886,-1.58025e-07,-0.158226,0.606886,-9.138e-08,1.57567e-08,0.606886,0.158226,0.193209,0.518485,0.193208,1.45561e-08,0.518485,0.282877,0.282877,0.518485,-2.07053e-07,0.193208,0.518485,-0.193209,-2.81571e-08,0.518485,-0.282877,-0.193208,0.518485,-0.193208,-0.282877,0.518485,-8.79048e-08,-0.193208,0.518485,0.193208,0.282877,0.518485,-2.07053e-07,-0.282877,0.518485,-8.79048e-08,5.23957e-09,-0.116398,-0.0959984,-0.0963516,-0.116398,-0.0963517,-3.38994e-09,-0.116398,-0.141069,-0.065568,-0.116398,-0.0655682,1.68513e-08,0.214882,0.264491,-0.137003,-0.07003,0.137002,1.60529e-08,-0.07003,0.200586,-0.180651,0.214882,0.180651,-0.0963516,-0.116398,0.0963514,-0.0959982,-0.116398,-1.6938e-07,-0.065568,-0.116398,0.0655679,-0.141068,-0.116398,-1.65979e-07,0.0963517,-0.116398,0.0963514,0.0959983,-0.116398,-2.09814e-07,0.141069,-0.116398,-2.25397e-07,0.0655681,-0.116398,0.0655678,0.0963516,-0.116398,-0.0963518,0.065568,-0.116398,-0.0655682,-0.141068,-0.116398,-1.65979e-07,-0.0959982,-0.116398,-1.6938e-07,1.97349e-08,-0.116398,0.0959981,1.79108e-08,-0.116398,0.141068,0.0959983,-0.116398,-2.09814e-07,0.141069,-0.116398,-2.25397e-07,-0.180651,0.214882,-0.180651,-0.264491,0.214882,-1.31444e-07,0.180651,0.214882,-0.180651,-2.30859e-08,0.214882,-0.264492,0.180651,0.214882,0.180651,0.264492,0.214882,-2.42848e-07,-0.264491,0.214882,-1.31444e-07,0.264492,0.214882,-2.42848e-07,0.200586,-0.07003,-2.42444e-07,0.137003,-0.07003,-0.137003,-0.137003,-0.07003,-0.137003,-1.42347e-08,-0.07003,-0.200586,-0.200586,-0.07003,-1.57957e-07,0.137003,-0.07003,0.137002,0.200586,-0.07003,-2.42444e-07,-0.200586,-0.07003,-1.57957e-07,1.97349e-08,-0.281146,0.0959981,1.97349e-08,-0.116398,0.0959981,-0.065568,-0.116398,0.0655679,-0.065568,-0.281146,0.0655678,0.0655681,-0.281146,0.0655678,0.0655681,-0.116398,0.0655678,0.0959983,-0.281146,-2.26181e-07,0.065568,-0.116398,-0.0655682,0.0959983,-0.116398,-2.09814e-07,0.065568,-0.281146,-0.0655682,5.23957e-09,-0.281146,-0.0959984,-0.065568,-0.116398,-0.0655682,5.23957e-09,-0.116398,-0.0959984,-0.065568,-0.281146,-0.0655682,-0.0959982,-0.116398,-1.6938e-07,-0.0959983,-0.281146,-2.26181e-07,0.0959983,-0.116398,-2.09814e-07,0.0959983,-0.281146,-2.26181e-07,-0.0959983,-0.281146,-2.26181e-07,-0.0959982,-0.116398,-1.6938e-07,1.97349e-08,-1.16918,0.095998,1.97349e-08,-0.725161,0.095998,-0.065568,-0.725161,0.0655678,-0.065568,-1.16918,0.0655677,0.0655681,-1.16918,0.0655677,0.0655681,-0.725161,0.0655678,0.269241,-0.502945,0.0479987,0.282102,-0.502945,-4.27031e-07,-0.065568,-1.16918,-0.0655683,5.23957e-09,-0.725161,-0.0959985,5.23957e-09,-1.16918,-0.0959985,-0.065568,-0.725161,-0.0655683,-0.269241,-0.502945,0.0479987,-0.282102,-0.502945,-4.27031e-07,0.269241,-1.28123,0.0479986,0.0959983,-1.16918,-3.14405e-07,0.282102,-1.28123,-5.04352e-07,0.065568,-0.725161,-0.0655683,0.065568,-1.16918,-0.0655683,-0.269241,-1.28123,0.0479986,-0.0959983,-1.16918,-3.14405e-07,-0.282102,-1.28123,-5.04352e-07,2.23517e-08,-1.16918,-2.68892e-07,-0.0959983,-1.16918,-3.14405e-07,2.23517e-08,-1.16918,-2.68892e-07,0.0959983,-1.16918,-3.14405e-07,-0.30724,1.08546,-1.64696e-08,-0.248811,1.08546,-0.248811,-0.364284,1.08546,-1.74161e-08,-0.209849,1.08546,-0.209849,-0.248811,1.08546,0.248811,1.69523e-08,1.08546,0.30724,-0.209849,1.08546,0.209849,1.45665e-08,1.08546,0.364284,0.248811,1.08546,0.248811,0.209849,1.08546,0.209849,0.209849,1.08546,-0.209849,0.30724,1.08546,-1.4588e-07,0.248811,1.08546,-0.248811,0.364284,1.08546,-1.70853e-07,-4.04389e-08,1.08546,-0.364284,-2.94397e-08,1.08546,-0.30724,2.98023e-08,1.0192,-1.79545e-08,0.361497,-1.28324,0.0479986,0.374359,-1.28324,-5.0482e-07,0.466755,-1.22097,-0.0479996,0.269241,-1.28123,-0.0479996,0.269241,-0.837216,-0.0479996,0.361497,-1.28324,-0.0479996,0.0655681,-0.725161,0.0655678,0.269241,-0.837216,0.0479987,0.282102,-1.28123,-5.04352e-07,0.065568,-0.725161,-0.0655683,0.269241,-0.502945,-0.0479995,0.282102,-0.502945,-4.27031e-07,0.374359,-1.28324,-5.0482e-07,0.479616,-1.22097,-5.49925e-07,0.466755,-1.22097,0.0479986,0.479616,-1.22097,-5.49925e-07,0.499811,-1.11859,0.0479985,0.512673,-1.11859,-5.85656e-07,0.512673,-1.11859,-5.85656e-07,0.499811,-1.11859,-0.0479997,-0.361497,-1.28324,0.0479986,-0.374359,-1.28324,-5.0482e-07,-0.269241,-1.28123,-0.0479996,-0.466755,-1.22097,-0.0479996,-0.269241,-0.837216,-0.0479996,-0.361497,-1.28324,-0.0479996,-0.269241,-0.837216,0.0479987,-0.065568,-0.725161,0.0655678,-0.282102,-1.28123,-5.04352e-07,-0.065568,-0.725161,-0.0655683,-0.269241,-0.502945,-0.0479995,-0.282102,-0.502945,-4.27031e-07,-0.374359,-1.28324,-5.0482e-07,-0.479616,-1.22097,-5.49925e-07,-0.479616,-1.22097,-5.49925e-07,-0.466755,-1.22097,0.0479986,-0.499811,-1.11859,0.0479985,-0.512673,-1.11859,-5.85656e-07,-0.512673,-1.11859,-5.85656e-07,-0.499811,-1.11859,-0.0479997]},"normal":{"type":"float32","components":3,