{"model":{"version":3,"nodes":[{"name":"RootNode","position":[0,0,0],"rotation":[0,0,0],"scale":[0.01,0.01,0.01],"scaleCompensation":false},{"name":"bow","position":[0,0,0],"rotation":[-90,0,0],"scale":[100,100,100],"scaleCompensation":false}],"parents":[-1,0],"skins":[],"morphs":[],"vertices":[{"position":{"type":"float32","components":3,"data":[-0.872468,0.216364,0.713385,-0.967862,7.48066e-06,0.668769,-0.965951,7.49234e-06,0.841178,-0.878682,0.232732,0.572924,0.765136,0.2611,0.733938,0.872468,0.216364,0.713385,0.878682,0.232732,0.572924,0.741816,0.288101,0.550099,0.872468,-0.216349,0.713385,0.967862,7.48066e-06,0.668769,0.965951,7.49234e-06,0.841178,0.878682,-0.232717,0.572924,-0.765136,-0.261085,0.733938,-0.872468,-0.216349,0.713385,-0.878682,-0.232717,0.572924,-0.741816,-0.288086,0.550099,0.791196,-0.261085,-0.553064,0.861309,7.48309e-06,-0.656614,0.921806,-0.216349,-0.496296,1.01895,7.47645e-06,-0.599045,-0.965951,7.49234e-06,0.841178,-0.835248,7.48253e-06,0.854494,0.302182,-0.262023,0.437032,0.653122,7.48253e-06,0.794751,0.25875,7.47993e-06,0.504786,0.606381,-0.30582,0.681432,-0.302182,-0.262023,0.437032,-0.140213,7.47879e-06,0.0314437,-0.25875,7.47993e-06,0.504786,-0.140213,-0.125963,-0.0203352,-0.302801,-0.262023,-0.439098,-0.675876,-0.30582,-0.528448,-0.722618,7.47879e-06,-0.6328,-0.253382,7.47369e-06,-0.511436,0.253382,7.47369e-06,-0.511436,0.140213,-0.133316,-0.322818,0.140213,7.47879e-06,-0.387207,0.302801,-0.262023,-0.439098,0.283559,-0.301669,0.0935871,0.542429,-0.390612,0.292862,-0.283559,-0.301669,0.0935871,-0.140213,-0.198624,-0.101007,-0.302182,0.262038,0.437032,-0.283559,0.301684,0.0935871,-0.542429,0.390627,0.292862,-0.606381,0.305835,0.681432,0.140213,0.125978,-0.0203352,0.283559,0.301684,0.0935871,0.140213,0.198639,-0.101007,0.302182,0.262038,0.437032,-0.140213,0.125978,-0.0203352,-0.140213,0.198639,-0.101007,0.140213,-0.125963,-0.0203352,0.140213,-0.198624,-0.101007,-0.140213,-0.133316,-0.322818,-0.140213,7.47879e-06,-0.387207,0.140213,7.47879e-06,0.0314437,0.301638,-0.341314,-0.166882,0.140213,-0.200423,-0.219693,-0.301638,0.341329,-0.166882,-0.140213,0.133331,-0.322818,-0.302801,0.262038,-0.439098,-0.140213,0.200438,-0.219693,0.301638,0.341329,-0.166882,0.140213,0.133331,-0.322818,0.140213,0.200438,-0.219693,0.302801,0.262038,-0.439098,-0.551414,0.398379,-0.0616878,-0.675876,0.305835,-0.528448,-0.301638,-0.341314,-0.166882,-0.140213,-0.200423,-0.219693,0.551414,-0.398364,-0.0616878,0.675876,-0.30582,-0.528448,0.841342,7.47765e-06,-0.0303974,0.898889,-0.249085,-0.315123,0.947551,7.47414e-06,-0.319499,0.765074,-0.28182,-0.0303974,-0.841342,7.47765e-06,-0.0303974,-0.898889,0.2491,-0.315123,-0.947551,7.47414e-06,-0.319499,-0.765074,0.281835,-0.0303974,-0.841342,7.47765e-06,-0.0303974,-0.898889,-0.249085,-0.315123,-0.765074,-0.28182,-0.0303974,-0.947551,7.47414e-06,-0.319499,0.841342,7.47765e-06,-0.0303974,0.898889,0.2491,-0.315123,0.765074,0.281835,-0.0303974,0.947551,7.47414e-06,-0.319499,0.25875,7.47993e-06,0.504786,0.140213,7.47879e-06,0.0314437,-0.253382,7.47369e-06,-0.511436,-0.140213,7.47879e-06,-0.387207,0.140213,7.47879e-06,-0.387207,0.253382,7.47369e-06,-0.511436,-0.722618,7.47879e-06,-0.6328,-0.140213,7.47879e-06,0.0314437,-0.25875,7.47993e-06,0.504786,0.653122,7.48253e-06,0.794751,0.606381,0.305835,0.681432,-0.835248,7.48253e-06,0.854494,-0.765136,0.2611,0.733938,-0.965951,7.49234e-06,0.841178,0.861309,7.48309e-06,-0.656614,0.921806,0.216364,-0.496296,1.01895,7.47645e-06,-0.599045,0.791196,0.2611,-0.553064,0.967862,7.48066e-06,0.668769,0.965951,7.49234e-06,0.841178,-0.967862,7.48066e-06,0.668769,-0.965951,7.49234e-06,0.841178,0.148412,0.185349,0.0736642,1.58946e-09,0.303177,-0.0498324,1.58946e-09,0.209892,0.102161,0.178082,0.267724,-0.0605552,-0.148412,-0.185334,0.0736642,1.58946e-09,-0.303162,-0.0498324,1.58946e-09,-0.209877,0.102161,-0.178082,-0.26771,-0.0605552,0.148412,-0.185334,-0.355952,1.58946e-09,-0.209877,-0.384347,1.58946e-09,7.47879e-06,-0.457061,0.148412,7.47879e-06,-0.420163,-0.148412,7.47879e-06,0.129948,1.58946e-09,7.47879e-06,0.165898,1.58946e-09,-0.320277,-0.230043,-0.148412,-0.185334,-0.355952,-0.167155,-0.282823,-0.219693,1.58946e-09,0.320291,-0.230043,0.148412,0.185349,-0.355952,1.58946e-09,0.209892,-0.384347,0.167155,0.282838,-0.219693,-0.148412,0.185349,0.0736642,1.58946e-09,7.47879e-06,0.165898,-0.148412,7.47879e-06,0.129948,1.58946e-09,7.47879e-06,-0.457061,0.148412,7.47879e-06,-0.420163,-0.178082,7.47879e-06,-0.0324132,-0.148412,7.47879e-06,0.129948,-0.178082,0.267724,-0.0605552,-0.178082,7.47879e-06,-0.0324132,-0.167155,7.47879e-06,-0.219693,-0.148412,7.47879e-06,-0.420163,-0.148412,0.185349,-0.355952,-0.167155,7.47879e-06,-0.219693,-0.167155,0.282838,-0.219693,-0.148412,7.47879e-06,-0.420163,0.167155,7.47879e-06,-0.219693,0.148412,7.47879e-06,-0.420163,0.167155,7.47879e-06,-0.219693,0.167155,-0.282823,-0.219693,0.148412,7.47879e-06,-0.420163,0.178082,7.47879e-06,-0.0324132,0.178082,-0.26771,-0.0605552,0.178082,7.47879e-06,-0.0324132,0.148412,7.47879e-06,0.129948,-0.653122,7.48253e-06,0.794751,-0.861309,7.48309e-06,-0.656614,-0.791196,0.2611,-0.553064,-0.551414,-0.398364,-0.0616878,-0.741816,0.288101,0.550099,-0.791196,-0.261085,-0.553064,-0.861309,7.48309e-06,-0.656614,-0.653122,7.48253e-06,0.794751,-0.606381,-0.30582,0.681432,-0.542429,-0.390612,0.292862,0.722618,7.47879e-06,-0.6328,0.675876,0.305835,-0.528448,0.835248,7.48253e-06,0.854494,0.551414,0.398379,-0.0616878,0.765136,-0.261085,0.733938,0.741816,-0.288086,0.550099,0.835248,7.48253e-06,0.854494,0.722618,7.47879e-06,-0.6328,0.542429,0.390627,0.292862,0.795438,-0.249085,0.285761,-0.795438,0.2491,0.285761,-0.795438,-0.249085,0.285761,-0.880314,7.48869e-06,0.349657,0.795438,0.2491,0.285761,0.880314,7.48869e-06,0.349657,0.880314,7.48869e-06,0.349657,-0.880314,7.48869e-06,0.349657,0.148412,-0.185334,0.0736642,0.148412,7.47879e-06,0.129948,-0.148412,7.47879e-06,0.129948,0.780419,-0.314152,-0.372013,-0.921806,-0.216349,-0.496296,-1.01895,7.47645e-06,-0.599045,-0.781643,0.313606,-0.373388,-1.01895,7.47645e-06,-0.599045,-0.921806,0.216364,-0.496296,1.01895,7.47645e-06,-0.599045,-1.01895,7.47645e-06,-0.599045,-1.01895,7.47645e-06,-0.599045,0.781643,0.313606,-0.373388,1.01895,7.47645e-06,-0.599045,-0.780419,-0.314152,-0.372013,0.965951,7.49234e-06,0.841178,0.965951,7.49234e-06,0.841178,-0.148412,7.47879e-06,-0.420163,0.148412,7.47879e-06,0.129948,0.148412,7.47879e-06,0.129948,-0.148412,7.47879e-06,-0.420163]},"normal":{"type":"float32","components":3,