{"model":{"version":3,"nodes":[{"name":"RootNode","position":[0,0,0],"rotation":[0,0,0],"scale":[0.01,0.01,0.01],"scaleCompensation":false},{"name":"food_5.003","position":[0,0,0],"rotation":[-90,0,0],"scale":[100,100,100],"scaleCompensation":false}],"parents":[-1,0],"skins":[],"morphs":[],"vertices":[{"position":{"type":"float32","components":3,"data":[0.0187552,0.867925,-0.589991,0.0271351,0.502683,-0.91426,-0.266629,0.407056,-0.921312,-0.489629,0.702196,-0.608841,0.52738,0.702857,-0.572494,0.320997,0.407328,-0.907643,-0.000121832,0.999996,-0.0489475,0.587431,0.80903,-0.0470435,-0.587627,0.808985,-0.0515448,-0.950668,0.308964,-0.0387578,-0.803571,0.268977,-0.621733,-0.448086,0.156973,-0.926105,-0.803119,-0.266252,-0.623593,-0.950579,-0.309068,-0.0217793,-0.447926,-0.152043,-0.926808,-0.488438,-0.699049,-0.613779,-0.587405,-0.809043,-0.0370219,-0.266211,-0.401958,-0.923152,0.000131845,-0.999996,-0.049723,0.0202363,-0.864108,-0.596044,0.0276511,-0.497314,-0.916535,0.528583,-0.698385,-0.57733,0.58762,-0.808995,-0.0475225,0.321415,-0.401687,-0.909483,0.950668,-0.308993,-0.0463621,0.842453,-0.26518,-0.564759,0.502873,-0.151603,-0.90469,0.950599,0.309037,-0.0462144,0.841994,0.270046,-0.562929,0.502713,0.157413,-0.903987,0.950599,0.309037,-0.0462144,0.841994,0.270046,-0.562929,0.502713,0.157413,-0.903987,0.0253265,0.00493073,-0.871881,0.320997,0.407328,-0.907643,0.502713,0.157413,-0.903987,0.502873,-0.151603,-0.90469,-0.266211,-0.401958,-0.923152,-0.447926,-0.152043,-0.926808,0.0276511,-0.497314,-0.916535,-0.266629,0.407056,-0.921312,0.0271351,0.502683,-0.91426,0.321415,-0.401687,-0.909483,-0.448086,0.156973,-0.926105,0.842538,-0.26626,0.482412,0.842847,0.268971,0.480866,0.52863,0.70219,0.488857,0.842847,0.268971,0.480866,0.0199077,0.867921,0.503334,0.320043,0.406932,0.818491,0.50155,0.156856,0.815459,0.0262382,0.502548,0.823977,-0.267641,0.407181,0.838087,-0.489004,0.702862,0.521135,-0.449342,0.157258,0.863998,-0.80372,0.27006,0.566949,-0.449463,-0.151759,0.876316,-0.804028,-0.265171,0.59511,-0.489812,-0.69839,0.560505,-0.267956,-0.401834,0.86154,0.0189102,-0.864121,0.510707,0.0258496,-0.49745,0.834124,0.527822,-0.699062,0.492906,0.319729,-0.402083,0.820024,0.50143,-0.15216,0.816045,0.50155,0.156856,0.815459,0.50155,0.156856,0.815459,0.0209353,0.00204945,0.926808,0.50143,-0.15216,0.816045,0.319729,-0.402083,0.820024,0.320043,0.406932,0.818491,0.0262382,0.502548,0.823977,-0.267641,0.407181,0.838087,0.0258496,-0.49745,0.834124,-0.267956,-0.401834,0.86154,-0.449463,-0.151759,0.876316,-0.449342,0.157258,0.863998]},"normal":{"type":"float32","components":3,"data":[0.014008,0.871029,-0.490982,0.025483,0.382397,-0.923612,-0.196112,0.307657,-0.931059,-0.497574,0.704001,-0.506668,0.525285,0.705496,-0.475692,0.25013,0.311991,-0.916532,-0.00320444,0.999969,-0.00231941,0.585681,0.810511,-0.00207526,-0.58861,0.808374,-0.00552385,-0.95053,0.310556,-0.00463881,-0.813959,0.267922,-0.515427,-0.33137,0.118412,-0.936033,-0.813898,-0.26838,-0.515275,-0.951231,-0.308451,0.000335704,-0.331095,-0.113651,-0.936705,-0.498306,-0.702109,-0.508621,-0.587207,-0.809412,-0.00408948,-0.195502,-0.302469,-0.932859,-0.00140385,-0.999969,-0.00500504,0.0142521,-0.868404,-0.495621,0.0259407,-0.376812,-0.925901,0.526231,-0.701926,-0.479934,0.585589,-0.810572,-0.00219733,0.250313,-0.306314,-0.918393,0.950652,-0.310221,-0.00219733,0.841975,-0.266854,-0.468856,0.390454,-0.115787,-0.913297,0.950804,0.309763,-0.00222785,0.841609,0.270791,-0.467238,0.390454,0.121342,-0.912564,0.950804,0.309763,-0.00222785,0.841609,0.270791,-0.467238,0.390454,0.121342,-0.912564,0.0234382,0.00183111,-0.999695,0.25013,0.311991,-0.916532,0.390454,0.121342,-0.912564,0.390454,-0.115787,-0.913297,-0.195502,-0.302469,-0.932859,-0.331095,-0.113651,-0.936705,0.0259407,-0.376812,-0.925901,-0.196112,0.307657,-0.931059,0.025483,0.382397,-0.923612,0.250313,-0.306314,-0.918393,-0.33137,0.118412,-0.936033,0.840175,-0.268258,0.471267,0.840541,0.269814,0.469771,0.524247,0.7051,0.477462,0.840541,0.269814,0.469771,0.0144658,0.871944,0.489364,0.304636,0.392987,0.86758,0.480758,0.151372,0.863674,0.0282296,0.486709,0.873074,-0.23072,0.412305,0.881314,-0.489151,0.716941,0.496658,-0.391308,0.18775,0.900876,-0.804712,0.291696,0.516984,-0.388318,-0.130741,0.912198,-0.805444,-0.263924,0.530625,-0.47908,-0.713584,0.511093,-0.204382,-0.390606,0.897549,0.0262154,-0.87289,0.487167,0.0576495,-0.47853,0.876156,0.525407,-0.70275,0.479598,0.311686,-0.386547,0.867977,0.480483,-0.147801,0.864437,0.480758,0.151372,0.863674,0.480758,0.151372,0.863674,0.0524918,0.0133061,0.998505,0.480483,-0.147801,0.864437,0.311686,-0.386547,0.867977,0.304636,0.392987,0.86758,0.0282296,0.486709,0.873074,-0.23072,0.412305,0.881314,0.0576495,-0.47853,0.876156,-0.204382,-0.390606,0.897549,-0.388318,-0.130741,0.912198,-0.391308,0.18775,0.900876]},"texCoord0":{"type":"float32","components":2,"data":[0.522056,0.811258,0.529959,0.764441,0.562854,0.771405,0.558781,0.814792,0.479552,0.804126,0.496088,0.754097,0.520563,0.849448,0.475035,0.848767,0.558256,0.84969,0.591719,0.851465,0.592155,0.816906,0.594235,0.776659,0.623855,0.81783,0.623602,0.853258,0.623978,0.780664,0.655594,0.817325,0.655575,0.851618,0.653775,0.776861,0.689298,0.849949,0.68909,0.815542,0.685219,0.771816,0.725989,0.812162,0.727348,0.849782,0.718163,0.765021,0.773206,0.84919,0.768644,0.804984,0.752062,0.754788,0.838695,0.848032,0.821726,0.787282,0.785163,0.737625,0.409599,0.847439,0.426428,0.786604,0.462993,0.736867,0.931613,0.0890048,0.907799,0.0559197,0.93182,0.0481142,0.955842,0.055919,0.955842,0.122046,0.93182,0.12985,0.970689,0.101611,0.892953,0.101611,0.892953,0.0763537,0.970689,0.0763533,0.907799,0.122045,0.76993,0.894404,0.823572,0.91048,0.477761,0.894521,0.423922,0.910245,0.520699,0.888727,0.492531,0.945032,0.458674,0.961133,0.526953,0.935894,0.560575,0.93073,0.558021,0.886461,0.59326,0.927704,0.592239,0.887145,0.62378,0.924499,0.623708,0.88815,0.655226,0.886935,0.65432,0.927635,0.68954,0.8861,0.687016,0.930596,0.726958,0.888393,0.720612,0.935754,0.754968,0.944949,0.788705,0.961133,0.841784,0.156524,0.817113,0.190376,0.817648,0.148525,0.793398,0.156169,0.856669,0.177139,0.856669,0.202564,0.841666,0.223115,0.778313,0.176662,0.778304,0.202177,0.793204,0.222802,0.817348,0.230804]}}],"meshes":[{"aabb":{"min":[-0.950668,-0.999996,-0.926808],"max":[0.950668,0.999996,0.926808]},"vertices":0,"indices":[0,1,2,2,3,0,0,4,1,1,4,5,6,4,0,4,6,7,6,3,8,3,6,0,9,3,10,3,9,8,3,11,10,11,3,2,9,12,13,12,9,10,12,10,14,14,10,11,13,15,16,15,13,12,15,14,17,14,15,12,18,15,19,15,18,16,19,17,20,17,19,15,18,21,22,21,18,19,21,20,23,20,21,19,24,21,25,21,24,22,25,23,26,23,25,21,27,25,28,25,27,24,25,29,28,29,25,26,30,4,7,4,30,31,31,5,4,5,31,32,33,34,35,33,35,36,33,37,38,33,39,37,33,40,41,33,41,34,33,36,42,33,42,39,33,38,43,33,43,40,44,27,45,27,44,24,30,46,47,46,30,7,46,6,48,6,46,7,47,49,50,49,47,46,46,51,49,51,46,48,52,48,53,48,52,51,6,53,48,53,6,8,53,54,52,54,53,55,53,9,55,9,53,8,55,56,54,56,55,57,55,13,57,13,55,9,57,58,56,58,59,56,13,58,57,58,13,16,59,60,61,60,59,58,58,18,60,18,58,16,62,61,60,61,62,63,62,18,22,18,62,60,62,44,63,44,64,63,62,24,44,24,62,22,64,45,65,45,64,44,66,67,68,68,67,69,70,67,66,71,67,70,72,67,71,69,67,73,73,67,74,74,67,75,75,67,76,76,67,72],"type":"triangles","base":0,"count":300}],"meshInstances":[{"node":1,"mesh":0}]}}