{"model":{"version":3,"nodes":[{"name":"RootNode","position":[0,0,0],"rotation":[0,0,0],"scale":[0.01,0.01,0.01],"scaleCompensation":false},{"name":"paint_bomb","position":[0,0,0],"rotation":[-90,0,0],"scale":[100,100,100],"scaleCompensation":false}],"parents":[-1,0],"skins":[],"morphs":[],"vertices":[{"position":{"type":"float32","components":3,"data":[0.425323,-0.309011,-0.850654,0.10229,0.074317,-0.944501,0.425323,0.309011,-0.850654,0.10229,-0.0743171,-0.944501,0.723607,-0.525725,-0.44722,0.850648,0,-0.525736,-0.162456,-0.499995,-0.850654,-0.03907,-0.120249,-0.944501,-0.162456,0.499995,-0.850654,-0.126437,-4.52698e-09,-0.9445,-0.52573,0,-0.850652,-0.03907,0.120249,-0.944501,0.951058,-0.309013,0,-0.276388,-0.850649,-0.44722,0.262869,-0.809012,-0.525738,0,-1,0,-0.894426,0,-0.447216,-0.688189,-0.499997,-0.525736,-0.951058,-0.309013,0,-0.276388,0.850649,-0.44722,-0.688189,0.499997,-0.525736,-0.587786,0.809017,0,0.723607,0.525725,-0.44722,0.262869,0.809012,-0.525738,0.587786,0.809017,0,0.587786,-0.809017,0,-0.587786,-0.809017,0,-0.951058,0.309013,0,0,1,0,0.951058,0.309013,0,0.276388,-0.850649,0.44722,0.688189,-0.499997,0.525736,0.162456,-0.499995,0.850654,-0.723607,-0.525725,0.44722,-0.262869,-0.809012,0.525738,-0.425323,-0.309011,0.850654,-0.723607,0.525725,0.44722,-0.850648,0,0.525736,-0.425323,0.309011,0.850654,0.276388,0.850649,0.44722,-0.262869,0.809012,0.525738,0.162456,0.499995,0.850654,0.894426,0,0.447216,0.688189,0.499997,0.525736,0.52573,0,0.850652,0,0,1,0.951058,0.309013,0,0.587786,0.809017,0,0,1,0,-0.587786,0.809017,0,-0.951058,0.309013,0,-0.951058,-0.309013,0,-0.587786,-0.809017,0,0,-1,0,0.587786,-0.809017,0,0.951058,-0.309013,0,-0.0725394,0.223258,-1.11119,0.189915,0.13798,-1.11119,-0.234749,1.70277e-09,-1.11119,-0.0725394,-0.223258,-1.11119,0.189915,-0.13798,-1.11119,2.54517e-07,1.70277e-09,-1.17788]},"normal":{"type":"float32","components":3,"data":[0.415174,-0.301645,-0.858241,0.676931,0.491806,-0.547563,0.415174,0.301645,-0.858241,0.676931,-0.491806,-0.547563,0.723594,-0.525712,-0.447188,0.850642,0,-0.525712,-0.158574,-0.488083,-0.858241,-0.258553,-0.795801,-0.547563,-0.158574,0.488083,-0.858241,-0.836756,0,-0.547563,-0.513199,0,-0.858241,-0.258553,0.795801,-0.547563,0.951048,-0.309,0,-0.276376,-0.850642,-0.447218,0.262856,-0.808985,-0.525712,0,-1,0,-0.894406,0,-0.447188,-0.688162,-0.499985,-0.525712,-0.951048,-0.309,0,-0.276376,0.850642,-0.447218,-0.688162,0.499985,-0.525712,-0.587756,0.809015,0,0.723594,0.525712,-0.447188,0.262856,0.808985,-0.525712,0.587756,0.809015,0,0.587756,-0.809015,0,-0.587756,-0.809015,0,-0.951048,0.309,0,0,1,0,0.951048,0.309,0,0.276376,-0.850642,0.447218,0.688162,-0.499985,0.525712,0.16245,-0.499985,0.850642,-0.723594,-0.525712,0.447188,-0.262856,-0.808985,0.525712,-0.425306,-0.309,0.850642,-0.723594,0.525712,0.447188,-0.850642,0,0.525712,-0.425306,0.309,0.850642,0.276376,0.850642,0.447218,-0.262856,0.808985,0.525712,0.16245,0.499985,0.850642,0.894406,0,0.447188,0.688162,0.499985,0.525712,0.525712,0,0.850642,0,0,1,0.951048,0.309,0,0.587756,0.809015,0,0,1,0,-0.587756,0.809015,0,-0.951048,0.309,0,-0.951048,-0.309,0,-0.587756,-0.809015,0,0,-1,0,0.587756,-0.809015,0,0.951048,-0.309,0,-0.29664,0.912992,-0.280038,0.776635,0.564257,-0.280038,-0.95996,0,-0.280038,-0.29664,-0.912992,-0.280038,0.776635,-0.564257,-0.280038,0,0,-1]},"texCoord0":{"type":"float32","components":2,"data":[0.211633,0.70104,0.284507,0.725401,0.266089,0.76704,0.250967,0.700044,0.118493,0.707277,0.1695,0.792405,0.255405,0.620733,0.268684,0.657556,0.358679,0.733864,0.315035,0.664179,0.349135,0.637805,0.330923,0.716413,0.0284264,0.797076,0.218396,0.53468,0.154868,0.614247,0.100114,0.480237,0.420265,0.575349,0.32163,0.538287,0.435975,0.440915,0.439036,0.784308,0.447727,0.677784,0.57576,0.762264,0.244817,0.859086,0.347442,0.837965,0.302709,0.980241,0.0161358,0.629056,0.259758,0.407377,0.559003,0.577162,0.47457,0.918822,0.134341,0.929355,0.65037,0.135406,0.751083,0.141809,0.686591,0.220026,0.54827,0.306497,0.585482,0.212693,0.639942,0.298197,0.679435,0.456469,0.601723,0.392092,0.699871,0.366719,0.862601,0.378068,0.77736,0.432083,0.783559,0.330898,0.844639,0.179638,0.86967,0.2774,0.775352,0.240236,0.717063,0.291215,0.975268,0.180794,0.990901,0.35347,0.901869,0.502661,0.742475,0.570888,0.573074,0.532316,0.458932,0.401808,0.443267,0.228778,0.532117,0.0798922,0.691837,0.0115256,0.860893,0.0500188,0.299544,0.696235,0.288235,0.702559,0.296878,0.683643,0.28565,0.682561,0.280375,0.693161,0.29047,0.690932]}}],"meshes":[{"aabb":{"min":[-0.951058,-1,-1.17788],"max":[0.951058,1,1]},"vertices":0,"indices":[0,1,2,1,0,3,4,0,5,0,6,7,0,7,3,8,9,10,9,8,11,11,2,1,2,11,8,4,5,12,13,14,15,16,17,18,19,20,21,22,23,24,4,12,25,13,15,26,16,18,27,19,21,28,22,24,29,30,31,32,33,34,35,36,37,38,39,40,41,42,43,44,44,41,45,44,43,41,43,39,41,41,38,45,41,40,38,40,36,38,38,35,45,38,37,35,37,33,35,35,32,45,35,34,32,34,30,32,32,44,45,32,31,44,31,42,44,46,43,42,46,47,43,47,39,43,48,40,39,48,49,40,49,36,40,50,37,36,50,51,37,51,33,37,52,34,33,52,53,34,53,30,34,54,31,30,54,55,31,55,42,31,47,48,39,24,23,28,23,19,28,49,50,36,21,20,27,20,16,27,51,52,33,18,17,26,17,13,26,53,54,30,15,14,25,14,4,25,55,46,42,12,5,29,5,22,29,2,23,22,2,8,23,8,19,23,8,20,19,8,10,20,10,16,20,10,17,16,10,6,17,6,13,17,5,2,22,5,0,2,6,10,9,6,9,7,6,14,13,6,0,14,0,4,14,1,56,11,56,1,57,9,58,7,7,58,59,7,59,3,3,59,60,11,58,9,58,11,56,3,60,1,1,60,57,61,60,59,61,59,58,61,58,56,61,56,57,60,61,57],"type":"triangles","base":0,"count":300}],"meshInstances":[{"node":1,"mesh":0}]}}