{"model":{"version":2,"nodes":[{"name":"RootNode","position":[0,0,0],"rotation":[0,0,0],"scale":[1,1,1]},{"name":"Street_front_6","position":[0,0,0],"rotation":[0,0,0],"scale":[0.01,0.01,0.01]}],"parents":[-1,0],"skins":[],"vertices":[{"position":{"type":"float32","components":3,"data":[1000,-6.66134e-13,0.000244141,1000,6.66134e-13,-6000,0,-6.66134e-13,0.000244141,0,6.66134e-13,-6000]},"normal":{"type":"float32","components":3,"data":[0,1,2.22045e-16,0,1,2.22045e-16,0,1,2.22045e-16,0,1,2.22045e-16]},"texCoord0":{"type":"float32","components":2,"data":[0.412087,0.00787587,0.412087,0.747704,0.288782,0.00787587,0.288782,0.747704]}}],"meshes":[{"aabb":{"min":[0,-6.66134e-13,-6000],"max":[1000,6.66134e-13,0.000244141]},"vertices":0,"indices":[0,1,2,2,1,3],"type":"triangles","base":0,"count":6}],"meshInstances":[{"node":1,"mesh":0}]}}