{"model":{"version":3,"nodes":[{"name":"RootNode","position":[0,0,0],"rotation":[0,0,0],"scale":[0.01,0.01,0.01],"scaleCompensation":false},{"name":"Ruby","position":[0,0,0],"rotation":[-90,0,0],"scale":[100,100,100],"scaleCompensation":false}],"parents":[-1,0],"skins":[],"morphs":[],"vertices":[{"position":{"type":"float32","components":3,"data":[0.5,0.288675,-0.4,0,0.57735,-0.4,0.5,0.866025,0,0.5,0.288675,-0.4,0.5,0.866025,0,1,6.12323e-17,0,1,6.12323e-17,0,0.5,0.866025,0,0.8,0.46188,0.175,0.5,0.866025,0,0.3,0.519615,0.35,0.8,0.46188,0.175,0.8,0.46188,0.175,0.3,0.519615,0.35,0.6,3.67394e-17,0.35,0.5,-0.288675,-0.4,0.5,0.288675,-0.4,1,6.12323e-17,0,0.5,-0.288675,-0.4,1,6.12323e-17,0,0.5,-0.866025,0,0.5,-0.866025,0,1,6.12323e-17,0,0.8,-0.46188,0.175,1,6.12323e-17,0,0.6,3.67394e-17,0.35,0.8,-0.46188,0.175,0.8,-0.46188,0.175,0.3,-0.519615,0.35,7.0705e-17,-0.57735,-0.4,0.5,-0.288675,-0.4,0.5,-0.866025,0,7.0705e-17,-0.57735,-0.4,0.5,-0.866025,0,-0.5,-0.866025,0,-0.5,-0.866025,0,0.5,-0.866025,0,1.13128e-16,-0.92376,0.175,0.5,-0.866025,0,0.3,-0.519615,0.35,1.13128e-16,-0.92376,0.175,1.13128e-16,-0.92376,0.175,-0.3,-0.519615,0.35,-0.5,-0.288675,-0.4,7.0705e-17,-0.57735,-0.4,-0.5,-0.866025,0,-0.5,-0.288675,-0.4,-0.5,-0.866025,0,-1,-1.83697e-16,0,-1,-1.83697e-16,0,-0.5,-0.866025,0,-0.8,-0.46188,0.175,-0.5,-0.866025,0,-0.3,-0.519615,0.35,-0.8,-0.46188,0.175,-0.8,-0.46188,0.175,-0.6,-1.10218e-16,0.35,-0.5,0.288675,-0.4,-0.5,-0.288675,-0.4,-1,-1.83697e-16,0,-0.5,0.288675,-0.4,-1,-1.83697e-16,0,-0.5,0.866025,0,-0.5,0.866025,0,-1,-1.83697e-16,0,-0.8,0.46188,0.175,-1,-1.83697e-16,0,-0.6,-1.10218e-16,0.35,-0.8,0.46188,0.175,-0.8,0.46188,0.175,-0.3,0.519615,0.35,0,0.57735,-0.4,-0.5,0.288675,-0.4,-0.5,0.866025,0,0,0.57735,-0.4,-0.5,0.866025,0,0.5,0.866025,0,0.5,0.866025,0,-0.5,0.866025,0,0,0.92376,0.175,-0.5,0.866025,0,-0.3,0.519615,0.35,0,0.92376,0.175,0,0.92376,0.175,0,0,0.35,0,0,-0.8,0,0.92376,0.175,0,0,-0.8,0.8,0.46188,0.175,0,0,-0.8,0.8,-0.46188,0.175,0,0,-0.8,1.13128e-16,-0.92376,0.175,0,0,-0.8,-0.8,-0.46188,0.175,0,0,-0.8,-0.8,0.46188,0.175]},"normal":{"type":"float32","components":3,"data":[0.312348,0.541002,-0.780869,0.312348,0.541002,-0.780869,0.312348,0.541002,-0.780869,0.702247,0.405442,-0.585206,0.702247,0.405442,-0.585206,0.702247,0.405442,-0.585206,0.822423,0.474826,-0.313304,0.822423,0.474826,-0.313304,0.822423,0.474826,-0.313304,0.329252,0.570282,0.752577,0.329252,0.570282,0.752577,0.329252,0.570282,0.752577,0.344124,0.19868,0.917663,0.0850273,0.147272,0.985435,0.170055,0,0.985435,0.624695,0,-0.780869,0.624695,0,-0.780869,0.624695,0,-0.780869,0.702247,-0.405442,-0.585206,0.702247,-0.405442,-0.585206,0.702247,-0.405442,-0.585206,0.822423,-0.474826,-0.313304,0.822423,-0.474826,-0.313304,0.822423,-0.474826,-0.313304,0.658505,0,0.752577,0.658505,0,0.752577,0.658505,6.0699e-08,0.752577,0.344124,-0.19868,0.917663,0.0850273,-0.147272,0.985435,0.312348,-0.541002,-0.780869,0.312348,-0.541002,-0.780869,0.312348,-0.541002,-0.780869,0,-0.810885,-0.585206,0,-0.810885,-0.585206,0,-0.810885,-0.585206,0,-0.949653,-0.313304,0,-0.949653,-0.313304,0,-0.949653,-0.313304,0.329252,-0.570282,0.752577,0.329252,-0.570282,0.752577,0.329252,-0.570282,0.752577,0,-0.39736,0.917663,-0.0850273,-0.147272,0.985435,-0.312348,-0.541002,-0.780869,-0.312348,-0.541002,-0.780869,-0.312348,-0.541002,-0.780869,-0.702247,-0.405442,-0.585206,-0.702247,-0.405442,-0.585206,-0.702247,-0.405442,-0.585206,-0.822423,-0.474826,-0.313304,-0.822423,-0.474826,-0.313304,-0.822423,-0.474826,-0.313304,-0.329252,-0.570282,0.752577,-0.329252,-0.570282,0.752577,-0.329252,-0.570282,0.752577,-0.344124,-0.19868,0.917663,-0.170055,0,0.985435,-0.624695,0,-0.780869,-0.624695,0,-0.780869,-0.624695,0,-0.780869,-0.702247,0.405442,-0.585206,-0.702247,0.405442,-0.585206,-0.702247,0.405442,-0.585206,-0.822423,0.474826,-0.313304,-0.822423,0.474826,-0.313304,-0.822423,0.474826,-0.313304,-0.658505,0,0.752577,-0.658505,0,0.752577,-0.658505,-6.0699e-08,0.752577,-0.344124,0.19868,0.917663,-0.0850273,0.147272,0.985435,-0.312348,0.541002,-0.780869,-0.312348,0.541002,-0.780869,-0.312348,0.541002,-0.780869,0,0.810885,-0.585206,0,0.810885,-0.585206,0,0.810885,-0.585206,0,0.949653,-0.313304,0,0.949653,-0.313304,0,0.949653,-0.313304,-0.329252,0.570282,0.752577,-0.329252,0.570282,0.752577,-0.329252,0.570282,0.752577,0,0.39736,0.917663,0,0,1,0.312348,0.541002,-0.780869,0.329252,0.570282,0.752577,0.624695,0,-0.780869,0.658505,-6.0699e-08,0.752577,0.312348,-0.541002,-0.780869,0.329252,-0.570282,0.752577,-0.312348,-0.541002,-0.780869,-0.329252,-0.570282,0.752577,-0.624695,0,-0.780869,-0.658505,6.0699e-08,0.752577,-0.312348,0.541002,-0.780869,-0.329252,0.570282,0.752577]},"texCoord0":{"type":"float32","components":2,"data":[0.80864,0.614551,0.872986,0.5031,0.989053,0.644412,0.80864,0.614551,0.989053,0.644412,0.744293,0.785724,0.254774,0.785724,0.010015,0.644412,0.154575,0.676651,0.010015,0.644412,0.143023,0.56762,0.154575,0.676651,0.154575,0.676651,0.143023,0.56762,0.254774,0.632139,0.679947,0.614551,0.80864,0.614551,0.744293,0.785724,0.679947,0.614551,0.744293,0.785724,0.499534,0.644412,0.499534,0.644412,0.254774,0.785724,0.354974,0.676651,0.254774,0.785724,0.254774,0.632139,0.354974,0.676651,0.354974,0.676651,0.366526,0.56762,0.615601,0.5031,0.679947,0.614551,0.499534,0.644412,0.615601,0.5031,0.499534,0.644412,0.499534,0.361788,0.499534,0.361788,0.499534,0.644412,0.455173,0.5031,0.499534,0.644412,0.366526,0.56762,0.455173,0.5031,0.455173,0.5031,0.366526,0.438581,0.679947,0.391649,0.615601,0.5031,0.499534,0.361788,0.679947,0.391649,0.499534,0.361788,0.744293,0.220476,0.254774,0.220477,0.499534,0.361788,0.354974,0.32955,0.499534,0.361788,0.366526,0.438581,0.354974,0.32955,0.354974,0.32955,0.254774,0.374061,0.80864,0.391649,0.679947,0.391649,0.744293,0.220476,0.80864,0.391649,0.744293,0.220476,0.989053,0.361788,0.0100148,0.361789,0.254774,0.220477,0.154575,0.32955,0.254774,0.220477,0.254774,0.374061,0.154575,0.32955,0.154575,0.32955,0.143023,0.438581,0.872986,0.5031,0.80864,0.391649,0.989053,0.361788,0.872986,0.5031,0.989053,0.361788,0.989053,0.644412,0.010015,0.644412,0.0100148,0.361789,0.0543755,0.5031,0.0100148,0.361789,0.143023,0.438581,0.0543755,0.5031,0.0543755,0.5031,0.254774,0.5031,0.744293,0.5031,0.0543755,0.5031,0.744293,0.5031,0.154575,0.676651,0.744293,0.5031,0.354974,0.676651,0.744293,0.5031,0.455173,0.5031,0.744293,0.5031,0.354974,0.32955,0.744293,0.5031,0.154575,0.32955]}}],"meshes":[{"aabb":{"min":[-1,-0.92376,-0.8],"max":[1,0.92376,0.35]},"vertices":0,"indices":[0,1,2,3,4,5,6,7,8,9,10,11,12,13,14,15,16,17,18,19,20,21,22,23,24,25,26,27,14,28,29,30,31,32,33,34,35,36,37,38,39,40,41,28,42,43,44,45,46,47,48,49,50,51,52,53,54,55,42,56,57,58,59,60,61,62,63,64,65,66,67,68,69,56,70,71,72,73,74,75,76,77,78,79,80,81,82,83,70,13,13,70,84,84,14,13,84,28,14,84,42,28,84,56,42,84,70,56,0,85,1,9,86,10,15,87,16,24,88,25,29,89,30,38,90,39,43,91,44,52,92,53,57,93,58,66,94,67,71,95,72,80,96,81],"type":"triangles","base":0,"count":144}],"meshInstances":[{"node":1,"mesh":0}]}}