{"model":{"version":3,"nodes":[{"name":"RootNode","position":[0,0,0],"rotation":[0,0,0],"scale":[0.01,0.01,0.01],"scaleCompensation":false},{"name":"easter_egg","position":[0,0,0],"rotation":[-90,0,0],"scale":[100,100,100],"scaleCompensation":false}],"parents":[-1,0],"skins":[],"morphs":[],"vertices":[{"position":{"type":"float32","components":3,"data":[0,0.866025,-0.5,0.321394,0.55667,-0.766044,0,0.642788,-0.766044,0.433013,0.75,-0.5,0.423704,0.733877,0.777993,0,0.988723,0.261699,0,0.847408,0.777993,0.494361,0.856259,0.261699,3.85163e-08,0.197404,1.6576,-2.13163e-14,-3.55271e-15,1.70278,0.098702,0.170957,1.6576,0.17101,0.296198,-0.939693,-3.07944e-08,0.34202,-0.939693,0.492558,0.853136,-0.173073,-1.58982e-08,0.985117,-0.173073,0.183997,0.318692,1.50901,6.70675e-08,0.586424,1.24862,6.9626e-08,0.367994,1.50901,0.293212,0.507858,1.24862,0,1.50996e-07,-1,-3.07944e-08,0.34202,-0.939693,0.17101,0.296198,-0.939693,0.856259,0.494362,0.261699,0.853136,0.492559,-0.173073,0.507858,0.293212,1.24862,0.318692,0.183997,1.50901,0.296198,0.17101,-0.939693,0.75,0.433013,-0.5,0.733877,0.423704,0.777994,0.55667,0.321394,-0.766044,0.170957,0.0987021,1.6576,0.296198,0.17101,-0.939693,0.847408,1.11341e-07,0.777994,0.586424,1.34832e-07,1.24862,0.866025,1.39439e-07,-0.5,0.642787,1.39439e-07,-0.766044,0.988723,1.39401e-07,0.261699,0.197404,6.61034e-08,1.6576,0.34202,1.5434e-07,-0.939693,0.985117,1.69248e-07,-0.173073,0.367994,1.40297e-07,1.50901,0.34202,1.5434e-07,-0.939693,0.170957,-0.0987019,1.6576,0.296198,-0.17101,-0.939693,0.55667,-0.321394,-0.766044,0.853136,-0.492558,-0.173073,0.856259,-0.494361,0.261699,0.318692,-0.183997,1.50901,0.507858,-0.293212,1.24862,0.296198,-0.17101,-0.939693,0.75,-0.433012,-0.5,0.733877,-0.423704,0.777994,0.17101,-0.296198,-0.939693,0.492558,-0.853136,-0.173073,0.433013,-0.75,-0.5,0.293212,-0.507858,1.24862,0.423704,-0.733877,0.777994,0.321394,-0.55667,-0.766044,0.494361,-0.856259,0.261699,0.098702,-0.170957,1.6576,0.17101,-0.296198,-0.939693,0.183997,-0.318692,1.50901,-4.56956e-08,-0.866025,-0.5,-4.56956e-08,-0.642787,-0.766044,-4.58773e-08,-0.988723,0.261699,-1.55516e-08,-0.847408,0.777994,-3.02878e-08,-0.197404,1.6576,1.39091e-08,-0.34202,-0.939693,-1.58982e-08,-0.985117,-0.173073,-4.16887e-08,-0.586423,1.24862,-3.89006e-08,-0.367994,1.50901,1.39091e-08,-0.34202,-0.939693,-0.492558,-0.853136,-0.173073,-0.494361,-0.856259,0.261699,-0.183997,-0.318692,1.50901,-0.293212,-0.507858,1.24862,-0.17101,-0.296198,-0.939693,-0.433013,-0.75,-0.5,-0.423704,-0.733877,0.777994,-0.321394,-0.55667,-0.766044,-0.098702,-0.170957,1.6576,-0.17101,-0.296198,-0.939693,-0.733877,-0.423704,0.777994,-0.507858,-0.293212,1.24862,-0.55667,-0.321394,-0.766044,-0.75,-0.433012,-0.5,-0.856259,-0.494361,0.261699,-0.170957,-0.0987019,1.6576,-0.296198,-0.17101,-0.939693,-0.853136,-0.492558,-0.173073,-0.318692,-0.183997,1.50901,-0.296198,-0.17101,-0.939693,-0.197404,1.17706e-07,1.6576,-0.34202,1.39439e-07,-0.939693,-0.642787,1.99044e-07,-0.766044,-0.988723,2.29163e-07,0.261699,-0.985117,1.69248e-07,-0.173073,-0.586424,1.8921e-07,1.24862,-0.367994,2.16081e-07,1.50901,-0.34202,1.39439e-07,-0.939693,-0.866025,1.99044e-07,-0.5,-0.847408,1.98826e-07,0.777994,-0.75,0.433013,-0.5,-0.853136,0.492559,-0.173073,-0.507858,0.293212,1.24862,-0.733877,0.423704,0.777994,-0.55667,0.321394,-0.766044,-0.856259,0.494362,0.261699,-0.170957,0.0987021,1.6576,-0.296198,0.17101,-0.939693,-0.318692,0.183997,1.50901,-0.296198,0.17101,-0.939693,-0.494361,0.856259,0.261699,-0.423704,0.733877,0.777994,-0.0987019,0.170957,1.6576,-0.17101,0.296198,-0.939693,-0.321394,0.55667,-0.766044,-0.492558,0.853136,-0.173073,-0.293212,0.507858,1.24862,-0.183997,0.318692,1.50901,-0.17101,0.296198,-0.939693,-0.433013,0.75,-0.5,6.70675e-08,0.586424,1.24862,6.9626e-08,0.367994,1.50901,-1.58982e-08,0.985117,-0.173073,0,0.866025,-0.5,0,0.847408,0.777993,0,0.642788,-0.766044,0,0.988723,0.261699,-3.07944e-08,0.34202,-0.939693,3.85163e-08,0.197404,1.6576,-0.0987019,0.170957,1.6576,-0.170957,0.0987021,1.6576,-0.197404,1.17706e-07,1.6576,-0.170957,-0.0987019,1.6576,-0.098702,-0.170957,1.6576,-3.02878e-08,-0.197404,1.6576,0.098702,-0.170957,1.6576,0.170957,-0.0987019,1.6576,0.197404,6.61034e-08,1.6576,0.170957,0.0987021,1.6576,0.098702,0.170957,1.6576,3.85163e-08,0.197404,1.6576]},"normal":{"type":"float32","components":3,"data":[0,0.872768,-0.488083,0.329539,0.570757,-0.752068,0,0.659078,-0.752068,0.436384,0.755852,-0.488083,0.4644,0.804376,0.370464,0,0.991974,0.126255,0,0.928831,0.370464,0.495987,0.859066,0.126255,0,0.484542,0.874752,0,0,1,0.242256,0.41963,0.874752,0.183508,0.31785,-0.930204,0,0.367016,-0.930204,0.492447,0.852931,-0.173132,0,0.984893,-0.173132,0.359935,0.623432,0.694082,0,0.829035,0.55913,0,0.719871,0.694082,0.414502,0.717978,0.55913,0,0,-1,0,0.367016,-0.930204,0.183508,0.31785,-0.930204,0.859066,0.495987,0.126255,0.852931,0.492447,-0.173132,0.717978,0.414502,0.55913,0.623432,0.359935,0.694082,0.31785,0.183508,-0.930204,0.755852,0.436384,-0.488083,0.804376,0.4644,0.370464,0.570757,0.329539,-0.752068,0.41963,0.242256,0.874752,0.31785,0.183508,-0.930204,0.928831,0,0.370464,0.829035,0,0.55913,0.872768,0,-0.488083,0.659078,0,-0.752068,0.991974,0,0.126255,0.484542,0,0.874752,0.367016,0,-0.930204,0.984893,0,-0.173132,0.719871,0,0.694082,0.367016,0,-0.930204,0.41963,-0.242256,0.874752,0.31785,-0.183508,-0.930204,0.570757,-0.329539,-0.752068,0.852931,-0.492447,-0.173132,0.859066,-0.495987,0.126255,0.623432,-0.359935,0.694082,0.717978,-0.414502,0.55913,0.31785,-0.183508,-0.930204,0.755852,-0.436384,-0.488083,0.804376,-0.4644,0.370464,0.183508,-0.31785,-0.930204,0.492447,-0.852931,-0.173132,0.436384,-0.755852,-0.488083,0.414502,-0.717978,0.55913,0.4644,-0.804376,0.370464,0.329539,-0.570757,-0.752068,0.495987,-0.859066,0.126255,0.242256,-0.41963,0.874752,0.183508,-0.31785,-0.930204,0.359935,-0.623432,0.694082,0,-0.872768,-0.488083,0,-0.659078,-0.752068,0,-0.991974,0.126255,0,-0.928831,0.370464,0,-0.484542,0.874752,0,-0.367016,-0.930204,0,-0.984893,-0.173132,0,-0.829035,0.55913,0,-0.719871,0.694082,0,-0.367016,-0.930204,-0.492447,-0.852931,-0.173132,-0.495987,-0.859066,0.126255,-0.359935,-0.623432,0.694082,-0.414502,-0.717978,0.55913,-0.183508,-0.31785,-0.930204,-0.436384,-0.755852,-0.488083,-0.4644,-0.804376,0.370464,-0.329539,-0.570757,-0.752068,-0.242256,-0.41963,0.874752,-0.183508,-0.31785,-0.930204,-0.804376,-0.4644,0.370464,-0.717978,-0.414502,0.55913,-0.570757,-0.329539,-0.752068,-0.755852,-0.436384,-0.488083,-0.859066,-0.495987,0.126255,-0.41963,-0.242256,0.874752,-0.31785,-0.183508,-0.930204,-0.852931,-0.492447,-0.173132,-0.623432,-0.359935,0.694082,-0.31785,-0.183508,-0.930204,-0.484542,0,0.874752,-0.367016,0,-0.930204,-0.659078,0,-0.752068,-0.991974,0,0.126255,-0.984893,0,-0.173132,-0.829035,0,0.55913,-0.719871,0,0.694082,-0.367016,0,-0.930204,-0.872768,0,-0.488083,-0.928831,0,0.370464,-0.755852,0.436384,-0.488083,-0.852931,0.492447,-0.173132,-0.717978,0.414502,0.55913,-0.804376,0.4644,0.370464,-0.570757,0.329539,-0.752068,-0.859066,0.495987,0.126255,-0.41963,0.242256,0.874752,-0.31785,0.183508,-0.930204,-0.623432,0.359935,0.694082,-0.31785,0.183508,-0.930204,-0.495987,0.859066,0.126255,-0.4644,0.804376,0.370464,-0.242256,0.41963,0.874752,-0.183508,0.31785,-0.930204,-0.329539,0.570757,-0.752068,-0.492447,0.852931,-0.173132,-0.414502,0.717978,0.55913,-0.359935,0.623432,0.694082,-0.183508,0.31785,-0.930204,-0.436384,0.755852,-0.488083,0,0.829035,0.55913,0,0.719871,0.694082,0,0.984893,-0.173132,0,0.872768,-0.488083,0,0.928831,0.370464,0,0.659078,-0.752068,0,0.991974,0.126255,0,0.367016,-0.930204,0,0.484542,0.874752,-0.242256,0.41963,0.874752,-0.41963,0.242256,0.874752,-0.484542,0,0.874752,-0.41963,-0.242256,0.874752,-0.242256,-0.41963,0.874752,0,-0.484542,0.874752,0.242256,-0.41963,0.874752,0.41963,-0.242256,0.874752,0.484542,0,0.874752,0.41963,0.242256,0.874752,0.242256,0.41963,0.874752,0,0.484542,0.874752]},"texCoord0":{"type":"float32","components":2,