{
  "resources": [
    "onboarding_01.mp3"
  ],
  "spritemap": {
    "ob_01_elinor_001": {
      "start": 0,
      "end": 2.893582766439909,
      "loop": false
    },
    "ob_01_elinor_002": {
      "start": 4,
      "end": 6.261360544217688,
      "loop": false
    },
    "ob_01_elinor_003": {
      "start": 8,
      "end": 9.55736961451247,
      "loop": false
    },
    "ob_01_elinor_003a": {
      "start": 11,
      "end": 15.181360544217686,
      "loop": false
    },
    "ob_01_elinor_003b": {
      "start": 17,
      "end": 20.264036281179138,
      "loop": false
    }
  }
}