{"model":{"version":3,"nodes":[{"name":"RootNode","position":[0,0,0],"rotation":[0,0,0],"scale":[0.01,0.01,0.01],"scaleCompensation":false},{"name":"generic","position":[0,0,0],"rotation":[-90,0,0],"scale":[100,100,100],"scaleCompensation":false}],"parents":[-1,0],"skins":[],"morphs":[],"vertices":[{"position":{"type":"float32","components":3,"data":[0.375922,0.131201,0.490537,0.557207,-0.194472,0.355248,0.557207,0.194472,0.355248,0.375922,-0.131201,0.490537,-0.159371,0.787715,0.355248,-0.10752,0.596552,0.45775,0.159371,0.787715,0.355248,0.10752,0.596552,0.45775,0.3584,-0.375258,0.48,0.531235,-0.537448,0.355248,-0.159371,-0.787715,0.355248,0.159371,-0.787715,0.355248,0.10752,-0.596552,0.45775,-0.10752,-0.596552,0.45775,-0.375922,0.131201,0.490537,-0.557207,0.194472,0.355248,-0.375922,-0.131201,0.490537,-0.557207,-0.194472,0.355248,-0.3584,0.375258,0.48,-0.531235,0.537448,0.355248,0.531235,0.537448,0.355248,0.3584,0.375258,0.48,0.531235,0.537448,0.355248,0.279081,0.490053,0.470673,0.413666,0.699842,0.355248,0.596774,-0.603753,0.188889,0.651278,-0.227304,0,0.625934,-0.218459,0.189046,0.620937,-0.628199,0,-0.531235,-0.537448,0.355248,-0.596774,-0.603753,0.188889,-0.413666,-0.699842,0.355248,-0.464714,-0.786206,0.188699,-0.179041,-0.884937,0.1886,0.179041,-0.884937,0.1886,0.625934,0.218459,0.189046,0.179041,0.884937,0.1886,-0.179041,0.884937,0.1886,-0.413666,0.699842,0.355248,-0.159371,0.787715,0.355248,-0.179041,0.884937,0.1886,-0.464714,0.786206,0.188699,-0.596774,0.603753,0.188889,-0.531235,0.537448,0.355248,0.596774,0.603753,0.188889,0.464714,0.786206,0.188699,0.179041,0.884937,0.1886,0.159371,0.787715,0.355248,-0.531235,-0.537448,0.355248,-0.625934,-0.218459,0.189046,-0.596774,-0.603753,0.188889,0.413666,-0.699842,0.355248,0.596774,-0.603753,0.188889,0.531235,-0.537448,0.355248,0.464714,-0.786206,0.188699,-0.625934,0.218459,0.189046,-0.596774,0.603753,0.188889,-0.179041,-0.884937,0.1886,-0.159371,-0.787715,0.355248,0.596774,0.603753,0.188889,-0.651278,0.227304,0,-0.651278,-0.227304,0,0.651278,0.227304,0,0.620937,0.628199,0,-0.18629,-0.920768,0,-0.48353,-0.818039,0,0.18629,0.920768,0,0.48353,0.818039,0,0.620937,0.628199,0,-0.620937,0.628199,0,-0.48353,0.818039,0,-0.18629,0.920768,0,0.18629,0.920768,0,-0.18629,0.920768,0,-0.18629,-0.920768,0,0.18629,-0.920768,0,-0.620937,-0.628199,0,-0.279081,0.490053,0.470673,0.279081,-0.490053,0.470673,-0.279081,-0.490053,0.470673,-0.3584,-0.375258,0.48,0.159371,-0.787715,0.355248,0.179041,-0.884937,0.1886,0.620937,-0.628199,0,0.48353,-0.818039,0,0.18629,-0.920768,0,-0.620937,-0.628199,0,-0.620937,0.628199,0,-0.0612294,1.16976,0.08,0.0765365,1.20671,0,0.0612292,1.16976,0.08,-0.0765368,1.20671,0,0.0612293,0.874114,0.08,0.147821,0.960705,0.08,0.184776,0.945398,0,0.0765366,0.837159,0,0.147821,1.08316,0.08,0.184776,1.09847,0,-0.147821,0.960705,0.08,-0.0612294,0.874114,0.08,-0.0765367,0.837159,0,-0.184776,0.945398,0,-0.147821,1.08316,0.08,-0.184776,1.09847,0,-0.110866,0.976013,0,-0.0459221,0.911069,0,0.0459219,0.911069,0,0.110865,0.976013,0,-0.0459221,1.1328,0,0.0459219,1.1328,0,-0.110866,1.06786,0,0.110865,1.06786,0,0.375922,0.131201,-0.490537,0.557207,-0.194472,-0.355248,0.375922,-0.131201,-0.490537,0.557207,0.194472,-0.355248,0.159371,0.787715,-0.355248,-0.10752,0.596552,-0.45775,-0.159371,0.787715,-0.355248,0.10752,0.596552,-0.45775,0.3584,-0.375258,-0.48,0.531235,-0.537448,-0.355248,0.159371,-0.787715,-0.355248,-0.159371,-0.787715,-0.355248,0.10752,-0.596552,-0.45775,-0.10752,-0.596552,-0.45775,-0.557207,-0.194472,-0.355248,-0.557207,0.194472,-0.355248,-0.375922,-0.131201,-0.490537,-0.375922,0.131201,-0.490537,-0.3584,0.375258,-0.48,-0.531235,0.537448,-0.355248,0.3584,0.375258,-0.48,0.531235,0.537448,-0.355248,0.279081,0.490053,-0.470673,0.413666,0.699842,-0.355248,0.531235,0.537448,-0.355248,0.596774,-0.603753,-0.188889,0.625934,-0.218459,-0.189046,-0.464714,-0.786206,-0.188699,-0.596774,-0.603753,-0.188889,-0.413666,-0.699842,-0.355248,-0.531235,-0.537448,-0.355248,-0.179041,-0.884937,-0.1886,0.179041,-0.884937,-0.1886,0.625934,0.218459,-0.189046,0.179041,0.884937,-0.1886,-0.179041,0.884937,-0.1886,-0.464714,0.786206,-0.188699,-0.179041,0.884937,-0.1886,-0.413666,0.699842,-0.355248,-0.159371,0.787715,-0.355248,-0.596774,0.603753,-0.188889,-0.531235,0.537448,-0.355248,0.464714,0.786206,-0.188699,0.596774,0.603753,-0.188889,0.179041,0.884937,-0.1886,0.159371,0.787715,-0.355248,-0.531235,-0.537448,-0.355248,-0.625934,-0.218459,-0.189046,-0.596774,-0.603753,-0.188889,0.413666,-0.699842,-0.355248,0.596774,-0.603753,-0.188889,0.464714,-0.786206,-0.188699,0.531235,-0.537448,-0.355248,-0.625934,0.218459,-0.189046,-0.596774,0.603753,-0.188889,-0.179041,-0.884937,-0.1886,-0.159371,-0.787715,-0.355248,0.596774,0.603753,-0.188889,-0.279081,0.490053,-0.470673,0.279081,-0.490053,-0.470673,-0.279081,-0.490053,-0.470673,-0.3584,-0.375258,-0.48,0.159371,-0.787715,-0.355248,0.179041,-0.884937,-0.1886,-0.0612294,1.16976,-0.08,0.0612292,1.16976,-0.08,0.0612293,0.874114,-0.08,0.147821,0.960705,-0.08,0.147821,1.08316,-0.08,-0.147821,0.960705,-0.08,-0.0612294,0.874114,-0.08,-0.147821,1.08316,-0.08]},"normal":{"type":"float32","components":3,