{
  "resources": [
    "cutscene_04.mp3"
  ],
  "spritemap": {
    "cs_04_ari_001": {
      "start": 0,
      "end": 2.0266893424036283,
      "loop": false
    },
    "cs_04_elinor_001": {
      "start": 4,
      "end": 5.5160997732426305,
      "loop": false
    },
    "cs_04_elinor_002": {
      "start": 7,
      "end": 11.981383219954648,
      "loop": false
    },
    "cs_04_elinor_003": {
      "start": 13,
      "end": 18.21639455782313,
      "loop": false
    },
    "cs_04_elinor_004": {
      "start": 20,
      "end": 25.181315192743764,
      "loop": false
    },
    "cs_04_group_001": {
      "start": 27,
      "end": 28.723492063492063,
      "loop": false
    },
    "cs_04_lizzie_001": {
      "start": 30,
      "end": 32.79265306122449,
      "loop": false
    },
    "cs_04_mary_001": {
      "start": 34,
      "end": 37.489501133786845,
      "loop": false
    }
  }
}