{"model":{"version":3,"nodes":[{"name":"RootNode","position":[0,0,0],"rotation":[0,0,0],"scale":[0.01,0.01,0.01],"scaleCompensation":false},{"name":"Light","position":[407.625,590.386,-100.545],"rotation":[47.5336,107.221,10.7437],"scale":[100,100,100],"scaleCompensation":false},{"name":"Camera","position":[735.889,495.831,692.579],"rotation":[22.7688,142.108,34.3485],"scale":[100,100,100],"scaleCompensation":false},{"name":"potion","position":[0,0,0],"rotation":[-90,0,0],"scale":[100,100,100],"scaleCompensation":false}],"parents":[-1,0,0,0],"skins":[],"morphs":[],"vertices":[{"position":{"type":"float32","components":3,"data":[-0.428434,3.12974e-08,0.78791,-0.302948,0.314726,0.78791,-0.197589,0.20527,0.723302,-0.279432,1.92016e-08,0.723302,-0.403281,3.06679e-08,1,-0.24486,0.25438,1,-0.285162,0.296249,1,-0.346284,2.61975e-08,1,-0.302948,-0.314726,0.78791,9.10507e-08,-0.290296,0.723302,1.39601e-07,-0.44509,0.78791,-0.197589,-0.20527,0.723302,0.428434,4.27473e-07,0.78791,0.302949,-0.314726,0.78791,0.197589,-0.20527,0.723302,0.279432,2.77595e-07,0.723302,-0.325881,0.415192,0.374875,0,0.298532,0.544254,0,0.530877,0.374875,-0.203194,0.211094,0.544254,-0.265486,0.114243,0.544254,-0.28736,1.86893e-08,0.544254,-0.33234,0.345261,0.934563,0,0.418959,1,0,0.488273,0.934563,-0.285162,-0.296249,1,1.12834e-07,-0.359747,1,-0.24486,-0.25438,1,1.31405e-07,-0.418959,1,0.265486,-0.114243,0.544254,0.28736,2.84413e-07,0.544254,0.203194,-0.211094,0.544254,-0.265486,-0.114243,0.544254,-0.203194,-0.211094,0.544254,-0.428434,3.12974e-08,0.78791,-0.279432,1.92016e-08,0.723302,0.403281,4.03584e-07,1,0.285162,0.296249,1,0.24486,0.25438,1,0.346284,3.46409e-07,1,0.265486,0.114244,0.544254,0.203194,0.211094,0.544254,0.197588,0.205271,0.723302,0.269039,2.67517e-07,0.778419,0.190239,0.197635,0.778419,0,-2.36606e-09,0.778419,-0.28736,1.86893e-08,0.544254,0.285163,-0.296249,1,0.24486,-0.254379,1,0.279432,2.77595e-07,0.723302,0.28736,2.84413e-07,0.544254,9.36338e-08,-0.298532,0.544254,0.325881,-0.415192,0.374875,1.79571e-07,-0.530877,0.374875,0,0.290296,0.723302,-0.302369,2.25243e-08,0.963858,-0.190239,0.197635,0.778419,-0.213808,0.22212,0.963858,-0.269039,1.87354e-08,0.778419,-0.694154,0.244451,0.131929,-0.868933,-8.63865e-09,-0.349355,-0.751346,1.40331e-08,0.131929,-0.80279,0.296951,-0.349355,-0.751346,1.40331e-08,0.131929,-0.868933,-8.63865e-09,-0.349355,-0.694154,-0.244451,0.131929,-0.80279,-0.296951,-0.349355,-0.444293,0.499582,0.131929,0,0.77597,-0.349355,-0.513825,0.606876,-0.349355,0,0.638781,0.131929,0.751346,5.82613e-07,0.131929,0.868933,6.82053e-07,-0.349355,0.694153,0.244451,0.131929,0.802789,0.296952,-0.349355,0.444292,0.499582,0.131929,0.513824,0.606877,-0.349355,0.444293,-0.499582,0.131929,0.80279,-0.29695,-0.349355,0.694154,-0.24445,0.131929,0.513825,-0.606876,-0.349355,2.4482e-07,-0.638781,0.131929,-0.444293,-0.499582,0.131929,2.83134e-07,-0.77597,-0.349355,-0.513825,-0.606876,-0.349355,-0.438563,0.550836,-0.801691,0,0.704316,-0.801691,0.868933,6.82053e-07,-0.349355,0.751346,5.82613e-07,0.131929,0.198475,0.373076,-1,0,0.477026,-1,0.438562,0.550837,-0.801691,-0.335642,-7.58603e-08,-1,0,-1.09877e-07,-0.970889,-0.310093,-0.18255,-1,-0.198475,-0.373075,-1,0.198475,-0.373075,-1,0.310093,-0.18255,-1,1.09366e-07,-0.477026,-1,-0.685201,-0.26953,-0.801691,-0.335642,-7.58603e-08,-1,-0.310093,-0.18255,-1,-0.741656,-4.50909e-08,-0.801691,2.41662e-07,-0.704316,-0.801691,-0.438563,-0.550836,-0.801691,-0.198475,-0.373075,-1,1.09366e-07,-0.477026,-1,0.335642,3.48741e-07,-1,0.310093,0.18255,-1,0.198475,0.373076,-1,0,0.477026,-1,-0.198475,0.373075,-1,0.741656,5.81822e-07,-0.801691,0.335642,3.48741e-07,-1,0.685201,0.269531,-0.801691,0.310093,0.18255,-1,0.685201,-0.26953,-0.801691,0.741656,5.81822e-07,-0.801691,0.438563,-0.550836,-0.801691,-0.685201,0.26953,-0.801691,-0.741656,-4.50909e-08,-0.801691,0.509149,-0.203158,0.374875,0.551099,4.95094e-07,0.374875,-0.325881,-0.415192,0.374875,0.509149,0.203158,0.374875,0.32588,0.415192,0.374875,-0.509149,-0.203158,0.374875,-0.509149,0.203158,0.374875,0.551099,4.95094e-07,0.374875,-0.551099,2.25593e-08,0.374875,-0.551099,2.25593e-08,0.374875,-0.190239,-0.197635,0.778419,8.76639e-08,-0.279498,0.778419,-0.403281,3.06679e-08,1,-0.346284,2.61975e-08,1,0.403281,4.03584e-07,1,0.346284,3.46409e-07,1,0.428434,4.27473e-07,0.78791,0.302948,0.314727,0.78791,0,0.314125,0.963858,0,0.359747,1,-0.47,3.54865e-08,0.934563,1.53145e-07,-0.488273,0.934563,-0.33234,-0.345261,0.934563,0.47,4.70098e-07,0.934563,0.33234,-0.345261,0.934563,0,0.44509,0.78791,-0.47,3.54865e-08,0.934563,0.47,4.70098e-07,0.934563,0.33234,0.345261,0.934563,0.302369,3.02127e-07,0.963858,0.190239,-0.197635,0.778419,0.213808,-0.22212,0.963858,0.269039,2.67517e-07,0.778419,-0.213808,-0.22212,0.963858,-0.190239,-0.197635,0.778419,-0.302369,2.25243e-08,0.963858,-0.269039,1.87354e-08,0.778419,0.213807,0.22212,0.963858,0.190239,0.197635,0.778419,0.302369,3.02127e-07,0.963858,0.269039,2.67517e-07,0.778419,9.85245e-08,-0.314125,0.963858,8.76639e-08,-0.279498,0.778419,0,0.279498,0.778419,-0.269039,1.87354e-08,0.778419,0,0.279498,0.778419,-0.190239,0.197635,0.778419,0.190239,-0.197635,0.778419,0.310093,-0.18255,-1,0.198475,-0.373075,-1,-0.310093,0.18255,-1,-0.335642,-7.58603e-08,-1,-0.310093,0.18255,-1,-0.198475,0.373075,-1,0.335642,3.48741e-07,-1]},"normal":{"type":"float32","components":3,