{"model":{"version":3,"nodes":[{"name":"RootNode","position":[0,0,0],"rotation":[0,0,0],"scale":[0.01,0.01,0.01],"scaleCompensation":false},{"name":"boxing_glove","position":[0,0,0],"rotation":[-90,0,0],"scale":[100,100,100],"scaleCompensation":false}],"parents":[-1,0],"skins":[],"morphs":[],"vertices":[{"position":{"type":"float32","components":3,"data":[-0.587377,-0.542621,-0.487668,-0.26368,-0.613402,-0.954587,-0.26368,-0.613402,-0.487668,-0.587377,-0.542621,-0.954587,0.47623,-0.537978,-0.487668,0.603161,-0.268794,-0.954587,0.603161,-0.268794,-0.487668,0.47623,-0.537978,-0.954587,0.55906,0.43499,0.598604,0.487667,0.165688,0.557625,0.494441,0.229028,0.495479,0.54187,0.12509,0.768912,0.528847,0.0148601,-0.487668,0.16974,0.0758147,-0.954587,0.16974,0.0758147,-0.487668,0.528847,0.0148601,-0.954587,-0.584306,-0.0084654,-0.487668,-0.697101,-0.268794,-0.954587,-0.697101,-0.268794,-0.487668,-0.584306,-0.0084654,-0.954587,-0.26368,0.0758147,-0.310539,-0.498555,-0.0620331,-0.399103,-0.584306,-0.0084654,-0.310539,-0.229097,0.00490467,-0.399103,0.603161,-0.268794,-0.310539,0.696352,-0.0906691,-0.108954,0.754274,-0.19152,0.0058684,0.47623,-0.537978,-0.310539,0.603161,-0.268794,-0.310539,0.436955,-0.0435073,-0.399103,0.452884,0.027754,-0.310539,0.49941,-0.268794,-0.399103,-0.587377,-0.542621,-0.310539,-0.59335,-0.268794,-0.399103,-0.501136,-0.486276,-0.399103,-0.697101,-0.268794,-0.310539,0.16974,-0.613402,-0.310539,0.392735,-0.482588,-0.399103,0.135157,-0.542492,-0.399103,-0.722495,-0.268794,0.353233,-0.613118,-0.610795,0.360464,0.141601,-0.681576,0.410357,0.447119,-0.606152,0.430554,-0.290447,0.0758147,0.381795,-0.610057,-0.00846539,0.360666,0.16974,-0.613402,-0.487668,-0.697101,-0.268794,-0.487668,0.603161,-0.268794,-0.487668,-0.26368,0.0758147,-0.487668,-0.627614,-0.268794,-1.00012,-0.529617,-0.487023,-1.00012,-0.697101,-0.268794,-0.954587,-0.26368,0.0758147,-0.954587,-0.526875,-0.0613226,-1.00012,-0.240518,0.00584528,-1.00012,0.603161,-0.268794,-0.954587,0.467303,-0.0427331,-1.00012,0.533674,-0.268794,-1.00012,0.16974,-0.613402,-0.954587,0.420309,-0.483323,-1.00012,0.146578,-0.543433,-1.00012,0.146578,-0.268794,-1.00012,0.533674,-0.268794,-1.00012,0.416441,-0.418032,0.749122,0.107946,-0.481044,0.759834,-0.296902,0.0947509,0.448828,-0.619838,0.0243404,0.462237,0.573649,-0.268794,0.438919,0.490709,0.0438274,0.526034,0.553594,-0.193146,0.647174,0.402571,0.0313769,0.427609,0.584106,0.337631,0.330329,0.500888,0.18963,0.420331,-0.636838,0.633818,0.614974,-0.754273,0.12509,0.683226,-0.664083,0.0858979,0.889698,-0.737083,0.43499,0.512918,0.423554,0.630447,0.683457,0.116605,0.681576,0.678116,0.0856762,0.0757674,0.991092,0.39648,0.0865625,0.95641,-0.298079,0.174412,0.461047,-0.623594,0.16235,0.501241,-0.615964,0.245964,0.430201,-0.292459,0.181132,0.410882,-0.593839,0.480504,0.160262,-0.271602,0.25599,0.186103,-0.712038,0.337631,0.244643,-0.260499,0.435794,0.0708111,0.466249,0.478082,0.231906,0.171548,0.435794,0.0993731,-0.607987,0.201801,0.339172,-0.280022,0.119633,0.273537,-0.712038,0.337631,0.244643,0.139589,0.181132,0.439444,0.152026,0.119633,0.302099,-0.315443,0.681576,0.649554,0.160446,0.25599,0.214665,0.584106,0.337631,0.330329,0.133969,0.174412,0.489609,-0.346372,0.0757674,0.96253,-0.74255,-0.193146,0.561488,-0.643979,-0.421911,0.680934,0.135146,0.0947509,0.47739,0.141601,0.0758147,0.410357,-0.240518,-0.268794,-1.00012,-0.240518,-0.543433,-1.00012,-0.627614,-0.268794,-1.00012,0.146578,0.00584528,-1.00012,0.135157,0.00490467,-0.399103,-0.229097,-0.542492,-0.399103,0.696352,-0.0906691,-0.108954,0.599497,0.0540543,-0.0778301,0.16974,0.0758147,-0.310539,-0.290447,-0.681576,0.381795,-0.26368,-0.613402,-0.310539,-0.324101,-0.481044,0.731272,0.146578,-0.268794,-1.00012,-0.240518,-0.268794,-1.00012,-0.627614,-0.268794,-1.00012,-0.271602,0.25599,0.186103,0.160446,0.25599,0.214665,-0.737083,0.43499,0.512918,-0.712038,0.337631,0.244643,-0.754273,0.12509,0.683226,0.55906,0.43499,0.598604,0.584106,0.337631,0.330329,-0.74255,-0.193146,0.561488,-0.722495,-0.268794,0.353233,0.533674,-0.268794,-1.00012,0.533674,-0.268794,-1.00012,-0.627614,-0.268794,-1.00012,0.49941,-0.268794,-0.399103,-0.59335,-0.268794,-0.399103,-0.697101,-0.268794,-0.310539,0.526143,0.000616483,0.287667,0.54187,0.12509,0.768912,0.573649,-0.268794,0.438919,0.553594,-0.193146,0.647174,0.713049,0.160667,0.31059,0.683448,0.286219,0.328922,0.682938,0.0267214,0.404415,0.625272,-0.318505,0.192605,0.710211,0.113812,0.373825,0.566718,-0.165368,0.292642,0.566718,-0.165368,0.292642,0.662657,0.242981,0.434514,0.62131,0.0860047,0.464843,0.62131,0.0860047,0.464843,0.662657,0.242981,0.434514,0.52555,0.159065,0.424093,0.554915,0.262863,0.392275,0.683448,0.286219,0.328922,0.596783,0.282132,0.326704]},"normal":{"type":"float32","components":3,