{"model":{"version":3,"nodes":[{"name":"RootNode","position":[0,0,0],"rotation":[0,0,0],"scale":[0.01,0.01,0.01],"scaleCompensation":false},{"name":"Cube","position":[0,0,0],"rotation":[0,0,0],"scale":[1,1,0.077595],"scaleCompensation":false}],"parents":[-1,0],"skins":[],"morphs":[],"vertices":[{"position":{"type":"float32","components":3,"data":[-242.157,522.634,-100,-215.889,0,100,-242.157,522.634,100,-215.889,0,-100,149.994,0,-100,130.904,489.798,-99.9994,272.402,0,-100,250.81,544.884,-99.9994,272.402,0,100,250.81,544.884,-99.9994,250.81,544.884,100.001,272.402,0,-100,-242.157,522.634,100,-215.889,0,100,-123.693,474.346,100,-108.067,0,100,-215.889,0,100,-215.889,0,-100,-108.067,0,100,-108.067,0,-100,286.368,660.463,100.001,250.81,544.884,100.001,286.368,660.463,-99.9994,250.81,544.884,-99.9994,-283.141,632.489,-100,-283.141,632.489,100,-7.24983,815.02,0.000293553,-283.141,632.489,100,-242.157,522.634,-100,-242.157,522.634,100,-283.141,632.489,-100,-283.141,632.489,100,250.81,544.884,100.001,286.368,660.463,100.001,-242.157,522.634,100,250.81,544.884,-99.9994,-242.157,522.634,-100,-283.141,632.489,-100,286.368,660.463,-99.9994,-283.141,632.489,100,286.368,660.463,100.001,-7.24983,815.02,0.000293553,286.368,660.463,-99.9994,-283.141,632.489,-100,-7.24983,815.02,0.000293553,286.368,660.463,100.001,286.368,660.463,-99.9994,-7.24983,815.02,0.000293553,130.904,489.798,-99.9994,149.994,0,100,130.904,489.798,100,149.994,0,-100,-108.067,0,100,-123.693,474.346,-99.9999,-123.693,474.346,100,-108.067,0,-100,272.402,0,100,149.994,0,100,272.402,0,-100,149.994,0,-100,-123.693,474.346,100,130.904,489.798,-99.9994,130.904,489.798,100,-123.693,474.346,-99.9999,-242.157,522.634,100,130.904,489.798,100,250.81,544.884,100.001,-123.693,474.346,100,130.904,489.798,100,272.402,0,100,250.81,544.884,100.001,149.994,0,100,-242.157,522.634,-100,250.81,544.884,-99.9994,130.904,489.798,-99.9994,-123.693,474.346,-99.9999,-123.693,474.346,-99.9999,-108.067,0,-100,-215.889,0,-100,-242.157,522.634,-100]},"normal":{"type":"float32","components":3,"data":[-0.998739,-0.0501976,0,-0.998739,-0.0501976,0,-0.998739,-0.0501976,0,-0.998739,-0.0501976,0,-1.56889e-07,1.11217e-06,-1,-1.56889e-07,1.11217e-06,-1,-1.56889e-07,1.11217e-06,-1,-1.56889e-07,1.11217e-06,-1,0.999216,0.0395966,0,0.999216,0.0395966,0,0.999216,0.0395966,0,0.999216,0.0395966,0,-6.68786e-07,-1.70619e-07,1,-6.68786e-07,-1.70619e-07,1,-6.68786e-07,-1.70619e-07,1,-6.68786e-07,-1.70619e-07,1,0,-1,0,0,-1,0,0,-1,0,0,-1,0,0.955788,-0.294057,0,0.955788,-0.294057,0,0.955788,-0.294057,0,0.955788,-0.294057,0,-0.551774,0.833994,0,-0.551774,0.833994,0,-0.551774,0.833994,0,-0.93692,-0.349545,0,-0.93692,-0.349545,0,-0.93692,-0.349545,0,-0.93692,-0.349545,0,-1.13442e-06,1.59084e-07,1,-1.13442e-06,1.59084e-07,1,-1.13442e-06,1.59084e-07,1,-1.13442e-06,1.59084e-07,1,1.13442e-06,0,-1,1.13442e-06,0,-1,1.13442e-06,0,-1,1.13442e-06,0,-1,-0.0250086,0.50913,0.860326,-0.0250086,0.50913,0.860326,-0.0250086,0.50913,0.860326,-0.0250067,0.50913,-0.860326,-0.0250067,0.50913,-0.860326,-0.0250067,0.50913,-0.860326,0.465797,0.884891,0,0.465797,0.884891,0,0.465797,0.884891,0,-0.999241,-0.0389475,0,-0.999241,-0.0389475,0,-0.999241,-0.0389475,0,-0.999241,-0.0389475,0,0.999458,0.0329248,0,0.999458,0.0329248,0,0.999458,0.0329248,0,0.999458,0.0329248,0,0,-1,0,0,-1,0,0,-1,0,0,-1,0,0.0605798,-0.998163,1.73438e-09,0.0605798,-0.998163,1.73438e-09,0.0605798,-0.998163,1.73438e-09,0.0605798,-0.998163,1.73438e-09,-8.20782e-07,-2.22289e-06,1,-8.20782e-07,-2.22289e-06,1,-8.20782e-07,-2.22289e-06,1,-8.20782e-07,-2.22289e-06,1,-1.28109e-06,-8.50625e-07,1,-1.28109e-06,-8.50625e-07,1,-1.28109e-06,-8.50625e-07,1,-1.28109e-06,-8.50625e-07,1,1.43056e-06,-1.11144e-06,-1,1.43056e-06,-1.11144e-06,-1,1.43056e-06,-1.11144e-06,-1,1.43056e-06,-1.11144e-06,-1,6.68786e-07,1.70619e-07,-1,6.68786e-07,1.70619e-07,-1,6.68786e-07,1.70619e-07,-1,6.68786e-07,1.70619e-07,-1]},"texCoord0":{"type":"float32","components":2,"data":[0.625,0.25,0.375,0,0.625,0,0.375,0.25,0.375,0.437329,0.60192,0.438103,0.375,0.5,0.625,0.5,0.375,0.75,0.625,0.5,0.625,0.75,0.375,0.5,0.625,1,0.375,1,0.599752,0.94119,0.375,0.944796,0.125,0.75,0.125,0.5,0.180204,0.75,0.180204,0.5,0.625,0.75,0.625,0.75,0.625,0.5,0.625,0.5,0.625,0.25,0.625,0,0.625,0.25,0.625,0,0.625,0.25,0.625,0,0.625,0.25,0.625,1,0.625,0.75,0.625,0.75,0.625,1,0.625,0.5,0.625,0.25,0.625,0.25,0.625,0.5,0.625,1,0.625,0.75,0.625,1,0.625,0.5,0.625,0.25,0.625,0.5,0.625,0.75,0.625,0.5,0.625,0.75,0.625,0.615301,0.378481,0.634699,0.625,0.634699,0.378481,0.615301,0.379201,0.115301,0.625,0.134699,0.625,0.115301,0.379201,0.134699,0.375,0.75,0.312329,0.75,0.375,0.5,0.312329,0.5,0.875,0.634699,0.625,0.615301,0.625,0.634699,0.875,0.615301,0.625,1,0.60192,0.811897,0.625,0.75,0.599752,0.94119,0.60192,0.811897,0.375,0.75,0.625,0.75,0.375,0.812671,0.625,0.25,0.625,0.5,0.60192,0.438103,0.599752,0.308811,0.599752,0.308811,0.375,0.305204,0.375,0.25,0.625,0.25]},"texCoord1":{"type":"float32","components":2,"data":[0,0,0,0,0,0,0,0,0,0,0,0,0,0,0,0,0,0,0,0,0,0,0,0,0,0,0,0,0,0,0,0,0,0,0,0,0,0,0,0,0,0,0,0,0,0,0,0,0,0,0,0,0,0,0,0,0,0,0,0,0,0,0,0,0,0,0,0,0,0,0,0,0,0,0,0,0,0,0,0,0,0,0,0,0,0,0,0,0,0,0,0,0,0,0,0,0,0,0,0,0,0,0,0,0,0,0,0,0,0,0,0,0,0,0,0,0,0,0,0,0,0,0,0,0,0,0,0,0,0,0,0,0,0,0,0,0,0,0,0,0,0,0,0,0,0,0,0,0,0,0,0,0,0,0,0,0,0,0,0]}}],"meshes":[{"aabb":{"min":[-283.141,0,-100],"max":[286.368,815.02,100.001]},"vertices":0,"indices":[0,1,2,1,0,3,4,5,6,6,5,7,8,9,10,9,8,11,12,13,14,14,13,15,16,17,18,18,17,19,20,21,22,21,23,22,24,25,26,27,28,29,28,27,30,31,32,33,32,31,34,35,36,37,35,37,38,39,40,41,42,43,44,45,46,47,48,49,50,49,48,51,52,53,54,53,52,55,56,57,58,57,59,58,60,61,62,61,60,63,64,65,66,65,64,67,68,69,70,69,68,71,72,73,74,72,74,75,76,77,78,78,79,76],"type":"triangles","base":0,"count":114}],"meshInstances":[{"node":1,"mesh":0}]}}