{"model":{"version":2,"nodes":[{"name":"RootNode","position":[0,0,0],"rotation":[0,0,0],"scale":[1,1,1]},{"name":"group","position":[-2.11758e-21,-1.05879e-21,2.64698e-22],"rotation":[0,0,0],"scale":[0.01,0.01,0.01]},{"name":"kraangRing","position":[0,0,0],"rotation":[0,0,0],"scale":[1,1,1]}],"parents":[-1,0,1],"skins":[],"vertices":[{"position":{"type":"float32","components":3,"data":[257.867,106.812,38.9148,183.407,183.407,34.5083,239.634,99.2592,34.5083,197.363,197.363,38.9148,99.2595,239.634,34.5083,106.812,257.868,38.9148,-0.000260594,279.114,38.9148,-0.000260594,259.378,34.5083,-0.000260594,-259.378,34.5083,106.812,-257.868,38.9148,99.259,-239.634,34.5083,-0.000260594,-279.114,38.9148,197.363,-197.363,38.9148,183.407,-183.407,34.5083,257.867,-106.812,38.9148,239.634,-99.2594,34.5083,279.113,-0.000107422,38.9148,259.377,-0.000107422,34.5083,211.319,211.318,27.517,276.101,114.365,27.517,114.365,276.1,27.517,-0.000260594,298.85,27.517,-0.000260594,-298.851,27.517,114.365,-276.101,27.517,211.319,-211.319,27.517,276.101,-114.365,27.517,298.849,-0.000107422,27.517,283.654,117.493,2.68555e-05,217.099,217.099,2.68555e-05,117.493,283.653,2.68555e-05,-0.000260594,307.024,2.68555e-05,-0.000260594,-307.024,2.68555e-05,117.493,-283.653,2.68555e-05,217.099,-217.1,2.68555e-05,283.654,-117.494,2.68555e-05,307.025,-0.000107422,2.68555e-05,211.319,211.318,-27.5169,276.101,114.365,-27.5169,114.365,276.1,-27.5169,-0.000260594,298.85,-27.5169,114.365,-276.101,-27.5169,-0.000260594,-298.851,-27.5169,211.319,-211.319,-27.5169,276.101,-114.365,-27.5169,298.849,-0.000107422,-27.5169,257.867,106.812,-38.9148,197.363,197.363,-38.9148,106.812,257.868,-38.9148,-0.000260594,279.114,-38.9148,106.812,-257.868,-38.9148,-0.000260594,-279.114,-38.9148,197.363,-197.363,-38.9148,257.867,-106.812,-38.9148,279.113,-0.000107422,-38.9148,183.407,183.407,-34.5083,239.634,99.2592,-34.5083,99.2595,239.634,-34.5083,-0.000260594,259.378,-34.5083,-0.000260594,-259.378,-34.5083,99.259,-239.634,-34.5083,183.407,-183.407,-34.5083,239.634,-99.2594,-34.5083,259.377,-0.000107422,-34.5083,239.634,99.2592,34.5083,183.407,183.407,34.5083,239.634,99.2592,-34.5083,183.407,183.407,-34.5083,99.2595,239.634,34.5083,99.2595,239.634,-34.5083,-0.000260594,259.378,34.5083,-0.000260594,259.378,-34.5083,-0.000260594,-259.378,34.5083,99.259,-239.634,34.5083,-0.000260594,-259.378,-34.5083,99.259,-239.634,-34.5083,183.407,-183.407,34.5083,183.407,-183.407,-34.5083,239.634,-99.2594,34.5083,239.634,-99.2594,-34.5083,259.377,-0.000107422,34.5083,259.377,-0.000107422,-34.5083,-197.364,197.363,38.9148,-257.867,106.812,38.9148,-183.407,183.407,34.5083,-239.634,99.2592,34.5083,-99.26,239.634,34.5083,-106.813,257.868,38.9148,-106.812,-257.868,38.9148,-99.2595,-239.634,34.5083,-197.364,-197.363,38.9148,-183.407,-183.407,34.5083,-257.867,-106.812,38.9148,-239.634,-99.2594,34.5083,-279.114,-0.000107422,38.9148,-259.377,-0.000107422,34.5083,-211.32,211.318,27.517,-276.102,114.365,27.517,-114.365,276.1,27.517,-114.365,-276.101,27.517,-211.32,-211.319,27.517,-276.102,-114.365,27.517,-298.85,-0.000107422,27.517,-217.1,217.099,2.68555e-05,-283.655,117.493,2.68555e-05,-117.494,283.653,2.68555e-05,-117.494,-283.653,2.68555e-05,-217.1,-217.1,2.68555e-05,-283.655,-117.494,2.68555e-05,-307.026,-0.000107422,2.68555e-05,-211.32,211.318,-27.5169,-276.102,114.365,-27.5169,-114.365,276.1,-27.5169,-114.365,-276.101,-27.5169,-211.32,-211.319,-27.5169,-276.102,-114.365,-27.5169,-298.85,-0.000107422,-27.5169,-197.364,197.363,-38.9148,-257.867,106.812,-38.9148,-106.813,257.868,-38.9148,-106.812,-257.868,-38.9148,-197.364,-197.363,-38.9148,-257.867,-106.812,-38.9148,-279.114,-0.000107422,-38.9148,-183.407,183.407,-34.5083,-239.634,99.2592,-34.5083,-99.26,239.634,-34.5083,-99.2595,-239.634,-34.5083,-183.407,-183.407,-34.5083,-239.634,-99.2594,-34.5083,-259.377,-0.000107422,-34.5083,-239.634,99.2592,34.5083,-239.634,99.2592,-34.5083,-183.407,183.407,34.5083,-183.407,183.407,-34.5083,-99.26,239.634,34.5083,-99.26,239.634,-34.5083,-0.000260594,259.378,34.5083,-0.000260594,259.378,-34.5083,-0.000260594,-259.378,34.5083,-0.000260594,-259.378,-34.5083,-99.2595,-239.634,34.5083,-99.2595,-239.634,-34.5083,-183.407,-183.407,34.5083,-183.407,-183.407,-34.5083,-239.634,-99.2594,34.5083,-239.634,-99.2594,-34.5083,-259.377,-0.000107422,34.5083,-259.377,-0.000107422,-34.5083]},"normal":{"type":"float32","components":3,