{
  "resources": [
    "twins.mp3"
  ],
  "spritemap": {
    "vo_01_twins_001": {
      "start": 0,
      "end": 1.4346938775510205,
      "loop": false
    },
    "vo_01_twins_002": {
      "start": 3,
      "end": 3.84265306122449,
      "loop": false
    },
    "vo_01_twins_003": {
      "start": 5,
      "end": 6.002698412698413,
      "loop": false
    },
    "vo_01_twins_004": {
      "start": 8,
      "end": 8.946689342403628,
      "loop": false
    },
    "vo_01_twins_005": {
      "start": 10,
      "end": 11.194693877551021,
      "loop": false
    },
    "vo_01_twins_006": {
      "start": 13,
      "end": 13.989319727891157,
      "loop": false
    },
    "vo_01_twins_007": {
      "start": 15,
      "end": 17.308526077097504,
      "loop": false
    },
    "vo_01_twins_008": {
      "start": 19,
      "end": 20.991587301587302,
      "loop": false
    },
    "vo_01_twins_010": {
      "start": 22,
      "end": 23.43469387755102,
      "loop": false
    },
    "vo_01_twins_011_1": {
      "start": 25,
      "end": 26.040090702947847,
      "loop": false
    },
    "vo_01_twins_011_2": {
      "start": 28,
      "end": 29.288707482993196,
      "loop": false
    },
    "vo_01_twins_011": {
      "start": 31,
      "end": 33.93170068027211,
      "loop": false
    },
    "vo_01_twins_012": {
      "start": 35,
      "end": 36.28,
      "loop": false
    },
    "vo_01_twins_013": {
      "start": 38,
      "end": 40.26136054421769,
      "loop": false
    },
    "vo_01_twins_014": {
      "start": 42,
      "end": 43.698412698412696,
      "loop": false
    },
    "vo_01_twins_015": {
      "start": 45,
      "end": 46.20002267573696,
      "loop": false
    },
    "vo_01_twins_016": {
      "start": 48,
      "end": 49.936031746031745,
      "loop": false
    },
    "vo_01_twins_017": {
      "start": 51,
      "end": 52.413333333333334,
      "loop": false
    },
    "vo_01_twins_018": {
      "start": 54,
      "end": 54.741360544217684,
      "loop": false
    },
    "vo_01_twins_019": {
      "start": 56,
      "end": 56.78580498866213,
      "loop": false
    },
    "vo_01_twins_020": {
      "start": 58,
      "end": 59.25868480725624,
      "loop": false
    },
    "vo_01_twins_021": {
      "start": 61,
      "end": 62.0987074829932,
      "loop": false
    },
    "vo_01_twins_022": {
      "start": 64,
      "end": 65.05598639455782,
      "loop": false
    },
    "vo_01_twins_023": {
      "start": 67,
      "end": 67.88002267573697,
      "loop": false
    },
    "vo_01_twins_024": {
      "start": 69,
      "end": 69.84,
      "loop": false
    },
    "vo_01_twins_025": {
      "start": 71,
      "end": 71.9239455782313,
      "loop": false
    },
    "vo_01_twins_026": {
      "start": 73,
      "end": 74.40802721088436,
      "loop": false
    },
    "vo_01_twins_027": {
      "start": 76,
      "end": 78.94401360544218,
      "loop": false
    },
    "vo_01_twins_028": {
      "start": 80,
      "end": 81.96204081632654,
      "loop": false
    },
    "vo_01_twins_029": {
      "start": 83,
      "end": 84.51471655328798,
      "loop": false
    },
    "vo_01_twins_030": {
      "start": 86,
      "end": 87.90936507936507,
      "loop": false
    },
    "vo_01_twins_031": {
      "start": 89,
      "end": 90.9787074829932,
      "loop": false
    },
    "vo_01_twins_032": {
      "start": 92,
      "end": 98.37870748299319,
      "loop": false
    },
    "vo_01_twins_033": {
      "start": 100,
      "end": 101.51163265306123,
      "loop": false
    }
  }
}