{"model":{"version":3,"nodes":[{"name":"RootNode","position":[0,0,0],"rotation":[0,0,0],"scale":[0.01,0.01,0.01],"scaleCompensation":false},{"name":"toy_blocks_cylinder","position":[0,0,0],"rotation":[-90,0,0],"scale":[100,100,100],"scaleCompensation":false}],"parents":[-1,0],"skins":[],"morphs":[],"vertices":[{"position":{"type":"float32","components":3,"data":[0.374,-0.17248,0.298744,0.374,-0.17248,-0.298744,0.374,0.34496,4.18311e-08,0.374,-0.34496,-3.88517e-09,0.374,-0.298744,0.17248,0.374,0.298744,-0.17248,0.374,-1.06749e-07,-0.34496,0.374,0.298744,0.17248,0.374,0.17248,0.298744,0.374,-5.05832e-08,0.34496,0.374,-0.298744,-0.17248,0.374,0.17248,-0.298744,-0.345949,0.374,9.76485e-08,0.345949,0.374,4.6098e-08,0.345949,0.323893,-0.187,-0.345949,0.323894,-0.187,0.345949,0.187,0.323894,-0.345949,0.187,0.323894,-0.345949,2.33448e-08,0.374,0.345949,-6.96179e-08,0.374,0.345949,-0.187,0.323893,-0.345949,-0.187,0.323893,0.345949,-0.323894,0.187,-0.345949,-0.323893,0.187,-0.345949,-0.374,4.19182e-08,0.345949,-0.374,-9.63231e-09,-0.345949,-0.323893,-0.187,0.345949,-0.323894,-0.187,-0.345949,-0.187,-0.323893,0.345949,-0.187,-0.323893,0.345949,-1.26647e-07,-0.374,-0.345949,-3.36839e-08,-0.374,-0.345949,-3.36839e-08,-0.374,0.345949,0.187,-0.323894,0.345949,-1.26647e-07,-0.374,-0.345949,0.187,-0.323894,-0.345949,0.323894,0.187,0.345949,0.323893,0.187,-0.374,0.298744,0.17248,-0.374,-0.17248,0.298744,-0.374,4.99926e-08,0.34496,-0.374,0.34496,9.75615e-08,-0.374,-0.298744,-0.17248,-0.374,-4.43154e-09,-0.34496,-0.374,0.298744,-0.17248,-0.374,0.17248,-0.298744,-0.374,-0.17248,-0.298744,-0.374,-0.34496,5.0539e-08,-0.374,-0.298744,0.17248,-0.374,0.17248,0.298744,0.374,0.34496,4.18311e-08,0.374,0.298744,0.17248,-0.374,0.34496,9.75615e-08,-0.374,0.298744,0.17248,0.374,0.17248,0.298744,-0.374,0.17248,0.298744,0.374,-5.05832e-08,0.34496,-0.374,4.99926e-08,0.34496,0.374,-0.17248,0.298744,-0.374,-0.17248,0.298744,0.374,-0.298744,0.17248,-0.374,-0.298744,0.17248,0.374,-0.34496,-3.88517e-09,-0.374,-0.34496,5.0539e-08,0.374,-0.298744,-0.17248,-0.374,-0.298744,-0.17248,0.374,-0.17248,-0.298744,-0.374,-0.17248,-0.298744,0.374,-1.06749e-07,-0.34496,-0.374,-4.43154e-09,-0.34496,0.374,0.17248,-0.298744,0.374,-1.06749e-07,-0.34496,-0.374,0.17248,-0.298744,-0.374,-4.43154e-09,-0.34496,0.374,0.298744,-0.17248,-0.374,0.298744,-0.17248]},"normal":{"type":"float32","components":3,"data":[0.904843,-0.212836,0.368664,0.904843,-0.212836,-0.368664,0.904843,0.425703,0,0.904843,-0.425703,0,0.904843,-0.368664,0.212836,0.904843,0.368664,-0.212836,0.904843,0,-0.425703,0.904843,0.368664,0.212836,0.904843,0.212836,0.368664,0.904843,0,0.425703,0.904843,-0.368664,-0.212836,0.904843,0.212836,-0.368664,-0.369243,0.929319,0,0.369243,0.929319,0,0.369243,0.804804,-0.464644,-0.369243,0.804804,-0.464644,0.369243,0.464644,0.804804,-0.369243,0.464644,0.804804,-0.369243,0,0.929319,0.369243,0,0.929319,0.369243,-0.464644,0.804804,-0.369243,-0.464644,0.804804,0.369243,-0.804804,0.464644,-0.369243,-0.804804,0.464644,-0.369243,-0.929319,0,0.369243,-0.929319,0,-0.369243,-0.804804,-0.464644,0.369243,-0.804804,-0.464644,-0.369243,-0.464644,-0.804804,0.369243,-0.464644,-0.804804,0.369243,0,-0.929319,-0.369243,0,-0.929319,-0.369243,0,-0.929319,0.369243,0.464644,-0.804804,0.369243,0,-0.929319,-0.369243,0.464644,-0.804804,-0.369243,0.804804,0.464644,0.369243,0.804804,0.464644,-0.904843,0.368664,0.212836,-0.904843,-0.212836,0.368664,-0.904843,0,0.425703,-0.904843,0.425703,0,-0.904843,-0.368664,-0.212836,-0.904843,0,-0.425703,-0.904843,0.368664,-0.212836,-0.904843,0.212836,-0.368664,-0.904843,-0.212836,-0.368664,-0.904843,-0.425703,0,-0.904843,-0.368664,0.212836,-0.904843,0.212836,0.368664,0.904843,0.425703,0,0.904843,0.368664,0.212836,-0.904843,0.425703,0,-0.904843,0.368664,0.212836,0.904843,0.212836,0.368664,-0.904843,0.212836,0.368664,0.904843,0,0.425703,-0.904843,0,0.425703,0.904843,-0.212836,0.368664,-0.904843,-0.212836,0.368664,0.904843,-0.368664,0.212836,-0.904843,-0.368664,0.212836,0.904843,-0.425703,0,-0.904843,-0.425703,0,0.904843,-0.368664,-0.212836,-0.904843,-0.368664,-0.212836,0.904843,-0.212836,-0.368664,-0.904843,-0.212836,-0.368664,0.904843,0,-0.425703,-0.904843,0,-0.425703,0.904843,0.212836,-0.368664,0.904843,0,-0.425703,-0.904843,0.212836,-0.368664,-0.904843,0,-0.425703,0.904843,0.368664,-0.212836,-0.904843,0.368664,-0.212836]},"texCoord0":{"type":"float32","components":2,"data":[0.964654,0.0660403,0.871454,0.159239,0.837341,0.031927,0.944958,0.139544,0.964654,0.105431,0.817646,0.0660403,0.837341,0.139544,0.871454,0.0122317,0.910845,0.0122318,0.944958,0.0319271,0.910845,0.159239,0.817646,0.105431,0.384241,0.400493,0.530329,0.400493,0.530329,0.443382,0.384241,0.443382,0.530329,0.314714,0.384241,0.314714,0.384241,0.271825,0.530329,0.271825,0.530329,0.228935,0.384241,0.228935,0.530329,0.186046,0.384241,0.186046,0.384241,0.143157,0.530329,0.143157,0.384241,0.100267,0.530329,0.100267,0.384241,0.0573779,0.530329,0.0573779,0.530329,0.0144885,0.384241,0.0144885,0.384241,0.529161,0.530329,0.486272,0.530329,0.529161,0.384241,0.486272,0.384241,0.357604,0.530329,0.357604,0.243134,0.829228,0.336333,0.775419,0.316638,0.809533,0.209021,0.809533,0.282524,0.68222,0.209021,0.701916,0.189325,0.775419,0.189325,0.736029,0.243134,0.68222,0.316638,0.701916,0.336333,0.736029,0.282525,0.829228,0.538854,0.400493,0.538854,0.357604,0.375716,0.400493,0.375716,0.357604,0.538854,0.314714,0.375716,0.314714,0.538854,0.271825,0.375716,0.271825,0.538854,0.228935,0.375716,0.228935,0.538854,0.186046,0.375716,0.186046,0.538854,0.143157,0.375716,0.143157,0.538854,0.100267,0.375716,0.100267,0.538854,0.0573779,0.375716,0.0573779,0.538854,0.0144885,0.375716,0.0144885,0.538854,0.486272,0.538854,0.529161,0.375716,0.486272,0.375716,0.529161,0.538854,0.443382,0.375716,0.443382]}}],"meshes":[{"aabb":{"min":[-0.374,-0.374,-0.374],"max":[0.374,0.374,0.374]},"vertices":0,"indices":[0,1,2,3,0,4,5,1,6,0,2,7,8,0,7,0,8,9,10,0,3,1,0,10,1,5,2,5,6,11,12,13,14,12,14,15,16,17,18,16,18,19,18,20,19,20,18,21,21,22,20,22,21,23,22,23,24,22,24,25,25,24,26,25,26,27,27,26,28,27,28,29,28,30,29,30,28,31,32,33,34,33,32,35,15,33,35,33,15,14,16,36,17,36,16,37,38,39,40,41,42,38,43,42,41,43,41,44,43,44,45,42,43,46,42,39,38,39,42,47,39,47,48,38,40,49,37,12,36,12,37,13,50,37,51,37,50,13,52,53,36,36,12,52,51,16,54,16,51,37,17,53,55,53,17,36,54,19,56,19,54,16,17,57,18,57,17,55,58,19,20,19,58,56,59,18,57,18,59,21,58,22,60,22,58,20,61,21,59,21,61,23,60,25,62,25,60,22,24,61,63,61,24,23,62,27,64,27,62,25,24,65,26,65,24,63,29,64,27,64,29,66,67,26,65,26,67,28,66,30,68,30,66,29,67,69,31,31,28,67,70,71,34,34,33,70,72,32,73,32,72,35,74,70,33,33,14,74,72,15,35,15,72,75,50,14,13,14,50,74,75,52,12,12,15,75],"type":"triangles","base":0,"count":276}],"meshInstances":[{"node":1,"mesh":0}]}}