{"model":{"version":3,"nodes":[{"name":"RootNode","position":[0,0,0],"rotation":[0,0,0],"scale":[0.01,0.01,0.01],"scaleCompensation":false},{"name":"puck2","position":[0,0,0],"rotation":[-90,0,0],"scale":[100,100,100],"scaleCompensation":false}],"parents":[-1,0],"skins":[],"morphs":[],"vertices":[{"position":{"type":"float32","components":3,"data":[0.382683,0.92388,0.1545,0,1,-0.1545,0,1,0.1545,0.382683,0.92388,-0.1545,0.707107,0.707107,0.1545,0.707107,0.707107,-0.1545,0.92388,0.382683,0.1545,0.92388,0.382683,-0.1545,1,-4.37114e-08,0.1545,1,-4.37114e-08,-0.1545,0.92388,-0.382684,0.1545,0.92388,-0.382684,-0.1545,0.707107,-0.707107,0.1545,0.707107,-0.707107,-0.1545,0.382683,-0.92388,0.1545,0.382683,-0.92388,-0.1545,1.50996e-07,-1,0.1545,1.50996e-07,-1,-0.1545,-0.382683,-0.92388,0.1545,1.50996e-07,-1,-0.1545,1.50996e-07,-1,0.1545,-0.382683,-0.92388,-0.1545,-0.707107,-0.707107,0.1545,-0.707107,-0.707107,-0.1545,-0.92388,-0.382684,0.1545,-0.92388,-0.382684,-0.1545,-1,1.19249e-08,0.1545,-1,1.19249e-08,-0.1545,-0.923879,0.382684,0.1545,-0.923879,0.382684,-0.1545,-0.707107,0.707107,0.1545,-0.707107,0.707107,-0.1545,2.12155e-08,0.83,0.1545,0.317627,0.76682,0.1545,-0.382683,0.92388,0.1545,-0.382683,0.92388,-0.1545,-0.76682,0.317627,0.1545,-0.586898,0.586899,0.1545,0.76682,0.317627,0.0997331,0.83,-4.00802e-08,0.1545,0.76682,0.317627,0.1545,0.83,-4.00802e-08,0.0997331,-0.76682,-0.317627,-0.0997331,-0.586899,-0.586899,-0.0997331,-0.586899,-0.586899,-0.1545,-0.76682,-0.317627,-0.1545,-0.586899,-0.586899,-0.1545,-0.317627,-0.76682,-0.1545,-0.586899,-0.586899,0.1545,-0.317627,-0.76682,0.1545,0.586899,-0.586899,-0.1545,0.76682,-0.317627,-0.1545,-0.586898,0.586899,-0.1545,-0.317627,0.76682,-0.1545,0.586899,-0.586899,0.1545,0.76682,-0.317627,0.1545,-0.317627,0.76682,0.1545,0.317627,0.76682,-0.1545,0.586899,0.586899,-0.1545,-0.76682,-0.317627,-0.1545,0.586899,0.586899,0.1545,-0.76682,-0.317627,0.1545,0.317627,-0.76682,-0.1545,2.12155e-08,0.83,-0.1545,0.317627,-0.76682,0.1545,0.76682,0.317627,-0.1545,-0.83,6.09786e-09,-0.1545,0.76682,0.317627,0.1545,-0.83,6.09786e-09,0.1545,1.46542e-07,-0.83,-0.1545,1.46542e-07,-0.83,0.1545,0.83,-4.00802e-08,-0.1545,-0.76682,0.317627,-0.1545,0.83,-4.00802e-08,0.1545,1.46542e-07,-0.83,-0.1545,1.46542e-07,-0.83,0.1545,0.76682,-0.317627,-0.0997331,0.586899,-0.586899,-0.0997331,5.96046e-08,0,-0.0997331,-0.83,6.09786e-09,0.0997331,-0.76682,-0.317627,0.0997331,5.96046e-08,0,0.0997331,-0.586899,-0.586899,0.0997331,-0.76682,-0.317627,0.1545,-0.586899,-0.586899,0.1545,0.83,-4.00802e-08,-0.0997331,0.83,-4.00802e-08,-0.1545,0.76682,-0.317627,-0.1545,-0.83,6.09786e-09,-0.0997331,-0.83,6.09786e-09,-0.1545,0.76682,-0.317627,0.1545,0.76682,-0.317627,0.0997331,-0.83,6.09786e-09,0.1545,0.586899,-0.586899,-0.1545,-0.76682,0.317627,-0.0997331,-0.76682,0.317627,-0.1545,0.586899,-0.586899,0.1545,0.586899,-0.586899,0.0997331,-0.76682,0.317627,0.1545,-0.76682,0.317627,0.0997331,0.317627,-0.76682,-0.0997331,0.317627,-0.76682,-0.1545,-0.586898,0.586899,-0.0997331,-0.586898,0.586899,-0.1545,0.317627,-0.76682,0.1545,0.317627,-0.76682,0.0997331,0.317627,0.76682,-0.0997331,2.12155e-08,0.83,-0.0997331,2.12155e-08,0.83,-0.1545,0.317627,0.76682,-0.1545,-0.586898,0.586899,0.1545,-0.586898,0.586899,0.0997331,1.46542e-07,-0.83,-0.0997331,1.46542e-07,-0.83,-0.1545,0.317627,0.76682,0.1545,2.12155e-08,0.83,0.1545,2.12155e-08,0.83,0.0997331,0.317627,0.76682,0.0997331,-0.317627,0.76682,-0.0997331,-0.317627,0.76682,-0.1545,1.46542e-07,-0.83,0.1545,1.46542e-07,-0.83,0.0997331,0.586899,0.586899,-0.0997331,0.586899,0.586899,-0.1545,-0.317627,0.76682,0.1545,-0.317627,0.76682,0.0997331,-0.317627,-0.76682,-0.0997331,-0.317627,-0.76682,-0.1545,0.586899,0.586899,0.1545,0.586899,0.586899,0.0997331,-0.317627,-0.76682,0.1545,-0.317627,-0.76682,0.0997331,0.76682,0.317627,-0.0997331,0.76682,0.317627,-0.1545]},"normal":{"type":"float32","components":3,"data":[0.285531,0.689383,0.6657,0,0.746178,-0.6657,0,0.746178,0.6657,0.285531,0.689383,-0.6657,0.527635,0.527635,0.6657,0.527635,0.527635,-0.6657,0.689383,0.285531,0.6657,0.689383,0.285531,-0.6657,0.746178,0,0.6657,0.746178,0,-0.6657,0.689383,-0.285531,0.6657,0.689383,-0.285531,-0.6657,0.527635,-0.527635,0.6657,0.527635,-0.527635,-0.6657,0.285531,-0.689383,0.6657,0.285531,-0.689383,-0.6657,0,-0.746178,0.6657,0,-0.746178,-0.6657,-0.285531,-0.689383,0.6657,0,-0.746178,-0.6657,0,-0.746178,0.6657,-0.285531,-0.689383,-0.6657,-0.527635,-0.527635,0.6657,-0.527635,-0.527635,-0.6657,-0.689383,-0.285531,0.6657,-0.689383,-0.285531,-0.6657,-0.746178,0,0.6657,-0.746178,0,-0.6657,-0.689383,0.285531,0.6657,-0.689383,0.285531,-0.6657,-0.527635,0.527635,0.6657,-0.527635,0.527635,-0.6657,0,-0.657125,0.753746,-0.251473,-0.607105,0.753746,-0.285531,0.689383,0.6657,-0.285531,0.689383,-0.6657,0.607105,-0.251473,0.753746,0.464644,-0.464644,0.753746,-0.689383,-0.285531,0.6657,-0.657125,0,0.753746,-0.607105,-0.251473,0.753746,-0.746178,0,0.6657,0.689383,0.285531,-0.6657,0.527635,0.527635,-0.6657,0.464644,0.464644,-0.753746,0.607105,0.251473,-0.753746,0.464644,0.464644,-0.753746,0.251473,0.607105,-0.753746,0.464644,0.464644,0.753746,0.251473,0.607105,0.753746,-0.464644,0.464644,-0.753746,-0.607105,0.251473,-0.753746,0.464644,-0.464644,-0.753746,0.251473,-0.607105,-0.753746,-0.464644,0.464644,0.753746,-0.607105,0.251473,0.753746,0.251473,-0.607105,0.753746,-0.251473,-0.607105,-0.753746,-0.464644,-0.464644,-0.753746,0.607105,0.251473,-0.753746,-0.464644,-0.464644,0.753746,0.607105,0.251473,0.753746,-0.251473,0.607105,-0.753746,0,-0.657125,-0.753746,-0.251473,0.607105,0.753746,-0.607105,-0.251473,-0.753746,0.657125,0,-0.753746,-0.607105,-0.251473,0.753746,0.657125,0,0.753746,0,0.657125,-0.753746,0,0.657125,0.753746,-0.657125,0,-0.753746,0.607105,-0.251473,-0.753746,-0.657125,0,0.753746,0,0.657125,-0.753746,0,0.657125,0.753746,-0.689383,0.285531,-0.6657,-0.527635,0.527635,-0.6657,0,0,-1,0.746178,0,0.6657,0.689383,0.285531,0.6657,0,0,1,0.527635,0.527635,0.6657,0.607105,0.251473,0.753746,0.464644,0.464644,0.753746,-0.746178,0,-0.6657,-0.657125,0,-0.753746,-0.607105,0.251473,-0.753746,0.746178,0,-0.6657,0.657125,0,-0.753746,-0.607105,0.251473,0.753746,-0.689383,0.285531,0.6657,0.657125,0,0.753746,-0.464644,0.464644,-0.753746,0.689383,-0.285531,-0.6657,0.607105,-0.251473,-0.753746,-0.464644,0.464644,0.753746,-0.527635,0.527635,0.6657,0.607105,-0.251473,0.753746,0.689383,-0.285531,0.6657,-0.285531,0.689383,-0.6657,-0.251473,0.607105,-0.753746,0.527635,-0.527635,-0.6657,0.464644,-0.464644,-0.753746,-0.251473,0.607105,0.753746,-0.285531,0.689383,0.6657,-0.285531,-0.689383,-0.6657,0,-0.746178,-0.6657,0,-0.657125,-0.753746,-0.251473,-0.607105,-0.753746,0.464644,-0.464644,0.753746,0.527635,-0.527635,0.6657,0,0.746178,-0.6657,0,0.657125,-0.753746,-0.251473,-0.607105,0.753746,0,-0.657125,0.753746,0,-0.746178,0.6657,-0.285531,-0.689383,0.6657,0.285531,-0.689383,-0.6657,0.251473,-0.607105,-0.753746,0,0.657125,0.753746,0,0.746178,0.6657,-0.527635,-0.527635,-0.6657,-0.464644,-0.464644,-0.753746,0.251473,-0.607105,0.753746,0.285531,-0.689383,0.6657,0.285531,0.689383,-0.6657,0.251473,0.607105,-0.753746,-0.464644,-0.464644,0.753746,-0.527635,-0.527635,0.6657,0.251473,0.607105,0.753746,0.285531,0.689383,0.6657,-0.689383,-0.285531,-0.6657,-0.607105,-0.251473,-0.753746]},"texCoord0":{"type":"float32","components":2,