{"model":{"version":3,"nodes":[{"name":"RootNode","position":[0,0,0],"rotation":[0,0,0],"scale":[0.01,0.01,0.01],"scaleCompensation":false},{"name":"Cube","position":[0,0,0],"rotation":[0,0,0],"scale":[1,1,0.0548541],"scaleCompensation":false}],"parents":[-1,0],"skins":[],"morphs":[],"vertices":[{"position":{"type":"float32","components":3,"data":[-105.585,629.95,-141.283,-137.199,9.65743,141.285,-105.585,629.95,141.285,-137.199,9.65743,-141.283,282.418,9.65743,-141.283,154.819,379.096,-141.283,260.019,633.054,-141.283,260.019,633.054,141.285,282.418,9.65743,141.285,282.418,9.65743,-141.283,260.019,633.054,-141.283,-105.585,629.95,141.285,-2.37043,379.969,141.285,-1.43934,530.325,141.285,-137.199,9.65743,141.285,282.418,9.65743,141.285,-137.199,9.65743,141.285,-137.199,9.65743,-141.283,282.418,9.65743,-141.283,260.019,633.054,-141.283,-105.585,629.95,-141.283,-170.476,681.927,-141.283,321.263,680.445,-141.283,317.103,762.555,-141.283,317.103,762.555,141.285,321.263,680.445,141.285,321.263,680.445,-141.283,321.263,680.445,-141.283,321.263,680.445,141.285,260.019,633.054,141.285,260.019,633.054,-141.283,-170.476,681.927,141.285,-105.585,629.95,-141.283,-105.585,629.95,141.285,-170.476,681.927,-141.283,-170.476,681.927,141.285,260.019,633.054,141.285,321.263,680.445,141.285,-105.585,629.95,141.285,-161.452,762.555,141.285,317.103,762.555,141.285,317.103,762.555,-141.283,-161.452,762.555,-141.283,-161.452,762.555,141.285,-170.476,681.927,-141.283,-170.476,681.927,141.285,-161.452,762.555,-141.283,-161.452,762.555,141.285,321.263,680.445,141.285,317.103,762.555,141.285,-170.476,681.927,141.285,-161.452,762.555,-141.283,321.263,680.445,-141.283,-170.476,681.927,-141.283,317.103,762.555,-141.283,55.7287,591.176,141.285,97.5942,590.057,-141.283,97.5942,590.057,141.285,55.7287,591.176,-141.283,97.5942,590.057,141.285,130.093,572.718,-141.283,130.093,572.718,141.285,97.5942,590.057,-141.283,-1.43934,530.325,141.285,20.31,570.306,-141.283,20.31,570.306,141.285,-1.43934,530.325,-141.283,130.093,572.718,141.285,152.554,534.09,-141.283,152.554,534.09,141.285,130.093,572.718,-141.283,152.554,534.09,141.285,154.819,379.096,-141.283,154.819,379.095,141.285,152.554,534.09,-141.283,260.019,633.054,-141.283,154.819,379.096,-141.283,152.554,534.09,-141.283,20.31,570.306,141.285,55.7287,591.176,-141.283,55.7287,591.176,141.285,20.31,570.306,-141.283,-1.43934,530.325,-141.283,-1.43934,530.325,141.285,-2.37043,379.969,141.285,-2.37043,379.969,-141.283,154.819,379.095,141.285,-2.37043,379.969,-141.283,-2.37043,379.969,141.285,154.819,379.096,-141.283,-105.585,629.95,141.285,-1.43934,530.325,141.285,20.31,570.306,141.285,-105.585,629.95,141.285,20.31,570.306,141.285,55.7287,591.176,141.285,260.019,633.054,141.285,-105.585,629.95,141.285,55.7287,591.176,141.285,97.5942,590.057,141.285,260.019,633.054,141.285,97.5942,590.057,141.285,130.093,572.718,141.285,260.019,633.054,141.285,130.093,572.718,141.285,152.554,534.09,141.285,154.819,379.095,141.285,260.019,633.054,141.285,152.554,534.09,141.285,282.418,9.65743,141.285,-105.585,629.95,-141.283,-2.37043,379.969,-141.283,-137.199,9.65743,-141.283,-1.43934,530.325,-141.283,-2.37043,379.969,-141.283,282.418,9.65743,-141.283,-137.199,9.65743,-141.283,154.819,379.096,-141.283,260.019,633.054,-141.283,152.554,534.09,-141.283,130.093,572.718,-141.283,260.019,633.054,-141.283,130.093,572.718,-141.283,97.5942,590.057,-141.283,260.019,633.054,-141.283,55.7287,591.176,-141.283,-105.585,629.95,-141.283,97.5942,590.057,-141.283,-105.585,629.95,-141.283,55.7287,591.176,-141.283,20.31,570.306,-141.283,-1.43934,530.325,-141.283,-105.585,629.95,-141.283,20.31,570.306,-141.283]},"normal":{"type":"float32","components":3,"data":[-0.998704,0.0508997,0,-0.998704,0.0508997,0,-0.998704,0.0508997,0,-0.998704,0.0508997,0,0,0,-1,0,0,-1,0,0,-1,0.999355,0.0359065,0,0.999355,0.0359065,0,0.999355,0.0359065,0,0.999355,0.0359065,0,0,0,1,0,0,1,0,0,1,0,0,1,0,-1,0,0,-1,0,0,-1,0,0,-1,0,0,2.2387e-07,-1,0,2.2387e-07,-1,0,2.2387e-07,-1,0,2.2387e-07,-1,0.998719,0.0506003,0,0.998719,0.0506003,0,0.998719,0.0506003,0,0.998719,0.0506003,0,0.611983,-0.790871,0,0.611983,-0.790871,0,0.611983,-0.790871,0,0.611983,-0.790871,0,-0.625169,-0.78049,0,-0.625169,-0.78049,0,-0.625169,-0.78049,0,-0.625169,-0.78049,0,0,2.2387e-07,1,0,2.2387e-07,1,0,2.2387e-07,1,0,2.2387e-07,1,0,1,0,0,1,0,0,1,0,0,1,0,-0.993795,0.111228,0,-0.993795,0.111228,0,-0.993795,0.111228,0,-0.993795,0.111228,0,0,0,1,0,0,1,0,0,1,0,0,1,0,0,-1,0,0,-1,0,0,-1,0,0,-1,-0.0267179,-0.999643,1.68415e-07,-0.0267179,-0.999643,1.68415e-07,-0.0267179,-0.999643,1.68415e-07,-0.0267179,-0.999643,1.68415e-07,-0.470708,-0.882289,1.50892e-07,-0.470708,-0.882289,1.50892e-07,-0.470708,-0.882289,1.50892e-07,-0.470708,-0.882289,1.50892e-07,0.878431,-0.477868,0,0.878431,-0.477868,0,0.878431,-0.477868,0,0.878431,-0.477868,0,-0.864478,-0.502671,0,-0.864478,-0.502671,0,-0.864478,-0.502671,0,-0.864478,-0.502671,0,-0.999893,-0.0146107,5.44319e-08,-0.999893,-0.0146107,5.44319e-08,-0.999893,-0.0146107,5.44319e-08,-0.999893,-0.0146107,5.44319e-08,0,7.06188e-08,-1,0,7.06188e-08,-1,0,7.06188e-08,-1,0.507662,-0.861556,0,0.507662,-0.861556,0,0.507662,-0.861556,0,0.507662,-0.861556,0,0.999981,-0.00619243,0,0.999981,-0.00619243,0,0.999981,-0.00619243,0,0.999981,-0.00619243,0,0.00555662,0.999985,1.68757e-07,0.00555662,0.999985,1.68757e-07,0.00555662,0.999985,1.68757e-07,0.00555662,0.999985,1.68757e-07,0,3.76617e-07,1,0,3.76617e-07,1,0,3.76617e-07,1,0,-5.02995e-07,1,0,-5.02995e-07,1,0,-5.02995e-07,1,0,7.15599e-08,1,0,7.15599e-08,1,0,7.15599e-08,1,0,7.15599e-08,1,0,-4.24374e-07,1,0,-4.24374e-07,1,0,-4.24374e-07,1,0,0,1,0,0,1,0,0,1,0,0,1,0,0,1,0,0,1,0,0,1,0,3.01667e-08,-1,0,3.01667e-08,-1,0,3.01667e-08,-1,0,3.01667e-08,-1,0,-2.23501e-08,-1,0,-2.23501e-08,-1,0,-2.23501e-08,-1,0,-2.23501e-08,-1,0,-1.87025e-07,-1,0,-1.87025e-07,-1,0,-1.87025e-07,-1,0,4.24375e-07,-1,0,4.24375e-07,-1,0,4.24375e-07,-1,0,7.15598e-08,-1,0,7.15598e-08,-1,0,7.15598e-08,-1,0,7.15598e-08,-1,0,-2.51498e-07,-1,0,-2.51498e-07,-1,0,-2.51498e-07,-1,0,3.76617e-07,-1,0,3.76617e-07,-1,0,3.76617e-07,-1]},"texCoord0":{"type":"float32","components":2,"data":[0.625,0.25,0.375,0,0.625,0,0.375,0.25,0.375,0.5,0.567917,0.426344,0.625,0.5,0.625,0.75,0.375,0.75,0.375,0.5,0.625,0.5,0.625,1,0.567918,0.930387,0.598797,0.931097,0.375,1,0.375,0.75,0.125,0.75,0.125,0.5,0.375,0.5,0.625,0.5,0.625,0.25,0.625,0.25,0.625,0.5,0.625,0.5,0.625,0.75,0.625,0.75,0.625,0.5,0.625,0.5,0.625,0.75,0.625,0.75,0.625,0.5,0.625,0,0.625,0.25,0.625,0,0.625,0.25,0.625,1,0.625,0.75,0.625,0.75,0.625,1,0.875,0.75,0.625,0.75,0.625,0.5,0.875,0.5,0.625,0,0.625,0.25,0.625,0,0.625,0.25,0.625,1,0.625,0.75,0.625,0.75,0.625,1,0.625,0.25,0.625,0.5,0.625,0.25,0.625,0.5,0.75,0.650902,0.71875,0.599098,0.71875,0.650902,0.75,0.599098,0.71875,0.650902,0.6875,0.599098,0.6875,0.650902,0.71875,0.599098,0.875,0.650902,0.8125,0.599098,0.8125,0.650902,0.875,0.599098,0.6875,0.650902,0.625,0.599098,0.625,0.650902,0.6875,0.599098,0.625,0.650902,0.375,0.599098,0.375,0.650902,0.625,0.599098,0.625,0.5,0.567917,0.426344,0.597468,0.42781,0.8125,0.650902,0.75,0.599098,0.75,0.650902,0.8125,0.599098,0.625,0.150902,0.625,0.0990976,0.375,0.0990976,0.375,0.150902,0.375,0.650902,0.125,0.599098,0.125,0.650902,0.375,0.599098,0.625,1,0.598797,0.931097,0.606798,0.916781,0.625,1,0.606798,0.916781,0.611403,0.893667,0.625,0.75,0.625,1,0.611403,0.893667,0.611734,0.864564,0.625,0.75,0.611734,0.864564,0.607402,0.838684,0.625,0.75,0.607402,0.838684,0.597468,0.82219,0.567917,0.823656,0.625,0.75,0.597468,0.82219,0.375,0.75,0.625,0.25,0.567918,0.319613,0.375,0.25,0.598797,0.318903,0.567918,0.319613,0.375,0.5,0.375,0.25,0.567917,0.426344,0.625,0.5,0.597468,0.42781,0.607402,0.411316,0.625,0.5,0.607402,0.411316,0.611734,0.385436,0.625,0.5,0.611404,0.356333,0.625,0.25,0.611734,0.385436,0.625,0.25,0.611404,0.356333,0.606798,0.333219,0.598797,0.318903,0.625,0.25,0.606798,0.333219]},"texCoord1":{"type":"float32","components":2,