{"model":{"version":3,"nodes":[{"name":"RootNode","position":[0,0,0],"rotation":[0,0,0],"scale":[0.01,0.01,0.01],"scaleCompensation":false},{"name":"star","position":[0,0,0],"rotation":[-90,0,0],"scale":[100,100,100],"scaleCompensation":false}],"parents":[-1,0],"skins":[],"morphs":[],"vertices":[{"position":{"type":"float32","components":3,"data":[0.39743,-0.129133,0.05,0,0,0.3,0.587785,-0.809017,0.05,0,0,0.3,0,-0.417882,0.05,0.587785,-0.809017,0.05,0,-0.417882,0.05,0,0,0.3,-0.587785,-0.809017,0.05,-0.39743,-0.129133,0.05,-0.587785,-0.809017,0.05,0,0,0.3,-0.39743,-0.129133,0.05,0,0,0.3,-0.951057,0.309017,0.05,-0.245625,0.338074,0.05,-0.951057,0.309017,0.05,0,0,0.3,-0.245625,0.338074,0.05,0,0,0.3,0,1,0.05,0.245625,0.338074,0.05,0,1,0.05,0,0,0.3,0.245625,0.338074,0.05,0,0,0.3,0.951056,0.309017,0.05,0.39743,-0.129133,0.05,0.951056,0.309017,0.05,0,0,0.3,0,-0.417882,0.05,-0.587785,-0.809017,0.05,-0.587785,-0.809017,0,0,-0.417882,0,0,1,0.05,0.245625,0.338074,0.05,0.245625,0.338074,0,0,1,0,-0.39743,-0.129133,0.05,-0.951057,0.309017,0.05,-0.951057,0.309017,0,-0.39743,-0.129133,0,0.951056,0.309017,0.05,0.39743,-0.129133,0.05,0.39743,-0.129133,0,0.951056,0.309017,0,-0.587785,-0.809017,0.05,-0.39743,-0.129133,0.05,-0.39743,-0.129133,0,-0.587785,-0.809017,0,0.245625,0.338074,0.05,0.951056,0.309017,0.05,0.951056,0.309017,0,0.245625,0.338074,0,-0.245625,0.338074,0.05,0,1,0.05,0,1,0,-0.245625,0.338074,0,0.587785,-0.809017,0.05,0,-0.417882,0.05,0,-0.417882,0,0.587785,-0.809017,0,0.587785,-0.809017,0,0.39743,-0.129133,0.05,0.587785,-0.809017,0.05,0.39743,-0.129133,0,-0.951057,0.309017,0.05,-0.245625,0.338074,0.05,-0.245625,0.338074,0,-0.951057,0.309017,0,0.39743,-0.129133,-0.05,0.587785,-0.809017,-0.05,0,0,-0.3,0,0,-0.3,0.587785,-0.809017,-0.05,0,-0.417882,-0.05,0,-0.417882,-0.05,-0.587785,-0.809017,-0.05,0,0,-0.3,-0.39743,-0.129133,-0.05,0,0,-0.3,-0.587785,-0.809017,-0.05,-0.39743,-0.129133,-0.05,-0.951057,0.309017,-0.05,0,0,-0.3,-0.245625,0.338074,-0.05,0,0,-0.3,-0.951057,0.309017,-0.05,-0.245625,0.338074,-0.05,0,1,-0.05,0,0,-0.3,0.245625,0.338074,-0.05,0,0,-0.3,0,1,-0.05,0.245625,0.338074,-0.05,0.951056,0.309017,-0.05,0,0,-0.3,0.39743,-0.129133,-0.05,0,0,-0.3,0.951056,0.309017,-0.05,0,-0.417882,-0.05,-0.587785,-0.809017,-0.05,0,1,-0.05,0.245625,0.338074,-0.05,-0.39743,-0.129133,-0.05,-0.951057,0.309017,-0.05,0.951056,0.309017,-0.05,0.39743,-0.129133,-0.05,-0.587785,-0.809017,-0.05,-0.39743,-0.129133,-0.05,0.245625,0.338074,-0.05,0.951056,0.309017,-0.05,-0.245625,0.338074,-0.05,0,1,-0.05,0.587785,-0.809017,-0.05,0,-0.417882,-0.05,0.39743,-0.129133,-0.05,0.587785,-0.809017,-0.05,-0.951057,0.309017,-0.05,-0.245625,0.338074,-0.05]},"normal":{"type":"float32","components":3,"data":[0.561948,0.157336,0.812071,0.561948,0.157336,0.812071,0.561948,0.157336,0.812071,-0.323286,-0.485825,0.812071,-0.323286,-0.485825,0.812071,-0.323286,-0.485825,0.812071,0.323287,-0.485825,0.812071,0.323287,-0.485825,0.812071,0.323287,-0.485825,0.812071,-0.561948,0.157335,0.812071,-0.561948,0.157335,0.812071,-0.561948,0.157335,0.812071,-0.362146,-0.457592,0.812071,-0.362146,-0.457592,0.812071,-0.362146,-0.457592,0.812071,-0.0240167,0.583064,0.812071,-0.0240167,0.583064,0.812071,-0.0240167,0.583064,0.812071,-0.547105,0.203018,0.812071,-0.547105,0.203018,0.812071,-0.547105,0.203018,0.812071,0.547105,0.203018,0.812071,0.547105,0.203018,0.812071,0.547105,0.203018,0.812071,0.0240166,0.583064,0.812071,0.0240166,0.583064,0.812071,0.0240166,0.583064,0.812071,0.362146,-0.457592,0.812071,0.362146,-0.457592,0.812071,0.362146,-0.457592,0.812071,0.553992,-0.832522,0,0.553992,-0.832522,0,0.553992,-0.832522,0,0.553992,-0.832522,0,0.937533,0.347897,0,0.937533,0.347897,0,0.937533,0.347897,0,0.937533,0.347897,0,-0.620583,-0.784141,0,-0.620583,-0.784141,0,-0.620583,-0.784141,0,-0.620583,-0.784141,0,0.620583,-0.784141,0,0.620583,-0.784141,0,0.620583,-0.784141,0,0.620583,-0.784141,0,-0.962969,0.269614,0,-0.962969,0.269614,0,-0.962969,0.269614,0,-0.962969,0.269614,0,0.0411554,0.999153,0,0.0411554,0.999153,0,0.0411554,0.999153,0,0.0411554,0.999153,0,-0.937533,0.347896,0,-0.937533,0.347896,0,-0.937533,0.347896,0,-0.937533,0.347896,0,-0.553992,-0.832522,0,-0.553992,-0.832522,0,-0.553992,-0.832522,0,-0.553992,-0.832522,0,0.962968,0.269614,0,0.962968,0.269614,0,0.962968,0.269614,0,0.962968,0.269614,0,-0.0411556,0.999153,0,-0.0411556,0.999153,0,-0.0411556,0.999153,0,-0.0411556,0.999153,0,0.561948,0.157336,-0.812071,0.561948,0.157336,-0.812071,0.561948,0.157336,-0.812071,-0.323286,-0.485825,-0.812071,-0.323286,-0.485825,-0.812071,-0.323286,-0.485825,-0.812071,0.323287,-0.485825,-0.812071,0.323287,-0.485825,-0.812071,0.323287,-0.485825,-0.812071,-0.561948,0.157335,-0.812071,-0.561948,0.157335,-0.812071,-0.561948,0.157335,-0.812071,-0.362146,-0.457592,-0.812071,-0.362146,-0.457592,-0.812071,-0.362146,-0.457592,-0.812071,-0.0240167,0.583064,-0.812071,-0.0240167,0.583064,-0.812071,-0.0240167,0.583064,-0.812071,-0.547105,0.203018,-0.812071,-0.547105,0.203018,-0.812071,-0.547105,0.203018,-0.812071,0.547105,0.203018,-0.812071,0.547105,0.203018,-0.812071,0.547105,0.203018,-0.812071,0.0240166,0.583064,-0.812071,0.0240166,0.583064,-0.812071,0.0240166,0.583064,-0.812071,0.362146,-0.457592,-0.812071,0.362146,-0.457592,-0.812071,0.362146,-0.457592,-0.812071,0.553992,-0.832522,0,0.553992,-0.832522,0,0.937533,0.347897,0,0.937533,0.347897,0,-0.620583,-0.784141,0,-0.620583,-0.784141,0,0.620583,-0.784141,0,0.620583,-0.784141,0,-0.962969,0.269614,0,-0.962969,0.269614,0,0.0411554,0.999153,0,0.0411554,0.999153,0,-0.937533,0.347896,0,-0.937533,0.347896,0,-0.553992,-0.832522,0,-0.553992,-0.832522,0,0.962968,0.269614,0,0.962968,0.269614,0,-0.0411556,0.999153,0,-0.0411556,0.999153,0]},"texCoord0":{"type":"float32","components":2,"data":[0.307082,0.655545,0.519744,0.500406,0.366913,0.978258,0.519744,0.500406,0.601574,0.750601,0.366913,0.978258,0.601574,0.750601,0.519744,0.500406,0.926983,0.793424,0.782981,0.499896,0.926983,0.793424,0.519744,0.500406,0.782981,0.499896,0.519744,0.500406,0.924265,0.203646,0.600603,0.249895,0.924265,0.203646,0.519744,0.500406,0.600603,0.249895,0.519744,0.500406,0.362513,0.0239824,0.306481,0.346093,0.362513,0.0239824,0.519744,0.500406,0.306481,0.346093,0.519744,0.500406,0.0180516,0.502719,0.307082,0.655545,0.0180516,0.502719,0.519744,0.500406,0.601574,0.750601,0.926983,0.793424,0.924094,0.815696,0.609595,0.774902,0.362513,0.0239824,0.306481,0.346093,0.285709,0.331148,0.343293,0.0205421,0.782981,0.499896,0.924265,0.203646,0.944554,0.213276,0.808571,0.499777,0.0180516,0.502719,0.307082,0.655545,0.286449,0.670683,0.00884038,0.519936,0.926983,0.793424,0.782981,0.499896,0.808571,0.499777,0.944554,0.78491,0.306481,0.346093,0.0180516,0.502719,0.00729749,0.483002,0.285709,0.331148,0.600603,0.249895,0.362513,0.0239824,0.377941,0.00766176,0.608397,0.22552,0.366913,0.978258,0.601574,0.750601,0.609595,0.774902,0.38044,0.992338,0.344838,0.982393,0.307082,0.655545,0.366913,0.978258,0.286449,0.670683,0.924265,0.203646,0.600603,0.249895,0.608397,0.22552,0.921597,0.184303,0.307082,0.655545,0.366913,0.978258,0.519744,0.500406,0.519744,0.500406,0.366913,0.978258,0.601574,0.750601,0.601574,0.750601,0.926983,0.793424,0.519744,0.500406,0.782981,0.499896,0.519744,0.500406,0.926983,0.793424,0.782981,0.499896,0.924265,0.203646,0.519744,0.500406,0.600603,0.249895,0.519744,0.500406,0.924265,0.203646,0.600603,0.249895,0.362513,0.0239824,0.519744,0.500406,0.306481,0.346093,0.519744,0.500406,0.362513,0.0239824,0.306481,0.346093,0.0180516,0.502719,0.519744,0.500406,0.307082,0.655545,0.519744,0.500406,0.0180516,0.502719,0.601574,0.750601,0.926983,0.793424,0.362513,0.0239824,0.306481,0.346093,0.782981,0.499896,0.924265,0.203646,0.0180516,0.502719,0.307082,0.655545,0.926983,0.793424,0.782981,0.499896,0.306481,0.346093,0.0180516,0.502719,0.600603,0.249895,0.362513,0.0239824,0.366913,0.978258,0.601574,0.750601,0.307082,0.655545,0.366913,0.978258,0.924265,0.203646,0.600603,0.249895]}}],"meshes":[{"aabb":{"min":[-0.951057,-0.809017,-0.3],