{
  "resources": [
    "cutscene_01.mp3"
  ],
  "spritemap": {
    "cs_01_elinor_001": {
      "start": 0,
      "end": 3.8780498866213153,
      "loop": false
    },
    "cs_01_elinor_002": {
      "start": 5,
      "end": 6.408004535147392,
      "loop": false
    },
    "cs_01_elinor_003": {
      "start": 8,
      "end": 9.962698412698412,
      "loop": false
    },
    "cs_01_elinor_004": {
      "start": 11,
      "end": 11.917369614512472,
      "loop": false
    },
    "cs_01_elinor_005": {
      "start": 13,
      "end": 14.088027210884354,
      "loop": false
    },
    "cs_01_elinor_006": {
      "start": 16,
      "end": 17.066689342403627,
      "loop": false
    },
    "cs_01_elinor_007": {
      "start": 19,
      "end": 20.045374149659864,
      "loop": false
    },
    "cs_01_elinor_008": {
      "start": 22,
      "end": 22.91736961451247,
      "loop": false
    },
    "cs_01_elinor_009": {
      "start": 24,
      "end": 27.16176870748299,
      "loop": false
    },
    "cs_01_elinor_010": {
      "start": 29,
      "end": 31.58750566893424,
      "loop": false
    }
  }
}