{"model":{"version":3,"nodes":[{"name":"RootNode","position":[0,0,0],"rotation":[0,0,0],"scale":[0.01,0.01,0.01],"scaleCompensation":false},{"name":"Cube","position":[-2.22882,2.88428,0],"rotation":[-90,0,0],"scale":[81.8187,8.15359,81.8187],"scaleCompensation":false}],"parents":[-1,0],"skins":[],"morphs":[],"vertices":[{"position":{"type":"float32","components":3,"data":[-0.152505,0.999999,1.36206,-0.266849,-1,0.971525,-0.152505,-1,1.36206,-0.266849,0.999999,0.971525,1.1258,1,0.498882,1.00719,-0.999999,-1.51556,1.00719,1,-1.51556,1.1258,-1,0.498882,0.716571,-1,0.83599,-1.00566,-1,-1.07701,1.1258,-1,0.498882,-0.767095,-1,0.699596,0.318861,-1,1.45883,0.759702,-1,1.19247,1.00719,-0.999999,-1.51556,-0.266849,-1,0.971525,-0.152505,-1,1.36206,-0.767095,0.999999,0.699596,-0.266849,-1,0.971525,-0.266849,0.999999,0.971525,-0.767095,-1,0.699596,-1.00566,1,-1.07701,1.1258,1,0.498882,1.00719,1,-1.51556,0.716572,1,0.83599,-0.767095,0.999999,0.699596,0.318862,0.999999,1.45883,0.759703,1,1.19247,-0.266849,0.999999,0.971525,-0.152505,0.999999,1.36206,-0.152505,0.999999,1.36206,0.318861,-1,1.45883,0.318862,0.999999,1.45883,-0.152505,-1,1.36206,0.318862,0.999999,1.45883,0.759702,-1,1.19247,0.759703,1,1.19247,0.318861,-1,1.45883,0.759703,1,1.19247,0.716571,-1,0.83599,0.716572,1,0.83599,0.759702,-1,1.19247,0.716572,1,0.83599,1.1258,-1,0.498882,1.1258,1,0.498882,0.716571,-1,0.83599,-0.767095,0.999999,0.699596,-1.00566,-1,-1.07701,-0.767095,-1,0.699596,-1.00566,1,-1.07701,1.00719,-0.999999,-1.51556,-1.00566,1,-1.07701,1.00719,1,-1.51556,-1.00566,-1,-1.07701]},"normal":{"type":"float32","components":3,"data":[-0.95971,2.10555e-07,0.280991,-0.95971,2.10555e-07,0.280991,-0.95971,2.10555e-07,0.280991,-0.95971,2.10555e-07,0.280991,0.998271,-2.95374e-07,-0.0587781,0.998271,-2.95374e-07,-0.0587781,0.998271,-2.95374e-07,-0.0587781,0.998271,-2.95374e-07,-0.0587781,5.45304e-07,-1,-2.27302e-07,5.45304e-07,-1,-2.27302e-07,5.45304e-07,-1,-2.27302e-07,5.45304e-07,-1,-2.27302e-07,5.45304e-07,-1,-2.27302e-07,5.45304e-07,-1,-2.27302e-07,5.45304e-07,-1,-2.27302e-07,5.45304e-07,-1,-2.27302e-07,5.45304e-07,-1,-2.27302e-07,-0.47759,1.04684e-07,0.878583,-0.47759,1.04684e-07,0.878583,-0.47759,1.04684e-07,0.878583,-0.47759,1.04684e-07,0.878583,-5.59028e-07,1,3.96977e-07,-5.59028e-07,1,3.96977e-07,-5.59028e-07,1,3.96977e-07,-5.59028e-07,1,3.96977e-07,-5.59028e-07,1,3.96977e-07,-5.59028e-07,1,3.96977e-07,-5.59028e-07,1,3.96977e-07,-5.59028e-07,1,3.96977e-07,-5.59028e-07,1,3.96977e-07,-0.201102,6.73409e-09,0.97957,-0.201102,6.73409e-09,0.97957,-0.201102,6.73409e-09,0.97957,-0.201102,6.73409e-09,0.97957,0.51715,-2.1698e-07,0.855895,0.51715,-2.1698e-07,0.855895,0.51715,-2.1698e-07,0.855895,0.51715,-2.1698e-07,0.855895,0.99276,-4.97983e-07,-0.120116,0.99276,-4.97983e-07,-0.120116,0.99276,-4.97983e-07,-0.120116,0.99276,-4.97983e-07,-0.120116,0.635815,-3.37259e-07,0.771842,0.635815,-3.37259e-07,0.771842,0.635815,-3.37259e-07,0.771842,0.635815,-3.37259e-07,0.771842,-0.991104,1.99508e-07,0.133086,-0.991104,1.99508e-07,0.133086,-0.991104,1.99508e-07,0.133086,-0.991104,1.99508e-07,0.133086,-0.212884,2.53802e-08,-0.977077,-0.212884,2.53802e-08,-0.977077,-0.212884,2.53802e-08,-0.977077,-0.212884,2.53802e-08,-0.977077]}}],"meshes":[{"aabb":{"min":[-1.00566,-1,-1.51556],"max":[1.1258,1,1.45883]},"vertices":0,"indices":[0,1,2,1,0,3,4,5,6,5,4,7,8,9,10,9,8,11,12,8,13,10,9,14,12,15,8,15,12,16,11,8,15,17,18,19,18,17,20,21,22,23,24,21,25,21,24,22,24,26,27,26,28,29,26,24,28,24,25,28,30,31,32,31,30,33,34,35,36,35,34,37,38,39,40,39,38,41,42,43,44,43,42,45,46,47,48,47,46,49,50,51,52,51,50,53],"type":"triangles","base":0,"count":96}],"meshInstances":[{"node":1,"mesh":0}]}}