{"model":{"version":3,"nodes":[{"name":"RootNode","position":[0,0,0],"rotation":[0,0,0],"scale":[0.01,0.01,0.01],"scaleCompensation":false},{"name":"food_2","position":[0,0,0],"rotation":[-90,0,0],"scale":[100,100,100],"scaleCompensation":false}],"parents":[-1,0],"skins":[],"morphs":[],"vertices":[{"position":{"type":"float32","components":3,"data":[-2.38419e-07,0.5,0.82842,-2.38419e-07,2.38419e-07,0.8935,0.293892,0.404509,0.82842,-2.38419e-07,3.57628e-07,-0.904486,-2.38419e-07,0.5,-0.851052,0.293892,0.404509,-0.851052,-2.38419e-07,1,0.0149729,0.509037,0.700629,-0.533559,-2.38419e-07,0.866026,-0.533559,0.587785,0.809017,0.0149729,0.509037,0.700629,0.542317,-2.38419e-07,0.866025,0.542317,0.293892,0.404509,0.82842,-2.38419e-07,0.5,0.82842,0.293892,0.404509,-0.851052,-2.38419e-07,0.5,-0.851052,0.475528,0.154509,-0.851052,0.951056,0.309017,0.0149729,0.823639,0.267617,-0.533559,0.475528,0.154509,0.82842,0.823639,0.267617,0.542317,0.475528,0.154509,-0.851052,0.475528,0.154509,0.82842,0.951056,-0.309017,0.0149729,0.823639,-0.267616,-0.533559,0.823639,-0.267616,0.542317,0.475528,-0.154508,0.82842,0.475528,-0.154508,-0.851052,0.475528,-0.154508,0.82842,0.475528,-0.154508,-0.851052,0.509037,-0.700629,0.542317,0.293892,-0.404508,0.82842,0.293892,-0.404508,-0.851052,0.509037,-0.700629,-0.533559,0.587785,-0.809017,0.0149729,0.293892,-0.404508,0.82842,0.293892,-0.404508,-0.851052,-2.38419e-07,-0.5,-0.851052,-2.38419e-07,-0.866025,-0.533559,-2.38419e-07,-1,0.0149729,-2.38419e-07,-0.866025,0.542317,-2.38419e-07,-0.5,0.82842,-2.38419e-07,-0.5,-0.851052,-2.38419e-07,-0.5,0.82842,-0.509037,-0.700629,-0.533559,-0.293893,-0.404508,-0.851052,-0.509037,-0.700629,0.542317,-0.587785,-0.809017,0.0149729,-0.293893,-0.404508,0.82842,-0.293893,-0.404508,-0.851052,-0.293893,-0.404508,0.82842,-0.823639,-0.267616,-0.533559,-0.475528,-0.154508,-0.851052,-0.951057,-0.309017,0.0149729,-0.823639,-0.267616,0.542317,-0.475528,-0.154508,0.82842,-0.475528,-0.154508,-0.851052,-0.475528,-0.154508,0.82842,-0.475528,0.154509,-0.851052,-0.823639,0.267617,-0.533559,-0.951057,0.309017,0.0149729,-0.823639,0.267617,0.542317,-0.475528,0.154509,0.82842,-0.475528,0.154509,-0.851052,-0.475528,0.154509,0.82842,-0.509037,0.700629,0.542317,-0.951057,0.309017,0.0149729,-0.823639,0.267617,0.542317,-0.587785,0.809017,0.0149729,-0.293893,0.404509,0.82842,-0.293893,0.404509,-0.851052,-0.509037,0.700629,-0.533559,-0.823639,0.267617,-0.533559,-0.293893,0.404509,0.82842,-0.475528,0.154509,0.82842,-0.293893,0.404509,-0.851052,-0.475528,0.154509,-0.851052]},"normal":{"type":"float32","components":3,"data":[-1.48494e-07,0.429091,0.903261,-3.13895e-08,-4.28588e-08,1,0.252214,0.347142,0.903261,1.62039e-08,-3.60086e-09,-1,-2.06255e-08,0.446857,-0.894605,0.262656,0.361515,-0.894605,-1.61447e-08,0.99999,0.0044145,0.510417,0.702528,-0.495912,-1.63184e-08,0.868373,-0.495912,0.58778,0.809009,0.00441443,0.502412,0.691511,0.519032,-5.48392e-08,0.854755,0.519032,0.252214,0.347142,0.903261,-1.48494e-07,0.429091,0.903261,0.262656,0.361515,-0.894605,-2.06255e-08,0.446857,-0.894605,0.424986,0.138086,-0.894605,0.951047,0.309014,0.0044144,0.825871,0.268342,-0.495912,0.40809,0.132597,0.903261,0.81292,0.264134,0.519032,0.424986,0.138086,-0.894605,0.40809,0.132597,0.903261,0.951047,-0.309014,0.00441442,0.825871,-0.268342,-0.495912,0.81292,-0.264134,0.519032,0.40809,-0.132597,0.903261,0.424986,-0.138086,-0.894605,0.40809,-0.132597,0.903261,0.424986,-0.138086,-0.894605,0.502412,-0.691511,0.519032,0.252214,-0.347142,0.903261,0.262656,-0.361515,-0.894605,0.510417,-0.702528,-0.495912,0.58778,-0.809009,0.00441443,0.252214,-0.347142,0.903261,0.262656,-0.361515,-0.894605,-5.54311e-08,-0.446857,-0.894605,-5.43948e-09,-0.868373,-0.495912,1.07631e-08,-0.99999,0.00441447,2.19357e-08,-0.854755,0.519032,1.52301e-08,-0.429092,0.903261,-5.54311e-08,-0.446857,-0.894605,1.52301e-08,-0.429092,0.903261,-0.510417,-0.702528,-0.495912,-0.262656,-0.361515,-0.894605,-0.502412,-0.691511,0.519032,-0.58778,-0.809009,0.00441445,-0.252214,-0.347142,0.903261,-0.262656,-0.361515,-0.894605,-0.252214,-0.347142,0.903261,-0.825871,-0.268342,-0.495912,-0.424986,-0.138086,-0.894605,-0.951047,-0.309014,0.0044144,-0.81292,-0.264134,0.519032,-0.40809,-0.132597,0.903261,-0.424986,-0.138086,-0.894605,-0.40809,-0.132597,0.903261,-0.424986,0.138086,-0.894605,-0.825871,0.268342,-0.495912,-0.951047,0.309014,0.00441444,-0.81292,0.264134,0.519032,-0.40809,0.132597,0.903261,-0.424986,0.138086,-0.894605,-0.40809,0.132597,0.903261,-0.502412,0.691511,0.519032,-0.951047,0.309014,0.00441444,-0.81292,0.264134,0.519032,-0.58778,0.809009,0.00441448,-0.252214,0.347142,0.903261,-0.262656,0.361515,-0.894605,-0.510417,0.702528,-0.495912,-0.825871,0.268342,-0.495912,-0.252214,0.347142,0.903261,-0.40809,0.132597,0.903261,-0.262656,0.361515,-0.894605,-0.424986,0.138086,-0.894605]},"texCoord0":{"type":"float32","components":2,"data":[0.716622,0.960804,0.745406,0.921186,0.745406,0.970157,0.925481,0.927404,0.896741,0.966963,0.878978,0.942514,0.843595,0.118296,0.798423,0.161244,0.798423,0.118296,0.843595,0.161244,0.887122,0.161244,0.887122,0.118296,0.924288,0.161244,0.924288,0.118296,0.75966,0.161244,0.75966,0.118296,0.878978,0.912294,0.843595,0.204193,0.798423,0.204193,0.924288,0.204193,0.887122,0.204193,0.75966,0.204193,0.77419,0.960804,0.843595,0.247141,0.798423,0.247141,0.887122,0.247141,0.924288,0.247141,0.75966,0.247141,0.791979,0.936319,0.896741,0.887846,0.887122,0.29009,0.924288,0.29009,0.75966,0.29009,0.798423,0.29009,0.843595,0.29009,0.791979,0.906053,0.925481,0.878507,0.75966,0.333038,0.798423,0.333038,0.843595,0.333038,0.887122,0.333038,0.77419,0.881568,0.954222,0.887846,0.924288,0.333038,0.798423,0.375987,0.75966,0.375987,0.887122,0.375987,0.843595,0.375987,0.745406,0.872216,0.971985,0.912294,0.924288,0.375987,0.798423,0.418935,0.75966,0.418935,0.843595,0.418935,0.887122,0.418935,0.716622,0.881568,0.971985,0.942514,0.924288,0.418935,0.75966,0.461884,0.798423,0.461884,0.843595,0.461884,0.887122,0.461884,0.698832,0.906053,0.954222,0.966963,0.924288,0.461884,0.887122,0.0753473,0.843595,0.0323987,0.887122,0.0323987,0.843595,0.0753473,0.698832,0.936319,0.925481,0.976301,0.798423,0.0753473,0.798423,0.0323987,0.924288,0.0753473,0.924288,0.0323987,0.75966,0.0753473,0.75966,0.0323987]}}],"meshes":[{"aabb":{"min":[-0.951057,-1,-0.904486],"max":[0.951056,1,0.8935]},"vertices":0,"indices":[0,1,2,3,4,5,6,7,8,7,6,9,10,11,12,11,13,12,8,14,15,14,8,7,10,6,11,6,10,9,3,5,16,17,7,9,7,17,18,10,19,20,19,10,12,18,14,7,14,18,21,17,10,20,10,17,9,2,1,22,23,18,17,18,23,24,19,25,20,25,19,26,27,18,24,18,27,21,25,17,20,17,25,23,22,1,28,3,16,29,30,25,31,25,26,31,24,32,27,32,24,33,30,23,25,23,30,34,28,1,35,3,29,36,23,33,24,33,23,34,33,37,32,37,33,38,30,39,34,39,30,40,35,1,41,3,36,42,39,33,34,33,39,38,30,43,40,43,30,31,44,37,38,37,44,45,46,39,40,39,46,47,41,1,48,3,42,49,39,44,38,44,39,47,43,46,40,46,43,50,45,44,51,45,51,52,53,46,54,46,53,47,48,1,55,3,49,56,53,44,47,44,53,51,54,50,57,50,54,46,51,58,52,58,51,59,54,60,53,60,54,61,55,1,62,3,56,63,60,51,53,51,60,59,64,61,54,64,54,57,65,66,67,66,65,68,62,1,69,3,63,70,66,71,72,71,66,68,67,73,65,73,67,74,72,75,76,75,72,71,69,1,0,3,70,4,6,71,68,71,6,8,13,65,73,11,65,13,15,71,8,71,15,75,65,6,68,6,65,11],"type":"triangles","base":0,"count":300}],"meshInstances":[{"node":1,"mesh":0}]}}