{"model":{"version":3,"nodes":[{"name":"RootNode","position":[0,0,0],"rotation":[0,0,0],"scale":[0.01,0.01,0.01],"scaleCompensation":false},{"name":"food_3","position":[0,0,0],"rotation":[-90,0,0],"scale":[100,100,100],"scaleCompensation":false}],"parents":[-1,0],"skins":[],"morphs":[],"vertices":[{"position":{"type":"float32","components":3,"data":[0.596143,0.284058,1.47516,0.00580436,0.260221,0.717157,-0.179752,0.259928,1.84167,0.541576,0.274535,0.742455,0.582796,-0.20109,1.48188,-0.180512,-0.230128,1.85948,0.00165993,-0.229703,0.727145,0.53435,-0.21468,0.746029,-0.558536,-0.219503,1.79922,-0.874568,0.256536,1.47544,-0.865151,-0.240412,1.48353,-0.562865,0.273999,1.78627,0.50451,-0.233861,-1.35175,-0.149761,-0.255464,-1.64542,-0.159551,0.241999,-1.65151,0.502272,0.260633,-1.3547,0.582796,-0.20109,1.48188,0.53435,-0.21468,0.746029,-0.837252,-0.263335,-0.74758,-0.804188,0.223235,-1.35438,-0.785336,-0.283559,-1.35119,-0.842521,0.236061,-0.748984,-0.804188,0.223235,-1.35438,0.582796,-0.20109,1.48188,-0.180512,-0.230128,1.85948,-0.865151,-0.240412,1.48353,-1.15401,-0.179695,0.568854,-0.558536,-0.219503,1.79922,-1.30355,0.276477,-0.424275,-1.44344,0.253837,0,0.019546,0.274482,0,0.0170717,-0.237685,-0.739066,-1.30877,-0.220933,-0.423573,-1.43312,-0.187821,0.341565,-1.44344,0.253837,0,-1.45916,-0.241587,0,-1.42333,0.307653,0.339554,0.9,-0.22429,0,0.84136,0.264621,-0.748769,0.9,0.27577,0,0.843077,-0.230512,-0.747253,0.0131931,-0.218711,0,0.843077,-0.230512,-0.747253,0.9,-0.22429,0,0.0130786,0.255828,-0.742659,-0.874568,0.256536,1.47544,-1.15015,0.315829,0.564832,-1.42333,0.307653,0.339554,-1.15015,0.315829,0.564832,0.502272,0.260633,-1.3547,-0.159551,0.241999,-1.65151,0.50451,-0.233861,-1.35175,-0.804188,0.223235,-1.35438,-0.842521,0.236061,-0.748984,-1.30355,0.276477,-0.424275]},"normal":{"type":"float32","components":3,"data":[0.686483,0.611682,0.393078,0.00677511,0.999939,0.00469985,0.120518,0.648396,0.751671,0.623157,0.771996,0.125065,0.699606,-0.584887,0.410352,0.110843,-0.642842,0.757927,-0.00436415,-0.999969,-0.000946074,0.629627,-0.767022,0.123356,-0.358104,-0.632344,0.686911,-0.700736,0.57445,0.423017,-0.574725,-0.743461,0.341929,-0.334056,0.65334,0.679342,0.527238,-0.638112,-0.561052,0.0113224,-0.632984,-0.774041,-0.0169988,0.616321,-0.787286,0.507797,0.646931,-0.568834,0.699606,-0.584887,0.410352,0.629627,-0.767022,0.123356,-0.490738,-0.8511,-0.186438,-0.671194,0.582324,-0.458632,-0.62685,-0.641438,-0.442244,-0.508499,0.777917,-0.36906,-0.671194,0.582324,-0.458632,0.699606,-0.584887,0.410352,0.110843,-0.642842,0.757927,-0.574725,-0.743461,0.341929,-0.548814,-0.737724,0.393078,-0.358104,-0.632344,0.686911,-0.60445,0.658162,-0.448775,-0.754143,0.642689,-0.1348,0.00219733,0.999969,-0.00711081,0.0137638,-0.999603,0.0234077,-0.617878,-0.629475,-0.471145,-0.704215,-0.584063,0.403577,-0.754143,0.642689,-0.1348,-0.726829,-0.684378,-0.0575884,-0.68096,0.66625,0.303934,0.744163,-0.651784,0.146214,0.713309,0.663167,-0.2266,0.741081,0.657125,0.137547,0.72158,-0.660268,-0.208167,-0.003296,-0.999939,0.00991852,0.72158,-0.660268,-0.208167,0.744163,-0.651784,0.146214,-0.0113529,0.999695,-0.0213019,-0.700736,0.57445,0.423017,-0.490982,0.816614,0.303354,-0.68096,0.66625,0.303934,-0.490982,0.816614,0.303354,0.507797,0.646931,-0.568834,-0.0169988,0.616321,-0.787286,0.527238,-0.638112,-0.561052,-0.671194,0.582324,-0.458632,-0.508499,0.777917,-0.36906,-0.60445,0.658162,-0.448775]},"texCoord0":{"type":"float32","components":2,"data":[0.138724,0.875848,0.246483,0.728031,0.277955,0.911543,0.141254,0.730643,0.990915,0.623244,0.868064,0.715027,0.856368,0.514042,0.954951,0.493379,0.355376,0.976745,0.39173,0.865924,0.427578,0.946598,0.332603,0.899108,0.834684,0.0940559,0.716844,0.102184,0.69757,0.0218571,0.825851,0.00644236,0.0497229,0.876964,0.0443787,0.738169,0.629611,0.284496,0.537673,0.165431,0.620224,0.164645,0.530782,0.265788,0.574285,0.0762133,0.126663,0.968907,0.284286,0.991534,0.736972,0.674784,0.645014,0.514666,0.800892,0.717408,0.511322,0.531792,0.53381,0.615008,0.257838,0.59652,0.784404,0.232052,0.580908,0.368931,0.599528,0.479634,0.508635,0.454352,0.588665,0.432295,0.532519,0.521964,0.0239224,0.582063,0.124736,0.464207,0.11248,0.582071,0.0420717,0.444828,0.822983,0.372939,0.937082,0.184996,0.990915,0.327656,0.264753,0.462524,0.661588,0.712534,0.568048,0.569644,0.525783,0.680654,0.470496,0.719061,0.170916,0.352842,0.295761,0.293319,0.0820812,0.321291,0.419525,0.350176,0.425306,0.46614,0.500622,0.365105]}}],"meshes":[{"aabb":{"min":[-1.45916,-0.283559,-1.65151],"max":[0.9,0.315829,1.85948]},"vertices":0,"indices":[0,1,2,1,0,3,4,5,6,4,6,7,8,9,10,9,8,11,12,13,14,12,14,15,16,3,0,3,16,17,18,19,20,19,18,21,13,20,22,13,22,14,2,23,0,23,2,24,25,26,27,2,1,11,28,29,30,18,31,32,33,34,35,34,33,36,37,38,39,38,37,40,41,42,43,42,41,31,30,38,44,38,30,39,26,25,45,45,46,26,47,48,1,35,41,33,17,39,3,39,17,37,7,6,41,41,43,7,3,30,1,30,3,39,49,44,38,44,49,50,31,12,42,12,31,13,40,49,38,49,40,51,31,20,13,31,18,20,44,52,53,44,50,52,32,21,18,21,32,54,33,6,26,41,6,33,29,47,30,30,47,1,36,26,46,26,36,33,35,34,32,34,54,32,32,41,35,31,41,32,53,28,44,44,28,30,48,9,11,1,48,11,6,5,27,26,6,27,11,8,2,2,8,24],"type":"triangles","base":0,"count":204}],"meshInstances":[{"node":1,"mesh":0}]}}