{"model":{"version":3,"nodes":[{"name":"RootNode","position":[0,0,0],"rotation":[0,0,0],"scale":[0.01,0.01,0.01],"scaleCompensation":false},{"name":"puck1","position":[0,0,0],"rotation":[-90,0,0],"scale":[100,100,100],"scaleCompensation":false}],"parents":[-1,0],"skins":[],"morphs":[],"vertices":[{"position":{"type":"float32","components":3,"data":[0.382683,0.92388,0.1545,0,1,-0.1545,0,1,0.1545,0.382683,0.92388,-0.1545,0.707107,0.707107,0.1545,0.707107,0.707107,-0.1545,0.92388,0.382683,0.1545,0.92388,0.382683,-0.1545,1,-4.37114e-08,0.1545,1,-4.37114e-08,-0.1545,0.92388,-0.382684,0.1545,0.92388,-0.382684,-0.1545,0.707107,-0.707107,0.1545,0.707107,-0.707107,-0.1545,0.382683,-0.92388,0.1545,0.382683,-0.92388,-0.1545,1.50996e-07,-1,0.1545,1.50996e-07,-1,-0.1545,-0.382683,-0.92388,0.1545,1.50996e-07,-1,-0.1545,1.50996e-07,-1,0.1545,-0.382683,-0.92388,-0.1545,-0.707107,-0.707107,0.1545,-0.707107,-0.707107,-0.1545,-0.92388,-0.382684,0.1545,-0.92388,-0.382684,-0.1545,-1,1.19249e-08,0.1545,-1,1.19249e-08,-0.1545,-0.923879,0.382684,0.1545,-0.923879,0.382684,-0.1545,-0.707107,0.707107,0.1545,-0.707107,0.707107,-0.1545,0.382683,0.92388,0.1545,0,1,0.1545,2.12155e-08,0.83,0.1545,0.317627,0.76682,0.1545,-0.382683,0.92388,0.1545,-0.382683,0.92388,-0.1545,-0.707107,0.707107,0.1545,-0.76682,0.317627,0.1545,-0.586898,0.586899,0.1545,-0.923879,0.382684,0.1545,0.76682,0.317627,0.0997331,0.83,-4.00802e-08,0.1545,0.76682,0.317627,0.1545,0.83,-4.00802e-08,0.0997331,-0.76682,-0.317627,-0.0997331,-0.586899,-0.586899,-0.0997331,-0.586899,-0.586899,-0.1545,-0.76682,-0.317627,-0.1545,-0.586899,-0.586899,-0.1545,-0.382683,-0.92388,-0.1545,-0.707107,-0.707107,-0.1545,-0.317627,-0.76682,-0.1545,-0.382683,-0.92388,0.1545,-0.586899,-0.586899,0.1545,-0.707107,-0.707107,0.1545,-0.317627,-0.76682,0.1545,0.586899,-0.586899,-0.1545,0.76682,-0.317627,-0.1545,0.92388,-0.382684,-0.1545,0.707107,-0.707107,-0.1545,-0.382683,0.92388,-0.1545,-0.586898,0.586899,-0.1545,-0.707107,0.707107,-0.1545,-0.317627,0.76682,-0.1545,0.92388,-0.382684,0.1545,0.586899,-0.586899,0.1545,0.707107,-0.707107,0.1545,0.76682,-0.317627,0.1545,-0.382683,0.92388,0.1545,-0.317627,0.76682,0.1545,0.317627,0.76682,-0.1545,0.707107,0.707107,-0.1545,0.586899,0.586899,-0.1545,0.382683,0.92388,-0.1545,-0.76682,-0.317627,-0.1545,-0.92388,-0.382684,-0.1545,0.586899,0.586899,0.1545,0.707107,0.707107,0.1545,-0.76682,-0.317627,0.1545,-0.92388,-0.382684,0.1545,0.317627,-0.76682,-0.1545,0.382683,-0.92388,-0.1545,0,1,-0.1545,2.12155e-08,0.83,-0.1545,0.317627,-0.76682,0.1545,0.382683,-0.92388,0.1545,0.92388,0.382683,-0.1545,0.76682,0.317627,-0.1545,-0.83,6.09786e-09,-0.1545,-1,1.19249e-08,-0.1545,0.76682,0.317627,0.1545,0.92388,0.382683,0.1545,-0.83,6.09786e-09,0.1545,-1,1.19249e-08,0.1545,1.50996e-07,-1,-0.1545,1.46542e-07,-0.83,-0.1545,1.46542e-07,-0.83,0.1545,1.50996e-07,-1,0.1545,1,-4.37114e-08,-0.1545,0.83,-4.00802e-08,-0.1545,-0.923879,0.382684,-0.1545,-0.76682,0.317627,-0.1545,1,-4.37114e-08,0.1545,0.83,-4.00802e-08,0.1545,1.50996e-07,-1,-0.1545,1.46542e-07,-0.83,-0.1545,1.50996e-07,-1,0.1545,1.46542e-07,-0.83,0.1545,0.76682,-0.317627,-0.0997331,0.586899,-0.586899,-0.0997331,5.96046e-08,0,-0.0997331,-0.83,6.09786e-09,0.0997331,-0.76682,-0.317627,0.0997331,5.96046e-08,0,0.0997331,-0.586899,-0.586899,0.0997331,-0.76682,-0.317627,0.1545,-0.586899,-0.586899,0.1545,-0.76682,-0.317627,0.0997331,0.76682,-0.317627,-0.0997331,0.83,-4.00802e-08,-0.0997331,0.83,-4.00802e-08,-0.1545,0.76682,-0.317627,-0.1545,-0.83,6.09786e-09,-0.0997331,-0.83,6.09786e-09,-0.1545,0.76682,-0.317627,0.1545,0.76682,-0.317627,0.0997331,-0.83,6.09786e-09,0.1545,-0.83,6.09786e-09,0.0997331,0.586899,-0.586899,-0.0997331,0.586899,-0.586899,-0.1545,-0.76682,0.317627,-0.0997331,-0.76682,0.317627,-0.1545,0.586899,-0.586899,0.1545,0.586899,-0.586899,0.0997331,-0.76682,0.317627,0.1545,-0.76682,0.317627,0.0997331,0.317627,-0.76682,-0.0997331,0.317627,-0.76682,-0.1545,-0.586898,0.586899,-0.0997331,-0.586898,0.586899,-0.1545,0.317627,-0.76682,0.1545,0.317627,-0.76682,0.0997331,0.317627,0.76682,-0.0997331,2.12155e-08,0.83,-0.0997331,2.12155e-08,0.83,-0.1545,0.317627,0.76682,-0.1545,-0.586898,0.586899,0.1545,-0.586898,0.586899,0.0997331,1.46542e-07,-0.83,-0.0997331,1.46542e-07,-0.83,-0.1545,0.317627,0.76682,0.1545,2.12155e-08,0.83,0.1545,2.12155e-08,0.83,0.0997331,0.317627,0.76682,0.0997331,-0.317627,0.76682,-0.0997331,-0.317627,0.76682,-0.1545,1.46542e-07,-0.83,0.1545,1.46542e-07,-0.83,0.0997331,0.586899,0.586899,-0.0997331,0.586899,0.586899,-0.1545,-0.317627,0.76682,0.1545,-0.317627,0.76682,0.0997331,-0.317627,-0.76682,-0.0997331,-0.317627,-0.76682,-0.1545,0.586899,0.586899,0.1545,0.586899,0.586899,0.0997331,-0.317627,-0.76682,0.1545,-0.317627,-0.76682,0.0997331,0.76682,0.317627,-0.0997331,0.76682,0.317627,-0.1545,-0.83,6.09786e-09,-0.0997331,-0.76682,0.317627,-0.0997331,0.586899,-0.586899,0.0997331,0.76682,-0.317627,0.0997331,-0.76682,0.317627,0.0997331,0.317627,-0.76682,-0.0997331,-0.586898,0.586899,-0.0997331,0.317627,-0.76682,0.0997331,2.12155e-08,0.83,-0.0997331,0.317627,0.76682,-0.0997331,-0.586898,0.586899,0.0997331,1.46542e-07,-0.83,-0.0997331,0.317627,0.76682,0.0997331,2.12155e-08,0.83,0.0997331,-0.317627,0.76682,-0.0997331,1.46542e-07,-0.83,0.0997331,0.586899,0.586899,-0.0997331,-0.317627,0.76682,0.0997331,-0.317627,-0.76682,-0.0997331,0.586899,0.586899,0.0997331,-0.317627,-0.76682,0.0997331,0.76682,0.317627,-0.0997331,-0.586899,-0.586899,-0.0997331,0.76682,0.317627,0.0997331,-0.586899,-0.586899,0.0997331,0.83,-4.00802e-08,-0.0997331,-0.76682,-0.317627,-0.0997331,0.83,-4.00802e-08,0.0997331]},"normal":{"type":"float32","components":3,