{"model":{"version":3,"nodes":[{"name":"RootNode","position":[0,0,0],"rotation":[0,0,0],"scale":[0.01,0.01,0.01],"scaleCompensation":false},{"name":"crayon","position":[0,0,0],"rotation":[-90,0,0],"scale":[100,100,100],"scaleCompensation":false}],"parents":[-1,0],"skins":[],"morphs":[],"vertices":[{"position":{"type":"float32","components":3,"data":[-0.029642,0.149022,1,-0.0844138,0.126335,1,-2.62403e-09,3.98669e-08,1,-0.149022,0.0296424,1,-0.149022,-0.0296421,1,0.0844139,-0.126334,1,0.126334,-0.0844139,1,-2.62403e-09,3.92497e-08,-1,0.00766734,0.0385463,-0.984449,0.0218347,0.032678,-0.984449,0.0844139,0.126334,1,0.0296422,0.149022,1,0.126334,0.0844139,1,0.149022,-0.0296422,1,0.149022,0.0296422,1,0.0296422,-0.149022,1,-0.0296423,-0.149022,1,-0.00766727,0.0385463,-0.984449,-0.126334,-0.0844139,1,-0.084414,-0.126334,1,-0.138875,-0.092793,0.988677,-0.0927932,-0.138875,-0.626656,-0.0927932,-0.138875,0.988677,-0.138875,-0.092793,-0.626656,-0.126334,0.0844141,1,-0.0927929,0.138875,-0.626656,-0.115043,0.0768695,-0.651005,-0.138875,0.0927933,-0.626656,-0.0768692,0.115043,-0.651005,0.163814,-0.0325846,0.988677,0.163814,-0.0325846,-0.626656,0.163814,0.0325846,0.988677,0.163814,0.0325846,-0.626656,-0.0325847,-0.163814,0.988677,-0.0325847,-0.163814,-0.626656,-0.138875,0.0927933,0.988677,-0.138875,0.0927933,-0.626656,-0.163814,0.0325848,0.988677,-0.163814,0.0325848,-0.626656,0.138875,0.0927931,0.988677,0.138875,0.0927931,-0.626656,-0.0768694,-0.115043,-0.651005,-0.0325847,-0.163814,-0.626656,-0.0927932,-0.138875,-0.626656,-0.026993,-0.135703,-0.651005,-0.163814,-0.0325845,-0.626656,-0.163814,-0.0325845,0.988677,0.138875,0.0927931,-0.626656,0.135703,0.0269929,-0.651005,0.115043,0.0768693,-0.651005,0.163814,0.0325846,-0.626656,-0.135703,-0.0269928,-0.651005,-0.163814,0.0325848,-0.626656,-0.135703,0.0269931,-0.651005,-0.163814,-0.0325845,-0.626656,0.0325846,-0.163814,0.988677,0.0325846,-0.163814,-0.626656,0.0927931,-0.138875,0.988677,0.0927931,-0.138875,-0.626656,0.138875,-0.0927931,0.988677,0.138875,-0.0927931,-0.626656,0.0927931,-0.138875,-0.626656,0.0325846,-0.163814,-0.626656,0.0768693,-0.115043,-0.651005,0.0269929,-0.135703,-0.651005,0.138875,-0.0927931,-0.626656,0.115043,-0.0768693,-0.651005,-0.0325844,0.163814,-0.626656,0.0325846,0.163814,-0.626656,-0.0269927,0.135703,-0.651005,0.0269929,0.135703,-0.651005,0.0927931,0.138875,0.988677,0.0325846,0.163814,-0.626656,0.0325846,0.163814,0.988677,0.0927931,0.138875,-0.626656,0.0325846,0.163814,0.988677,0.0927931,0.138875,0.988677,0.138875,0.0927931,0.988677,0.163814,0.0325846,0.988677,0.163814,-0.0325846,0.988677,0.138875,-0.0927931,0.988677,0.0927931,-0.138875,0.988677,0.0325846,-0.163814,0.988677,-0.0325847,-0.163814,0.988677,-0.0927932,-0.138875,0.988677,-0.138875,-0.092793,0.988677,-0.163814,-0.0325845,0.988677,-0.163814,0.0325848,0.988677,-0.138875,0.0927933,0.988677,-0.0927929,0.138875,0.988677,-0.0325844,0.163814,0.988677,-0.0325844,0.163814,0.988677,-0.0325844,0.163814,-0.626656,0.135703,-0.0269929,-0.651005,0.163814,-0.0325846,-0.626656,0.032678,0.0218347,-0.984449,-0.0218347,0.032678,-0.984449,-0.0927929,0.138875,0.988677,-0.0927929,0.138875,-0.626656,-0.138875,-0.092793,-0.626656,-0.115043,-0.0768692,-0.651005,0.0927931,0.138875,-0.626656,0.0768693,0.115043,-0.651005,-0.032678,0.0218348,-0.984449,-0.0325844,0.163814,0.988677,-0.0325844,0.163814,-0.626656,0.00766733,-0.0385463,-0.984449,0.0218347,-0.032678,-0.984449,-0.0385463,-0.00766727,-0.984449,-0.0385463,0.00766741,-0.984449,0.032678,-0.0218347,-0.984449,0.0385463,-0.0076673,-0.984449,-0.0218347,-0.032678,-0.984449,-0.032678,-0.0218347,-0.984449,-0.00766735,-0.0385463,-0.984449,0.0385463,0.00766736,-0.984449,-0.0107441,-0.0540141,-0.968549,-0.00766735,-0.0385463,-0.984449,0.0107441,-0.0540141,-0.968549,0.00766733,-0.0385463,-0.984449,-0.0305966,-0.0457909,-0.968549,0.0540141,-0.010744,-0.968549,0.0540141,0.0107441,-0.968549,-0.045791,-0.0305965,-0.968549,-0.0540141,-0.010744,-0.968549,0.0305965,-0.045791,-0.968549,0.045791,-0.0305965,-0.968549,0.0305965,0.045791,-0.968549,0.045791,0.0305966,-0.968549,-0.0457909,0.0305966,-0.968549,-0.0540141,0.0107442,-0.968549,-0.0305965,0.045791,-0.968549,0.0107441,0.0540142,-0.968549,-0.010744,0.0540142,-0.968549,0.032678,0.0218347,-0.984449,0.0385463,0.00766736,-0.984449,-0.032678,0.0218348,-0.984449,-0.0218347,0.032678,-0.984449,-0.0218347,-0.032678,-0.984449,-0.032678,-0.0218347,-0.984449,0.032678,-0.0218347,-0.984449,0.0385463,-0.0076673,-0.984449,0.00766734,0.0385463,-0.984449,0.0218347,0.032678,-0.984449,-0.00766727,0.0385463,-0.984449,-0.0385463,0.00766741,-0.984449,-0.0385463,-0.00766727,-0.984449,0.0218347,-0.032678,-0.984449,-0.010744,0.0540142,-0.968549,-0.00766727,0.0385463,-0.984449,-0.0269927,0.135703,-0.651005,-0.0325844,0.163814,-0.626656]},"normal":{"type":"float32","components":3,