{"model":{"version":3,"nodes":[{"name":"RootNode","position":[0,0,0],"rotation":[0,0,0],"scale":[0.01,0.01,0.01],"scaleCompensation":false},{"name":"Cube","position":[0,0,0],"rotation":[-90,0,0],"scale":[100,7.75005,100],"scaleCompensation":false}],"parents":[-1,0],"skins":[],"morphs":[],"vertices":[{"position":{"type":"float32","components":3,"data":[-0.102922,1,2.0483,-0.182279,-1,0,-0.102922,-1,2.0483,-0.182279,1,0,-0.182279,1,0,0.0822206,1,2.0483,0.182279,1,0,-0.102922,1,2.0483,0.0822206,-1,2.0483,0.182279,1,0,0.0822206,1,2.0483,0.182279,-1,0,-0.182279,-1,0,0.0822206,-1,2.0483,-0.102922,-1,2.0483,0.182279,-1,0,-0.182279,-1,0,-0.182279,1,0,0.182279,-1,0,0.182279,1,0,0.619051,1,2.21047,0.619051,-1,2.21047,0.0822206,-1,2.0483,0.0822206,1,2.0483,0.93041,-1,2.59949,-0.951112,-1,2.59949,-0.639753,-1,2.21047,0.619051,-1,2.21047,-0.639753,-1,2.21047,-0.102922,1,2.0483,-0.102922,-1,2.0483,-0.639753,1,2.21047,0.619051,1,2.21047,-0.639753,1,2.21047,0.93041,1,2.59949,-0.951112,1,2.59949,-0.825018,1,3.15523,0.804316,1,3.15523,0.93041,1,2.59949,0.93041,-1,2.59949,0.619051,-1,2.21047,0.619051,1,2.21047,-0.951112,-1,2.59949,-0.951112,1,2.59949,-0.639753,1,2.21047,-0.639753,-1,2.21047,0.615182,1,3.53962,0.615182,-1,3.53962,0.804316,-1,3.15523,0.804316,1,3.15523,0.804316,1,3.15523,0.804316,-1,3.15523,0.93041,-1,2.59949,0.93041,1,2.59949,-0.825018,-1,3.15523,-0.825018,1,3.15523,-0.951112,1,2.59949,-0.951112,-1,2.59949,0.804316,-1,3.15523,-0.825018,-1,3.15523,-0.635884,-1,3.53962,0.615182,-1,3.53962,0.250473,-1,3.90085,-0.271175,-1,3.90085,-0.635884,-1,3.53962,-0.635884,1,3.53962,-0.825018,1,3.15523,-0.825018,-1,3.15523,-0.825018,-1,3.15523,0.804316,-1,3.15523,0.615182,-1,3.53962,-0.635884,-1,3.53962,0.804316,1,3.15523,-0.825018,1,3.15523,-0.635884,1,3.53962,0.615182,1,3.53962,-0.271175,-1,3.90085,0.250473,1,3.90085,-0.271175,1,3.90085,0.250473,-1,3.90085,0.615182,1,3.53962,-0.635884,1,3.53962,-0.271175,1,3.90085,0.250473,1,3.90085,0.250473,1,3.90085,0.615182,-1,3.53962,0.615182,1,3.53962,0.250473,-1,3.90085,-0.271175,-1,3.90085,-0.271175,1,3.90085,-0.635884,1,3.53962,-0.635884,-1,3.53962]},"normal":{"type":"float32","components":3,"data":[-0.99925,0,0.0387137,-0.99925,0,0.0387137,-0.99925,0,0.0387137,-0.99925,0,0.0387137,0,1,0,0,1,0,0,1,0,0,1,0,0.998809,0,0.0487913,0.998809,0,0.0487913,0.998809,0,0.0487913,0.998809,0,0.0487913,0,-1,0,0,-1,0,0,-1,0,0,-1,0,0,0,-1,0,0,-1,0,0,-1,0,0,-1,0.289171,0,-0.957277,0.289171,0,-0.957277,0.289171,0,-0.957277,0.289171,0,-0.957277,0,-1,0,0,-1,0,0,-1,0,0,-1,0,-0.289171,0,-0.957277,-0.289171,0,-0.957277,-0.289171,0,-0.957277,-0.289171,0,-0.957277,0,1,0,0,1,0,0,1,0,0,1,0,0,1,0,0,1,0,0.780729,0,-0.62487,0.780729,0,-0.62487,0.780729,0,-0.62487,0.780729,0,-0.62487,-0.780729,0,-0.62487,-0.780729,0,-0.62487,-0.780729,0,-0.62487,-0.780729,0,-0.62487,0.897266,0,0.441489,0.897266,0,0.441489,0.897266,0,0.441489,0.897266,0,0.441489,0.975213,0,0.221269,0.975213,0,0.221269,0.975213,0,0.221269,0.975213,0,0.221269,-0.975213,0,0.221269,-0.975213,0,0.221269,-0.975213,0,0.221269,-0.975213,0,0.221269,0,-1,0,0,-1,0,0,-1,-1.86159e-07,0,-1,-1.86159e-07,0,-1,-1.86159e-07,0,-1,-1.86159e-07,-0.897266,0,0.441489,-0.897266,0,0.441489,-0.897266,0,0.441489,-0.897266,0,0.441489,0,-1,2.15336e-07,0,-1,2.15336e-07,0,-1,2.15336e-07,0,-1,2.15336e-07,0,1,2.15336e-07,0,1,2.15336e-07,0,1,2.15336e-07,0,1,2.15336e-07,0,0,1,0,0,1,0,0,1,0,0,1,0,1,-1.86159e-07,0,1,-1.86159e-07,0,1,-1.86159e-07,0,1,-1.86159e-07,0.703713,0,0.710484,0.703713,0,0.710484,0.703713,0,0.710484,0.703713,0,0.710484,-0.703713,0,0.710484,-0.703713,0,0.710484,-0.703713,0,0.710484,-0.703713,0,0.710484]},"texCoord0":{"type":"float32","components":2,"data":[0.625,0.25,0.375,0,0.625,0,0.375,0.25,0.375,0.25,0.625,0.5,0.375,0.5,0.625,0.25,0.625,0.75,0.375,0.5,0.625,0.5,0.375,0.75,0.375,1,0.625,0.75,0.625,1,0.375,0.75,0.125,0.75,0.125,0.5,0.375,0.75,0.375,0.5,0.625,0.5,0.625,0.75,0.625,0.75,0.625,0.5,0.625,0.75,0.625,1,0.625,1,0.625,0.75,0.625,0,0.625,0.25,0.625,0,0.625,0.25,0.625,0.5,0.625,0.25,0.625,0.5,0.625,0.25,0.625,0.25,0.625,0.5,0.625,0.5,0.625,0.75,0.625,0.75,0.625,0.5,0.625,0,0.625,0.25,0.625,0.25,0.625,0,0.625,0.5,0.625,0.75,0.625,0.75,0.625,0.5,0.625,0.5,0.625,0.75,0.625,0.75,0.625,0.5,0.625,0,0.625,0.25,0.625,0.25,0.625,0,0.625,0.75,0.625,1,0.625,1,0.625,0.75,0.625,0.75,0.625,1,0.625,0,0.625,0.25,0.625,0.25,0.625,0,0.625,1,0.625,0.75,0.625,0.75,0.625,1,0.625,0.5,0.625,0.25,0.625,0.25,0.625,0.5,0.875,0.75,0.625,0.5,0.875,0.5,0.625,0.75,0.625,0.5,0.625,0.25,0.625,0.25,0.625,0.5,0.625,0.5,0.625,0.75,0.625,0.5,0.625,0.75,0.625,0,0.625,0.25,0.625,0.25,0.625,0]}}],"meshes":[{"aabb":{"min":[-0.951112,-1,0],"max":[0.93041,1,3.90085]},"vertices":0,"indices":[0,1,2,1,0,3,4,5,6,5,4,7,8,9,10,9,8,11,12,13,14,13,12,15,16,17,18,18,17,19,20,21,22,22,23,20,24,25,26,24,26,27,28,29,30,29,28,31,27,26,14,27,14,13,32,7,33,7,32,5,34,35,36,34,36,37,35,34,32,35,32,33,38,39,40,38,40,41,42,43,44,42,44,45,46,47,48,46,48,49,50,51,52,50,52,53,54,55,56,54,56,57,25,24,58,25,58,59,60,61,62,60,62,63,64,65,66,64,66,67,68,69,70,68,70,71,72,73,74,72,74,75,76,77,78,77,76,79,80,81,82,80,82,83,84,85,86,85,84,87,88,89,90,90,91,88],"type":"triangles","base":0,"count":156}],"meshInstances":[{"node":1,"mesh":0}]}}