{"model":{"version":3,"nodes":[{"name":"RootNode","position":[0,0,0],"rotation":[0,0,0],"scale":[0.01,0.01,0.01],"scaleCompensation":false},{"name":"food_2.001","position":[0,0,0],"rotation":[-90,0,0],"scale":[100,100,100],"scaleCompensation":false}],"parents":[-1,0],"skins":[],"morphs":[],"vertices":[{"position":{"type":"float32","components":3,"data":[1,-0.41123,0.6,1,-0.41123,-0.6,0.933013,-0.0599048,0.6,0.933013,-0.0599048,-0.6,1,-0.41123,-0.6,-1.19209e-07,-0.41123,-0.6,0.933013,-0.0599048,-0.6,0.0669872,-0.661229,-0.6,0.563761,0.450241,0.6,0.563761,0.450241,-0.6,0.563761,0.450241,-0.6,-0.563761,0.450241,-0.6,-1.19209e-07,-0.41123,0.6,1,-0.41123,0.6,0.933013,-0.0599048,0.6,0.0669872,-0.661229,0.6,0.563761,0.450241,0.6,-0.563761,0.450241,0.6,-0.0669875,-0.66123,0.6,-0.0669875,-0.66123,-0.6,-1.19209e-07,-0.41123,0.6,-1.19209e-07,-0.41123,-0.6,-1.19209e-07,-0.41123,0.6,-1.19209e-07,-0.41123,-0.6,0.0669872,-0.661229,0.6,0.0669872,-0.661229,-0.6,-0.933013,-0.0599045,0.6,-1,-0.411229,0.6,-0.0669875,-0.66123,0.6,-0.563761,0.450241,0.6,-0.563761,0.450241,-0.6,-0.933013,-0.0599045,0.6,-0.933013,-0.0599045,-0.6,-1.19209e-07,0.911229,0.6,-1.19209e-07,0.911229,0.6,-1.19209e-07,0.911229,-0.6,-1.19209e-07,0.911229,-0.6,-0.933013,-0.0599045,-0.6,-1.19209e-07,0.911229,0.6,-1.19209e-07,0.911229,-0.6,-1,-0.411229,0.6,-1,-0.411229,-0.6,-1,-0.411229,-0.6,-0.0669875,-0.66123,-0.6,-0.933013,-0.661229,0.6,-0.933013,-0.661229,-0.6,-0.25,-0.844242,-0.6,-0.933013,-0.661229,-0.6,-0.25,-0.844242,0.6,-0.933013,-0.661229,0.6,-0.75,-0.844242,0.6,-0.75,-0.844242,-0.6,-0.75,-0.844242,0.6,-0.5,-0.911229,0.6,-0.5,-0.911229,-0.6,-0.25,-0.844242,0.6,-0.5,-0.911229,0.6,-0.25,-0.844242,-0.6,-0.75,-0.844242,-0.6,-0.5,-0.911229,-0.6,0.933012,-0.66123,0.6,0.25,-0.844242,0.6,0.25,-0.844242,0.6,0.25,-0.844242,-0.6,0.933012,-0.66123,-0.6,0.25,-0.844242,-0.6,0.5,-0.911229,0.6,0.5,-0.911229,-0.6,0.75,-0.844242,-0.6,0.5,-0.911229,-0.6,0.75,-0.844242,0.6,0.75,-0.844242,-0.6,0.75,-0.844242,0.6,0.5,-0.911229,0.6,0.933012,-0.66123,0.6,0.933012,-0.66123,-0.6]},"normal":{"type":"float32","components":3,"data":[0.750603,-0.0275277,0.660146,0.750603,-0.0275277,-0.660146,0.688681,0.29725,0.661306,0.688681,0.29725,-0.661306,0.750603,-0.0275277,-0.660146,0,-0.139775,-0.990173,0.688681,0.29725,-0.661306,-0.655721,-0.378552,-0.653218,0.534043,0.503464,0.679159,0.534043,0.503464,-0.679159,0.534043,0.503464,-0.679159,-0.534043,0.503464,-0.679159,0,-0.139775,0.990173,0.750603,-0.0275277,0.660146,0.688681,0.29725,0.661306,-0.655721,-0.378552,0.653218,0.534043,0.503464,0.679159,-0.534043,0.503464,0.679159,0.655721,-0.378552,0.653218,0.655721,-0.378552,-0.653218,0,-0.139775,0.990173,0,-0.139775,-0.990173,0,-0.139775,0.990173,0,-0.139775,-0.990173,-0.655721,-0.378552,0.653218,-0.655721,-0.378552,-0.653218,-0.688681,0.29725,0.661306,-0.750603,-0.0275277,0.660146,0.655721,-0.378552,0.653218,-0.534043,0.503464,0.679159,-0.534043,0.503464,-0.679159,-0.688681,0.29725,0.661306,-0.688681,0.29725,-0.661306,0,0.808405,0.58858,0,0.808405,0.58858,0,0.808405,-0.58858,0,0.808405,-0.58858,-0.688681,0.29725,-0.661306,0,0.808405,0.58858,0,0.808405,-0.58858,-0.750603,-0.0275277,0.660146,-0.750603,-0.0275277,-0.660146,-0.750603,-0.0275277,-0.660146,0.655721,-0.378552,-0.653218,-0.655721,-0.378552,0.653218,-0.655721,-0.378552,-0.653218,0.378552,-0.655721,-0.653218,-0.655721,-0.378552,-0.653218,0.378552,-0.655721,0.653218,-0.655721,-0.378552,0.653218,-0.378552,-0.655721,0.653218,-0.378552,-0.655721,-0.653218,-0.378552,-0.655721,0.653218,0,-0.757134,0.653218,0,-0.757134,-0.653218,0.378552,-0.655721,0.653218,0,-0.757134,0.653218,0.378552,-0.655721,-0.653218,-0.378552,-0.655721,-0.653218,0,-0.757134,-0.653218,0.655721,-0.378552,0.653218,-0.378552,-0.655721,0.653218,-0.378552,-0.655721,0.653218,-0.378552,-0.655721,-0.653218,0.655721,-0.378552,-0.653218,-0.378552,-0.655721,-0.653218,0,-0.757134,0.653218,0,-0.757134,-0.653218,0.378552,-0.655721,-0.653218,0,-0.757134,-0.653218,0.378552,-0.655721,0.653218,0.378552,-0.655721,-0.653218,0.378552,-0.655721,0.653218,0,-0.757134,0.653218,0.655721,-0.378552,0.653218,0.655721,-0.378552,-0.653218]},"texCoord0":{"type":"float32","components":2,"data":[0.716659,0.658859,0.833644,0.658859,0.716659,0.693726,0.833644,0.693726,0.666425,0.559903,0.597491,0.628837,0.637589,0.540302,0.619342,0.641453,0.716659,0.755119,0.833644,0.755119,0.576969,0.53059,0.499244,0.608315,0.595394,0.849574,0.664328,0.918508,0.635492,0.938109,0.617245,0.836958,0.574871,0.947821,0.497147,0.870096,0.985196,0.534798,0.868211,0.534798,0.985196,0.509566,0.868211,0.509566,0.716659,0.507469,0.833644,0.507469,0.716659,0.5327,0.833644,0.532701,0.506859,0.809476,0.52646,0.78064,0.60801,0.827723,0.985196,0.757217,0.868211,0.757217,0.985196,0.695823,0.868211,0.695823,0.504231,0.940736,0.985196,0.828211,0.868211,0.828211,0.506328,0.537674,0.508956,0.668935,0.716659,0.826114,0.833644,0.826114,0.985196,0.660956,0.868211,0.660956,0.528557,0.697771,0.610107,0.650688,0.985196,0.635724,0.868211,0.635724,0.610107,0.67592,0.550408,0.710387,0.60801,0.802491,0.548311,0.768024,0.985196,0.610493,0.868211,0.610493,0.573543,0.768024,0.595394,0.78064,0.868211,0.585261,0.985196,0.560029,0.985196,0.585261,0.868211,0.56003,0.57564,0.710387,0.597491,0.697771,0.676944,0.896657,0.642477,0.836958,0.716659,0.557932,0.833644,0.557932,0.679041,0.581754,0.644574,0.641453,0.716659,0.583164,0.833644,0.583164,0.679041,0.606986,0.666425,0.628837,0.716659,0.608395,0.833644,0.608395,0.676944,0.871425,0.664328,0.849574,0.716659,0.633627,0.833644,0.633627]}}],"meshes":[{"aabb":{"min":[-1,-0.911229,-0.6],"max":[1,0.911229,0.6]},"vertices":0,"indices":[0,1,2,2,1,3,4,5,6,5,4,7,2,3,8,8,3,9,5,10,6,10,5,11,12,13,14,13,12,15,12,16,17,16,12,14,18,19,20,20,19,21,22,23,24,24,23,25,12,26,27,12,27,28,17,26,12,29,30,31,31,30,32,33,17,16,34,35,29,29,35,30,36,10,11,11,5,37,8,9,38,38,9,39,32,40,31,40,32,41,37,5,42,42,5,43,41,44,40,44,41,45,42,46,47,46,42,43,27,48,28,48,27,49,44,45,50,50,45,51,48,52,53,52,48,49,54,55,56,55,54,57,55,57,18,18,57,19,58,46,59,46,58,47,51,56,50,56,51,54,15,60,13,60,15,61,24,25,62,62,25,63,7,64,65,64,7,4,62,63,66,66,63,67,65,68,69,68,65,64,67,70,66,70,67,71,61,72,60,72,61,73,70,71,74,74,71,75,74,75,0,0,75,1],"type":"triangles","base":0,"count":204}],"meshInstances":[{"node":1,"mesh":0}]}}