{
  "resources": [
    "sfx.mp3"
  ],
  "spritemap": {
    "silence": {
      "start": 0,
      "end": 1,
      "loop": true
    },
    "ambience_brook": {
      "start": 1.5,
      "end": 5.375056689342403,
      "loop": false
    },
    "ambience_day": {
      "start": 6,
      "end": 12.105736961451246,
      "loop": false
    },
    "ambience_fire": {
      "start": 13.5,
      "end": 19.795351473922903,
      "loop": false
    },
    "ambience_night": {
      "start": 21,
      "end": 30.212063492063493,
      "loop": false
    },
    "ant_loop": {
      "start": 31.5,
      "end": 32.59362811791383,
      "loop": false
    },
    "bee_loop": {
      "start": 34,
      "end": 37.47668934240363,
      "loop": false
    },
    "butterfly_loop": {
      "start": 38.5,
      "end": 41.86437641723356,
      "loop": false
    },
    "generic_attention": {
      "start": 43,
      "end": 44.05374149659864,
      "loop": false
    },
    "generic_day": {
      "start": 45.5,
      "end": 52.241201814058954,
      "loop": false
    },
    "generic_down": {
      "start": 53,
      "end": 53.45122448979592,
      "loop": false
    },
    "generic_heart": {
      "start": 54.5,
      "end": 55.39256235827664,
      "loop": false
    },
    "generic_night": {
      "start": 56,
      "end": 57.92310657596372,
      "loop": false
    },
    "generic_reveal": {
      "start": 58.5,
      "end": 60.58950113378685,
      "loop": false
    },
    "generic_ui": {
      "start": 62,
      "end": 62.218639455782316,
      "loop": false
    },
    "generic_up": {
      "start": 63.5,
      "end": 64.18931972789116,
      "loop": false
    },
    "item_ball": {
      "start": 65,
      "end": 66.35521541950114,
      "loop": false
    },
    "item_banana": {
      "start": 67.5,
      "end": 67.86716553287982,
      "loop": false
    },
    "item_bin": {
      "start": 69,
      "end": 70.16671201814059,
      "loop": false
    },
    "item_clothing": {
      "start": 71.5,
      "end": 71.63385487528345,
      "loop": false
    },
    "item_combine": {
      "start": 73,
      "end": 75.92448979591836,
      "loop": false
    },
    "item_compost": {
      "start": 76.5,
      "end": 77.35562358276644,
      "loop": false
    },
    "item_cook": {
      "start": 78,
      "end": 78.49462585034014,
      "loop": false
    },
    "item_dandelion": {
      "start": 79.5,
      "end": 79.63385487528345,
      "loop": false
    },
    "item_dandelionblow": {
      "start": 81,
      "end": 81.47065759637188,
      "loop": false
    },
    "item_eating": {
      "start": 82.5,
      "end": 83.2733560090703,
      "loop": false
    },
    "item_eatworm": {
      "start": 84,
      "end": 84.44303854875284,
      "loop": false
    },
    "item_extinguish": {
      "start": 85.5,
      "end": 87.79170068027211,
      "loop": false
    },
    "item_firefly": {
      "start": 89,
      "end": 90.95777777777778,
      "loop": false
    },
    "item_flowers": {
      "start": 91.5,
      "end": 92.47385487528345,
      "loop": false
    },
    "item_foodopen": {
      "start": 93,
      "end": 93.79124716553288,
      "loop": false
    },
    "item_frog": {
      "start": 94.5,
      "end": 95.17018140589569,
      "loop": false
    },
    "item_honey": {
      "start": 96,
      "end": 96.33070294784581,
      "loop": false
    },
    "item_jar": {
      "start": 97.5,
      "end": 97.75002267573696,
      "loop": false
    },
    "item_lantern": {
      "start": 99,
      "end": 102.45746031746032,
      "loop": false
    },
    "item_lightfire": {
      "start": 103.5,
      "end": 105.43834467120182,
      "loop": false
    },
    "item_lizard": {
      "start": 106,
      "end": 107.95052154195011,
      "loop": false
    },
    "item_log": {
      "start": 108.5,
      "end": 109.12573696145125,
      "loop": false
    },
    "item_melon": {
      "start": 110,
      "end": 110.19517006802721,
      "loop": false
    },
    "item_owl": {
      "start": 111.5,
      "end": 112.62503401360544,
      "loop": false
    },
    "item_robin": {
      "start": 114,
      "end": 116.75709750566894,
      "loop": false
    },
    "item_rock": {
      "start": 117.5,
      "end": 119.55680272108843,
      "loop": false
    },
    "item_rucksack": {
      "start": 121,
      "end": 121.26519274376417,
      "loop": false
    },
    "item_sleeping": {
      "start": 122.5,
      "end": 123.74374149659864,
      "loop": false
    },
    "item_sleepingbag": {
      "start": 125,
      "end": 125.76,
      "loop": false
    },
    "item_splash": {
      "start": 126.5,
      "end": 128.0573469387755,
      "loop": false
    },
    "item_sticks": {
      "start": 129,
      "end": 129.947052154195,
      "loop": false
    },
    "item_tentfabric": {
      "start": 130.5,
      "end": 130.7773469387755,
      "loop": false
    },
    "item_tentup": {
      "start": 132,
      "end": 133.0936507936508,
      "loop": false
    },
    "item_torch": {
      "start": 134.5,
      "end": 134.71308390022676,
      "loop": false
    },
    "item_worm": {
      "start": 136,
      "end": 136.17179138321995,
      "loop": false
    },
    "woodlouse_loop": {
      "start": 137.5,
      "end": 141.9546485260771,
      "loop": false
    }
  },
  "autoplay": "silence"
}