{
  "resources": [
    "vos.mp3"
  ],
  "spritemap": {
    "silence": {
      "start": 0,
      "end": 1,
      "loop": true
    },
    "hint_cta_001": {
      "start": 1.5,
      "end": 4.294467120181405,
      "loop": false
    },
    "hint_cta_002": {
      "start": 5,
      "end": 8.294965986394558,
      "loop": false
    },
    "hint_cta_003": {
      "start": 9.5,
      "end": 10.859387755102041,
      "loop": false
    },
    "hint_cta_004": {
      "start": 12,
      "end": 13.304308390022676,
      "loop": false
    },
    "hint_cta_005": {
      "start": 14.5,
      "end": 16.168344671201815,
      "loop": false
    },
    "hint_cta_006": {
      "start": 17,
      "end": 18.64925170068027,
      "loop": false
    },
    "hint_cta_007": {
      "start": 19.5,
      "end": 21.41859410430839,
      "loop": false
    },
    "hint_cta_008": {
      "start": 22,
      "end": 23.668344671201815,
      "loop": false
    },
    "hint_cta_009": {
      "start": 24.5,
      "end": 26.805714285714284,
      "loop": false
    },
    "hint_question_001": {
      "start": 28,
      "end": 31.75374149659864,
      "loop": false
    },
    "hint_question_002": {
      "start": 32.5,
      "end": 33.81587301587302,
      "loop": false
    },
    "hint_question_003": {
      "start": 35,
      "end": 36.7934693877551,
      "loop": false
    },
    "hint_question_004": {
      "start": 37.5,
      "end": 39.37687074829932,
      "loop": false
    },
    "hint_question_005": {
      "start": 40,
      "end": 42.58591836734694,
      "loop": false
    },
    "hint_question_006": {
      "start": 43.5,
      "end": 45.501995464852605,
      "loop": false
    },
    "hint_question_007": {
      "start": 47,
      "end": 48.9602947845805,
      "loop": false
    },
    "hint_question_008": {
      "start": 49.5,
      "end": 51.54371882086168,
      "loop": false
    },
    "hint_question_discover_click": {
      "start": 53,
      "end": 56.420090702947846,
      "loop": false
    },
    "hint_question_discover": {
      "start": 57.5,
      "end": 61.18632653061225,
      "loop": false
    },
    "hint_question_inhere": {
      "start": 62,
      "end": 65.67034013605442,
      "loop": false
    },
    "hint_target_001": {
      "start": 66.5,
      "end": 69.74891156462586,
      "loop": false
    },
    "hint_target_002": {
      "start": 71,
      "end": 74.162947845805,
      "loop": false
    },
    "hint_target_003": {
      "start": 75.5,
      "end": 77.38632653061225,
      "loop": false
    },
    "hint_target_004": {
      "start": 78,
      "end": 81.00299319727891,
      "loop": false
    },
    "hint_target_005": {
      "start": 82.5,
      "end": 84.58541950113379,
      "loop": false
    },
    "hint_target_006": {
      "start": 86,
      "end": 89.00299319727891,
      "loop": false
    },
    "hint_target_007": {
      "start": 90.5,
      "end": 92.91909297052155,
      "loop": false
    },
    "hint_target_008": {
      "start": 94,
      "end": 97.04471655328798,
      "loop": false
    },
    "hint_target_009": {
      "start": 98.5,
      "end": 100.71054421768707,
      "loop": false
    },
    "hint_target_010": {
      "start": 102,
      "end": 104.79446712018141,
      "loop": false
    },
    "hint_target_011": {
      "start": 105.5,
      "end": 111.13063492063492,
      "loop": false
    },
    "hint_target_012": {
      "start": 112,
      "end": 115.00299319727891,
      "loop": false
    },
    "hint_target_013": {
      "start": 116.5,
      "end": 118.23283446712018,
      "loop": false
    },
    "hint_target_014": {
      "start": 119,
      "end": 121.66934240362812,
      "loop": false
    },
    "hint_target_015": {
      "start": 122.5,
      "end": 124.87736961451247,
      "loop": false
    },
    "hint_target_016": {
      "start": 126,
      "end": 128.37736961451247,
      "loop": false
    },
    "hint_target_017": {
      "start": 129.5,
      "end": 131.56582766439908,
      "loop": false
    },
    "hint_target_018": {
      "start": 133,
      "end": 135.7944671201814,
      "loop": false
    },
    "hint_target_019": {
      "start": 136.5,
      "end": 141.2764172335601,
      "loop": false
    },
    "hint_target_020": {
      "start": 142,
      "end": 146.7418820861678,
      "loop": false
    },
    "hint_target_021": {
      "start": 147.5,
      "end": 151.08691609977325,
      "loop": false
    },
    "hint_target_022": {
      "start": 152,
      "end": 154.37736961451247,
      "loop": false
    },
    "hint_target_023": {
      "start": 155.5,
      "end": 161.00551020408165,
      "loop": false
    },
    "hint_target_024": {
      "start": 162,
      "end": 166.74233560090704,
      "loop": false
    },
    "hint_target_025": {
      "start": 167.5,
      "end": 172.7377551020408,
      "loop": false
    },
    "hint_target_026": {
      "start": 174,
      "end": 178.33766439909297,
      "loop": false
    },
    "hint_target_027": {
      "start": 179.5,
      "end": 182.15049886621316,
      "loop": false
    },
    "hint_target_028": {
      "start": 183,
      "end": 185.9195918367347,
      "loop": false
    },
    "hint_target_029": {
      "start": 186.5,
      "end": 190.71253968253967,
      "loop": false
    },
    "hint_target_030": {
      "start": 192,
      "end": 195.29646258503402,
      "loop": false
    },
    "hint_target_031": {
      "start": 196.5,
      "end": 198.99637188208618,
      "loop": false
    },
    "hint_target_032": {
      "start": 200,
      "end": 203.2532426303855,
      "loop": false
    },
    "hint_target_033": {
      "start": 204.5,
      "end": 207.21104308390022,
      "loop": false
    },
    "hint_target_034": {
      "start": 208,
      "end": 210.7944671201814,
      "loop": false
    },
    "hint_target_035": {
      "start": 211.5,
      "end": 213.71054421768707,
      "loop": false
    },
    "hint_target_036": {
      "start": 215,
      "end": 218.62861678004535,
      "loop": false
    },
    "hint_target_037": {
      "start": 219.5,
      "end": 222.5864172335601,
      "loop": false
    },
    "hint_target_038": {
      "start": 224,
      "end": 226.50249433106575,
      "loop": false
    },
    "hint_target_039": {
      "start": 227.5,
      "end": 230.25274376417232,
      "loop": false
    },
    "hint_target_040": {
      "start": 231,
      "end": 233.75274376417232,
      "loop": false
    },
    "hint_target_041": {
      "start": 234.5,
      "end": 237.54471655328797,
      "loop": false
    },
    "hint_target_042": {
      "start": 239,
      "end": 240.7934693877551,
      "loop": false
    },
    "hint_target_043": {
      "start": 241.5,
      "end": 243.5019954648526,
      "loop": false
    },
    "hint_target_044": {
      "start": 245,
      "end": 247.46891156462584,
      "loop": false
    },
    "hint_target_045": {
      "start": 248.5,
      "end": 249.95979591836735,
      "loop": false
    },
    "intro_001": {
      "start": 251,
      "end": 253.37736961451247,
      "loop": false
    },
    "intro_002": {
      "start": 254.5,
      "end": 255.52349206349206,
      "loop": false
    },
    "intro_003": {
      "start": 257,
      "end": 259.7110430839002,
      "loop": false
    },
    "intro_004": {
      "start": 260.5,
      "end": 262.24471655328796,
      "loop": false
    },
    "Intro_campout": {
      "start": 263,
      "end": 265.0019954648526,
      "loop": false
    },
    "letsplay_campout": {
      "start": 266.5,
      "end": 269.2314512471655,
      "loop": false
    },
    "onboarding_hint_001_click": {
      "start": 270,
      "end": 275.8698412698413,
      "loop": false
    },
    "onboarding_hint_001": {
      "start": 276.5,
      "end": 282.88138321995467,
      "loop": false
    },
    "onboarding_hint_002": {
      "start": 284,
      "end": 287.5002947845805,
      "loop": false
    },
    "onboarding_hint_003": {
      "start": 288.5,
      "end": 291.96179138322,