{"model":{"version":3,"nodes":[{"name":"RootNode","position":[0,0,0],"rotation":[0,0,0],"scale":[0.01,0.01,0.01],"scaleCompensation":false},{"name":"web","position":[0,0,0],"rotation":[-90,0,0],"scale":[100,100,100],"scaleCompensation":false}],"parents":[-1,0],"skins":[],"morphs":[],"vertices":[{"position":{"type":"float32","components":3,"data":[-2.22045e-16,-5.96046e-08,-1,0.276388,0.44722,-0.850649,0.587786,-5.96046e-08,-0.809017,0.688189,0.525736,-0.499997,0.951058,-2.98023e-08,-0.309013,0.894426,0.447216,2.98023e-08,0.951058,-2.98023e-08,0.309013,-0.951058,-2.98023e-08,-0.309013,-0.723607,0.44722,-0.525725,-0.587786,-5.96046e-08,-0.809017,-0.587786,-5.96046e-08,0.809017,-0.723607,0.447219,0.525725,-0.951058,-2.98023e-08,0.309013,-0.850648,0.525736,5.96046e-08,2.22045e-16,-5.96046e-08,1,0.276388,0.44722,0.850649,-0.262869,0.525738,0.809012,0.162456,0.850654,-0.499995,0.52573,0.850652,5.96046e-08,-0.425323,0.850654,0.309011,-0.425323,0.850654,-0.309011,-0.262869,0.525738,-0.809012,0.587786,-5.96046e-08,0.809017,0.688189,0.525736,0.499997,2.22045e-16,1,5.96046e-08,0.276388,-0.44722,-0.850649,0.688189,-0.525736,-0.499997,0.162456,-0.850654,-0.499995,-0.723607,-0.44722,-0.525725,-0.262869,-0.525738,-0.809012,-0.425323,-0.850654,-0.309011,-0.723607,-0.447219,0.525725,-0.850648,-0.525736,5.96046e-08,-0.425323,-0.850654,0.309011,0.276388,-0.44722,0.850649,-0.262869,-0.525738,0.809012,0.162456,-0.850654,0.499995,0.894426,-0.447216,2.98023e-08,0.688189,-0.525736,0.499997,0.52573,-0.850652,5.96046e-08,2.22045e-16,-1,5.96046e-08,0.951058,-2.98023e-08,0.309013,0.587786,-5.96046e-08,0.809017,2.22045e-16,-5.96046e-08,1,-0.587786,-5.96046e-08,0.809017,-0.951058,-2.98023e-08,0.309013,-0.951058,-2.98023e-08,-0.309013,-0.587786,-5.96046e-08,-0.809017,-2.22045e-16,-5.96046e-08,-1,0.587786,-5.96046e-08,-0.809017,0.951058,-2.98023e-08,-0.309013,0.162456,0.850654,0.499995,7.99361e-15,4.80337e-08,-0.805872,-0.222734,-0.360402,-0.685515,-0.47368,1.22935e-07,-0.651964,-0.554593,-0.423676,-0.402934,-0.766431,1.41561e-07,-0.249025,-0.720794,-0.360399,2.40169e-08,-0.766431,1.41561e-07,0.249025,0.766431,-9.68575e-08,-0.249025,0.583135,-0.360402,-0.423667,0.47368,-2.6077e-08,-0.651964,0.47368,-2.6077e-08,0.651964,0.583135,-0.360402,0.423668,0.766431,-9.68575e-08,0.249025,0.685514,-0.423676,4.80337e-08,7.99361e-15,4.80337e-08,0.805872,-0.222734,-0.360402,0.685515,0.211839,-0.423677,0.65196,-0.130919,-0.685519,-0.402932,-0.423671,-0.685517,4.80337e-08,0.342756,-0.685519,0.249024,0.342756,-0.685519,-0.249024,0.211839,-0.423678,-0.65196,-0.47368,1.22935e-07,0.651964,-0.554593,-0.423676,0.402934,-1.3411e-07,-0.805872,4.80337e-08,-0.222733,0.360402,-0.685515,-0.554593,0.423676,-0.402934,-0.130918,0.685519,-0.402932,0.583135,0.360402,-0.423667,0.211839,0.423678,-0.65196,0.342756,0.685519,-0.249024,0.583135,0.360402,0.423668,0.685514,0.423676,4.80337e-08,0.342756,0.685519,0.249024,-0.222733,0.360402,0.685515,0.211839,0.423677,0.65196,-0.130918,0.685519,0.402932,-0.720793,0.360399,2.40169e-08,-0.554593,0.423676,0.402934,-0.423671,0.685517,4.80337e-08,1.3411e-07,0.805872,4.80337e-08,-0.766431,1.41561e-07,0.249025,-0.47368,1.22935e-07,0.651964,7.99361e-15,4.80337e-08,0.805872,0.47368,-2.6077e-08,0.651964,0.766431,-9.68575e-08,0.249025,0.766431,-9.68575e-08,-0.249025,0.47368,-2.6077e-08,-0.651964,7.99361e-15,4.80337e-08,-0.805872,-0.47368,1.22935e-07,-0.651964,-0.766431,1.41561e-07,-0.249025,-0.130919,-0.685519,0.402932,3.8427e-08,-3.55271e-15,-0.644698,-0.288322,0.178187,-0.548412,5.96046e-08,0.378944,-0.521571,-0.338941,0.443674,-0.322347,5.96046e-08,0.613145,-0.19922,-0.288319,0.576635,1.92135e-08,5.96046e-08,0.613145,0.19922,-5.96046e-08,-0.613145,-0.19922,-0.288322,-0.466508,-0.338934,0,-0.378944,-0.521571,0,-0.378944,0.521571,-0.288321,-0.466508,0.338934,-5.96046e-08,-0.613145,0.19922,-0.338941,-0.548411,3.8427e-08,3.8427e-08,-3.55271e-15,0.644698,-0.288322,0.178187,0.548412,-0.338942,-0.169471,0.521568,-0.548415,0.104735,-0.322346,-0.548413,0.338937,3.8427e-08,-0.548415,-0.274205,0.199219,-0.548415,-0.274205,-0.199219,-0.338942,-0.169471,-0.521568,5.96046e-08,0.378944,0.521571,-0.338941,0.443674,0.322347,-0.644698,5.96046e-08,3.8427e-08,0.288322,0.178187,-0.548412,0.338941,0.443674,-0.322347,0.548415,0.104735,-0.322346,0.288321,-0.466508,-0.338934,0.338942,-0.169471,-0.521568,0.548415,-0.274205,-0.199219,0.288321,-0.466508,0.338934,0.338941,-0.548411,3.8427e-08,0.548415,-0.274205,0.199219,0.288322,0.178187,0.548412,0.338942,-0.169471,0.521568,0.548415,0.104735,0.322346,0.288319,0.576635,1.92135e-08,0.338941,0.443674,0.322347,0.548414,0.338937,3.8427e-08,0.644698,-5.96046e-08,3.8427e-08,5.96046e-08,0.613145,0.19922,5.96046e-08,0.378944,0.521571,3.8427e-08,-3.55271e-15,0.644698,0,-0.378944,0.521571,-5.96046e-08,-0.613145,0.19922,-5.96046e-08,-0.613145,-0.19922,0,-0.378944,-0.521571,3.8427e-08,-3.55271e-15,-0.644698,5.96046e-08,0.378944,-0.521571,5.96046e-08,0.613145,-0.19922,-0.548415,0.104735,0.322346,-2.68989e-08,-1.57472e-15,-0.451289,0.201825,-0.124731,-0.383888,-1.66996e-09,-0.265261,-0.3651,0.237259,-0.310572,-0.225643,2.30844e-08,-0.429202,-0.139454,0.201823,-0.403644,1.34494e-08,2.30844e-08,-0.429202,0.139454,-2.30844e-08,0.429202,-0.139454,0.201825,0.326556,-0.237254,-4.00533e-08,0.265261,-0.3651,-4.00533e-08,0.265261,0.3651,0.201825,0.326556,0.237254,-2.30844e-08,0.429202,0.139454,0.237259,0.383888,2.68989e-08,-2.68989e-08,-1.57472e-15,0.451289,0.201825,-0.124731,0.383888,0.237259,0.11863,0.365098,0.383891,-0.0733143,-0.225642,0.383889,-0.237256,2.68989e-08,0.383891,0.191943,0.139453,0.383891,0.191943,-0.139453,0.237259,0.11863,-0.365098,-1.66996e-09,-0.265261,0.3651,0.237259,-0.310572,0.225643,0.451289,2.64194e-08,2.68989e-08,-0.201825,-0.124731,-0.383888,-0.237259,-0.310572,-0.225643,-0.383891,-0.0733144,-0.225642,-0.201825,0.326556,-0.237254,-0.237259,0.11863,-0.365098,-0.38389,0.191943,-0.139453,-0.201825,0.326556,0.237254,-0.237259,0.383888,2.68989e-08,-0.38389,0.191943,0.139453,-0.201825,-0.124731,0.383888,-0.237259,0.11863,0.365098,-0.383891,-0.0733144,0.225642,-0.201823,-0.403644,1.34494e-08,-0.237259,-0.310572,0.225643,-0.383889,-0.237256,2.68989e-08,-0.451289,-2.64194e-08,2.68989e-08,2.30844e-08,-0.429202,0.139454,-1.66996e-09,-0.265261,0.3651,-2.68989e-08,-1.57472e-15,0.451289,-4.00533e-08,0.265261,0.3651,-2.30844e-08,0.429202,0.139454,-2.30844e-08,0.429202,-0.139454,-4.00533e-08,0.265261,-0.3651,-2.68989e-08,-1.57472e-15,-0.451289,-1.66996e-09,-0.265261,-0.3651,2.30844e-08,-0.429202,-0.139454,0.383891,-0.0733143,0.225642]},"normal":{"type":"float32","components":3,