{"model":{"version":3,"nodes":[{"name":"RootNode","position":[0,0,0],"rotation":[0,0,0],"scale":[0.01,0.01,0.01],"scaleCompensation":false},{"name":"Cube","position":[0,0,0],"rotation":[-90,0,0],"scale":[100,7.75,100],"scaleCompensation":false}],"parents":[-1,0],"skins":[],"morphs":[],"vertices":[{"position":{"type":"float32","components":3,"data":[-1.42778,0.999999,2.53128,-1.66238,-1,0,-1.42778,-1,2.53128,-1.66238,1,0,1.62788,1,0,1.09683,0.999999,2.40105,1.78657,0.999999,2.34844,-0.237925,0.999998,2.93362,-0.803589,0.999999,2.45797,-1.66238,1,0,-1.42778,0.999999,2.53128,0.567389,0.999998,2.91551,0.196643,0.999997,3.53347,1.78657,0.999999,2.34844,1.62788,-1,0,1.62788,1,0,1.78657,-1,2.34844,1.62788,-1,0,1.78657,-1,2.34844,1.09683,-1,2.40105,-1.66238,-1,0,-0.803589,-1,2.45797,-1.42778,-1,2.53128,0.567389,-1,2.91551,-0.237925,-1,2.93362,0.196643,-1,3.53347,1.62788,-1,0,-1.66238,-1,0,-1.66238,1,0,1.62788,1,0,-1.42778,0.999999,2.53128,-0.803589,-1,2.45797,-0.803589,0.999999,2.45797,-1.42778,-1,2.53128,1.09683,0.999999,2.40105,1.78657,-1,2.34844,1.78657,0.999999,2.34844,1.09683,-1,2.40105,0.196643,0.999997,3.53347,0.567389,-1,2.91551,0.567389,0.999998,2.91551,0.196643,-1,3.53347,-0.803589,0.999999,2.45797,-0.803589,-1,2.45797,-0.237925,0.999998,2.93362,-0.237925,-1,2.93362,-0.237925,0.999998,2.93362,-0.237925,-1,2.93362,0.196643,0.999997,3.53347,0.196643,-1,3.53347,0.567389,0.999998,2.91551,1.09683,-1,2.40105,1.09683,0.999999,2.40105,0.567389,-1,2.91551]},"normal":{"type":"float32","components":3,"data":[-0.995733,0,0.0922816,-0.995733,0,0.0922816,-0.995733,0,0.0922816,-0.995733,0,0.0922816,-3.39378e-08,1,4.66997e-07,-3.39378e-08,1,4.66997e-07,-3.39378e-08,1,4.66997e-07,-3.39378e-08,1,4.66997e-07,-3.39378e-08,1,4.66997e-07,-3.39378e-08,1,4.66997e-07,-3.39378e-08,1,4.66997e-07,-3.39378e-08,1,4.66997e-07,-3.39378e-08,1,4.66997e-07,0.997725,0,-0.0674207,0.997725,0,-0.0674207,0.997725,0,-0.0674207,0.997725,0,-0.0674207,5.71137e-08,-1,-4.78799e-07,5.71137e-08,-1,-4.78799e-07,5.71137e-08,-1,-4.78799e-07,5.71137e-08,-1,-4.78799e-07,5.71137e-08,-1,-4.78799e-07,5.71137e-08,-1,-4.78799e-07,5.71137e-08,-1,-4.78799e-07,5.71137e-08,-1,-4.78799e-07,5.71137e-08,-1,-4.78799e-07,0,0,-1,0,0,-1,0,0,-1,0,0,-1,0.116645,0,0.993174,0.116645,0,0.993174,0.116645,0,0.993174,0.116645,0,0.993174,0.0760553,-5.92387e-08,0.997104,0.0760553,-5.92387e-08,0.997104,0.0760553,-5.92387e-08,0.997104,0.0760553,-5.92387e-08,0.997104,0.857511,-6.20328e-08,0.514465,0.857511,-6.20328e-08,0.514465,0.857511,-6.20328e-08,0.514465,0.857511,-6.20328e-08,0.514465,-0.643584,-2.01621e-08,0.765376,-0.643584,-2.01621e-08,0.765376,-0.643584,-2.01621e-08,0.765376,-0.643584,-2.01621e-08,0.765376,-0.809816,-6.34947e-08,0.586684,-0.809816,-6.34947e-08,0.586684,-0.809816,-6.34947e-08,0.586684,-0.809816,-6.34947e-08,0.586684,0.69689,-8.07403e-08,0.717178,0.69689,-8.07403e-08,0.717178,0.69689,-8.07403e-08,0.717178,0.69689,-8.07403e-08,0.717178]},"texCoord0":{"type":"float32","components":2,"data":[0.625,0.25,0.375,0,0.625,0,0.375,0.25,0.375,0.5,0.625,0.4375,0.625,0.5,0.625,0.34375,0.625,0.3125,0.375,0.25,0.625,0.25,0.625,0.40625,0.625,0.375,0.625,0.5,0.375,0.75,0.375,0.5,0.625,0.75,0.375,0.75,0.625,0.75,0.625,0.8125,0.375,1,0.625,0.9375,0.625,1,0.625,0.84375,0.625,0.90625,0.625,0.875,0.375,0.75,0.125,0.75,0.125,0.5,0.375,0.5,0.875,0.5,0.8125,0.75,0.8125,0.5,0.875,0.75,0.6875,0.5,0.625,0.75,0.625,0.5,0.6875,0.75,0.75,0.5,0.71875,0.75,0.71875,0.5,0.75,0.75,0.8125,0.5,0.8125,0.75,0.78125,0.5,0.78125,0.75,0.78125,0.5,0.78125,0.75,0.75,0.5,0.75,0.75,0.71875,0.5,0.6875,0.75,0.6875,0.5,0.71875,0.75]}}],"meshes":[{"aabb":{"min":[-1.66238,-1,0],"max":[1.78657,1,3.53347]},"vertices":0,"indices":[0,1,2,1,0,3,4,5,6,7,5,8,8,4,9,9,10,8,11,7,12,5,7,11,4,8,5,13,14,15,14,13,16,17,18,19,20,21,22,19,23,24,19,21,17,24,23,25,21,19,24,21,20,17,26,27,28,26,28,29,30,31,32,31,30,33,34,35,36,35,34,37,38,39,40,39,38,41,42,43,44,44,43,45,46,47,48,49,48,47,50,51,52,51,50,53],"type":"triangles","base":0,"count":96}],"meshInstances":[{"node":1,"mesh":0}]}}