{"model":{"version":3,"nodes":[{"name":"RootNode","position":[0,0,0],"rotation":[0,0,0],"scale":[0.01,0.01,0.01],"scaleCompensation":false},{"name":"football","position":[0,0,0],"rotation":[-90,0,0],"scale":[100,100,100],"scaleCompensation":false}],"parents":[-1,0],"skins":[],"morphs":[],"vertices":[{"position":{"type":"float32","components":3,"data":[0.239308,0.905994,0.239307,0.0965649,1.09722,0.0965645,0.0522606,1.09722,0.126168,0.129512,0.905994,0.31267,0.247488,0.325377,0.597487,5.36442e-08,0.325377,0.646716,5.36442e-08,-4.24683e-07,0.68655,0.262731,-4.55976e-07,0.634289,5.36442e-08,-1.09722,0.136563,-1.5467e-07,-1.13044,-2.86102e-07,0.0522606,-1.09722,0.126168,5.12314e-08,1.13044,-2.86102e-07,5.36442e-08,1.09722,0.136563,0.247488,-0.325378,0.597487,5.36442e-08,-0.325378,0.646716,-0.129512,0.905994,0.31267,-0.0522604,1.09722,0.126168,5.36442e-08,0.905994,0.338432,0.485464,-4.45545e-07,0.485464,0.457297,-0.325378,0.457297,0.189419,-0.693973,0.457297,5.36442e-08,-0.693973,0.494975,0.129512,-0.905995,0.31267,2.40298e-07,-0.905995,0.338432,0.35,-0.693973,0.35,5.36442e-08,0.693972,0.494975,0.129512,0.905994,0.31267,5.36442e-08,0.905994,0.338432,0.189419,0.693972,0.457297,0.35,0.693972,0.35,0.457297,0.325377,0.457297,0.239308,0.905994,0.239307,0.239308,-0.905995,0.239308,0.096565,-1.09722,0.0965648,0.129512,-0.905995,0.31267,0.312671,-0.905995,0.129512,0.126168,-1.09722,0.0522604,0.634289,-4.55976e-07,0.262731,0.597488,0.325377,0.247487,0.457297,0.693972,0.189418,0.239308,-0.905995,0.239308,0.312671,0.905994,0.129512,0.126168,1.09722,0.0522602,0.597488,-0.325378,0.247487,0.457297,-0.693973,0.189418,0.312671,-0.905995,0.129512,0.494975,-0.693973,-2.44379e-07,0.646716,-0.325378,-2.23517e-07,0.312671,0.905994,0.129512,0.338432,0.905994,-2.86102e-07,0.136563,1.09722,-2.86102e-07,0.68655,-4.87268e-07,-2.5481e-07,0.494975,0.693972,-2.86102e-07,0.338432,0.905994,-2.86102e-07,0.646716,0.325377,-3.06964e-07,0.136563,-1.09722,-1.60933e-07,0.338432,-0.905995,-1.94311e-07,0.126168,-1.09722,-0.0522607,0.312671,-0.905995,-0.129513,0.597488,0.325377,-0.247488,0.634289,-5.1856e-07,-0.262732,0.457297,0.693972,-0.189419,0.338432,-0.905995,-1.94311e-07,0.597488,-0.325378,-0.247488,0.312671,0.905994,-0.129513,0.126168,1.09722,-0.0522608,0.457297,-0.693973,-0.189419,0.312671,-0.905995,-0.129513,0.35,0.693972,-0.35,0.457297,0.325377,-0.457297,0.312671,0.905994,-0.129513,0.239308,0.905994,-0.239308,0.0965648,1.09722,-0.0965651,0.457297,-0.325378,-0.457297,0.485464,-5.49853e-07,-0.485464,0.239308,-0.905995,-0.239308,0.0965649,-1.09722,-0.0965651,0.129512,-0.905995,-0.312671,0.0522606,-1.09722,-0.126168,0.262731,-5.28991e-07,-0.63429,0.247487,-0.325378,-0.597488,0.35,-0.693973,-0.35,0.239308,-0.905995,-0.239308,0.247487,0.325377,-0.597488,0.189419,0.693972,-0.457297,0.239308,0.905994,-0.239308,0.129512,0.905994,-0.312671,0.0522605,1.09722,-0.126168,0.189419,-0.693973,-0.457297,0.129512,-0.905995,-0.312671,-1.30271e-07,0.325377,-0.646716,-5.10131e-09,0.693972,-0.494975,0.129512,0.905994,-0.312671,1.57603e-08,1.09722,-0.136564,-4.26522e-08,0.905994,-0.338432,-4.68246e-08,-6.02007e-07,-0.68655,-8.85478e-08,-0.325378,-0.646716,-3.63938e-08,-0.905995,-0.338432,5.3295e-09,-1.09722,-0.136564,-0.0522605,1.09722,-0.126168,-0.129512,0.905994,-0.312671,-0.247488,-0.325378,-0.597488,-4.68246e-08,-6.02007e-07,-0.68655,-8.85478e-08,-0.325378,-0.646716,-0.262731,-5.49853e-07,-0.634289,-5.10131e-09,-0.693973,-0.494975,-3.63938e-08,-0.905995,-0.338432,-1.30271e-07,0.325377,-0.646716,-0.189419,0.693972,-0.457297,-5.10131e-09,0.693972,-0.494975,-0.247488,0.325377,-0.597488,-4.26522e-08,0.905994,-0.338432,-0.189419,-0.693973,-0.457297,-5.10131e-09,-0.693973,-0.494975,-0.129512,-0.905995,-0.312671,-3.63938e-08,-0.905995,-0.338432,-0.35,0.693972,-0.35,-0.457297,0.325377,-0.457297,-0.129512,0.905994,-0.312671,-4.26522e-08,0.905994,-0.338432,-0.0522606,-1.09722,-0.126168,-0.129512,-0.905995,-0.312671,-0.239308,0.905994,-0.239308,-0.0965648,1.09722,-0.096565,-0.457297,-0.325378,-0.457297,-0.485464,-5.70714e-07,-0.485464,-0.0965649,-1.09722,-0.0965651,-0.239308,-0.905995,-0.239308,-0.126168,1.09722,-0.0522607,-0.31267,0.905994,-0.129512,-0.634289,-5.60284e-07,-0.262731,-0.597488,-0.325378,-0.247487,-0.35,-0.693973,-0.35,-0.239308,-0.905995,-0.239308,-0.597487,0.325377,-0.247487,-0.457297,0.693972,-0.189419,-0.239308,0.905994,-0.239308,-0.457297,-0.693973,-0.189419,-0.31267,-0.905995,-0.129512,-0.646716,0.325377,4.76837e-08,-0.494975,0.693972,-7.7486e-08,-0.31267,0.905994,-0.129512,-0.31267,-0.905995,-0.129512,-0.126168,-1.09722,-0.0522607,-0.136563,-1.09722,-1.19209e-07,-0.338432,-0.905995,-1.90735e-08,-0.68655,-5.39422e-07,-2.5332e-08,-0.646716,-0.325378,6.85453e-08,-0.136563,1.09722,-2.02656e-07,-0.338432,0.905994,-1.0252e-07,-0.597487,-0.325378,0.247487,-0.634289,-5.0813e-07,0.262731,-0.494975,-0.693973,5.96046e-09,-0.338432,-0.905995,-1.90735e-08,-0.457297,0.693972,0.189419,-0.597487,0.325377,0.247487,-0.338432,0.905994,-1.0252e-07,-0.126168,1.09722,0.0522603,-0.31267,0.905994,0.129512,-0.457297,-0.693973,0.189419,-0.35,0.693972,0.35,-0.457297,0.325377,0.457297,-0.31267,0.905994,0.129512,-0.31267,-0.905995,0.129512,-0.126168,-1.09722,0.0522605,-0.239307,-0.905995,0.239308,-0.0965648,-1.09722,0.0965648,-0.485464,-4.76837e-07,0.485464,-0.31267,-0.905995,0.129512,-0.0965647,1.09722,0.0965645,-0.239307,0.905994,0.239307,-0.457297,-0.325378,0.457297,-0.35,-0.693973,0.35,-0.239307,-0.905995,0.239308,-0.247487,-0.325378,0.597487,-0.189418,-0.693973,0.457297,-0.239307,0.905994,0.239307,-0.262731,-4.35114e-07,0.634289,-0.189418,0.693972,0.457297,-0.129512,0.905994,0.31267,-0.247487,0.325377,0.597487,-0.129512,-0.905995,0.31267,-0.0522604,-1.09722,0.126168,2.40298e-07,-0.905995,0.338432,-0.129512,-0.905995,0.31267]},"normal":{"type":"float32","components":3,