{
  "resources": [
    "onboarding_05.mp3"
  ],
  "spritemap": {
    "ob_05_ari_031": {
      "start": 0,
      "end": 2.0373696145124716,
      "loop": false
    },
    "ob_05_ari_032": {
      "start": 4,
      "end": 6.538707482993198,
      "loop": false
    },
    "ob_05_ari_032b": {
      "start": 8,
      "end": 10.517369614512472,
      "loop": false
    },
    "ob_05_elinor_001": {
      "start": 12,
      "end": 15.565555555555555,
      "loop": false
    },
    "ob_05_elinor_002": {
      "start": 17,
      "end": 19.88002267573696,
      "loop": false
    },
    "ob_05_elinor_003_click": {
      "start": 21,
      "end": 24.18904761904762,
      "loop": false
    },
    "ob_05_elinor_003_tap": {
      "start": 26,
      "end": 28.73068027210884,
      "loop": false
    },
    "ob_05_elinor_003": {
      "start": 30,
      "end": 32.26625850340136,
      "loop": false
    },
    "ob_05_elinor_004": {
      "start": 34,
      "end": 35.93566893424036,
      "loop": false
    },
    "ob_05_elinor_005_click": {
      "start": 37,
      "end": 39.77333333333333,
      "loop": false
    },
    "ob_05_elinor_005_tap": {
      "start": 41,
      "end": 43.54399092970522,
      "loop": false
    },
    "ob_05_elinor_005": {
      "start": 45,
      "end": 46.604897959183674,
      "loop": false
    },
    "ob_05_elinor_006": {
      "start": 48,
      "end": 52.22922902494331,
      "loop": false
    },
    "ob_05_elinor_007": {
      "start": 54,
      "end": 58.09154195011338,
      "loop": false
    },
    "ob_05_elinor_008_click": {
      "start": 60,
      "end": 62.77333333333333,
      "loop": false
    },
    "ob_05_elinor_008_tap": {
      "start": 64,
      "end": 66.54399092970522,
      "loop": false
    },
    "ob_05_elinor_009": {
      "start": 68,
      "end": 72.2675283446712,
      "loop": false
    },
    "ob_05_elinor_010": {
      "start": 74,
      "end": 76.359410430839,
      "loop": false
    },
    "ob_05_elinor_011": {
      "start": 78,
      "end": 79.87734693877552,
      "loop": false
    },
    "ob_05_elinor_012": {
      "start": 81,
      "end": 81.8533560090703,
      "loop": false
    },
    "ob_05_elinor_013": {
      "start": 83,
      "end": 85.53244897959183,
      "loop": false
    },
    "ob_05_elinor_014": {
      "start": 87,
      "end": 89.68802721088436,
      "loop": false
    },
    "ob_05_elinor_015": {
      "start": 91,
      "end": 93.73068027210884,
      "loop": false
    },
    "ob_05_elinor_016": {
      "start": 95,
      "end": 97.7733560090703,
      "loop": false
    },
    "ob_05_elinor_017_click": {
      "start": 99,
      "end": 101.77333333333334,
      "loop": false
    },
    "ob_05_elinor_017_tap": {
      "start": 103,
      "end": 105.54399092970522,
      "loop": false
    },
    "ob_05_elinor_018": {
      "start": 107,
      "end": 111.35204081632654,
      "loop": false
    },
    "ob_05_elinor_019": {
      "start": 113,
      "end": 116.47736961451247,
      "loop": false
    },
    "ob_05_elinor_020_click": {
      "start": 118,
      "end": 119.91199546485261,
      "loop": false
    },
    "ob_05_elinor_020_tap": {
      "start": 121,
      "end": 123.09068027210884,
      "loop": false
    },
    "ob_05_elinor_020": {
      "start": 125,
      "end": 126.5022902494331,
      "loop": false
    },
    "ob_05_elinor_021": {
      "start": 128,
      "end": 130.43201814058958,
      "loop": false
    },
    "ob_05_elinor_022": {
      "start": 132,
      "end": 135.2426530612245,
      "loop": false
    },
    "ob_05_elinor_023_alt": {
      "start": 137,
      "end": 139.98149659863947,
      "loop": false
    },
    "ob_05_elinor_023": {
      "start": 141,
      "end": 144.6209977324263,
      "loop": false
    },
    "ob_05_elinor_024": {
      "start": 146,
      "end": 147.8773469387755,
      "loop": false
    },
    "ob_05_elinor_025": {
      "start": 149,
      "end": 151.3718820861678,
      "loop": false
    },
    "ob_05_elinor_026": {
      "start": 153,
      "end": 156.34303854875284,
      "loop": false
    },
    "ob_05_elinor_027": {
      "start": 158,
      "end": 162.9307709750567,
      "loop": false
    },
    "ob_05_elinor_028": {
      "start": 164,
      "end": 167.3707029478458,
      "loop": false
    },
    "ob_05_elinor_029": {
      "start": 169,
      "end": 170.02519274376417,
      "loop": false
    },
    "ob_05_elinor_030_click": {
      "start": 172,
      "end": 173.9119954648526,
      "loop": false
    },
    "ob_05_elinor_030_tap": {
      "start": 175,
      "end": 177.09068027210884,
      "loop": false
    },
    "ob_05_elinor_031": {
      "start": 179,
      "end": 182.3280045351474,
      "loop": false
    },
    "ob_05_elinor_032": {
      "start": 184,
      "end": 186.48827664399093,
      "loop": false
    },
    "ob_05_elinor_032b": {
      "start": 188,
      "end": 190.43201814058958,
      "loop": false
    },
    "ob_05_elinor_033": {
      "start": 192,
      "end": 195.2426530612245,
      "loop": false
    },
    "ob_05_elinor_034": {
      "start": 197,
      "end": 200.96802721088434,
      "loop": false
    },
    "ob_05_elinor_035": {
      "start": 202,
      "end": 204.13333333333333,
      "loop": false
    },
    "ob_05_elinor_036": {
      "start": 206,
      "end": 208.5378911564626,
      "loop": false
    },
    "ob_05_elinor_037": {
      "start": 210,
      "end": 213.11467120181405,
      "loop": false
    },
    "ob_05_elinor_038": {
      "start": 215,
      "end": 217.98668934240362,
      "loop": false
    },
    "ob_05_elinor_ari": {
      "start": 219,
      "end": 219.8213605442177,
      "loop": false
    },
    "ob_05_elinor_elinor": {
      "start": 221,
      "end": 221.75736961451247,
      "loop": false
    },
    "ob_05_elinor_koa": {
      "start": 223,
      "end": 223.93868480725624,
      "loop": false
    },
    "ob_05_elinor_olive": {
      "start": 225,
      "end": 225.9387074829932,
      "loop": false
    },
    "ob_05_elinor_tito": {
      "start": 227,
      "end": 227.6933560090703,
      "loop": false
    },
    "ob_05_elinor_twins": {
      "start": 229,
      "end": 230.81514739229024,
      "loop": false
    },
    "ob_05_koa_031": {
      "start": 232,
      "end": 234.86936507936508,
      "loop": false
    },
    "ob_05_koa_032": {
      "start": 236,
      "end": 240.14931972789117,
      "loop": false
    },
    "ob_05_koa_032b": {
      "start": 242,
      "end": 246.90668934240364,
      "loop": false
    },
    "ob_05_koa_033": {
      "start": 248,
      "end": 249.5866439909297,
      "loop": false
    },
    "ob_05_olive_031": {
      "start": 251,
      "end": 253.1226530612245,
      "loop": false
    },
    "ob_05_olive_032": {
      "start": 255,
      "end": 256.99734693877554,
      "loop": false
    },
    "ob_05_olive_032b": {
      "start": 258,
      "end": 260.1840136054422,
      "loop": false
    },
    "ob_05_olive_033": {
      "start": 262,
      "end": 263.3434693877551,
      "loop": false
    },
    "ob_05_twins_031": {
      "start": 265,
      "end": 267.3085260770975,
      "loop": false
    },
    "ob_05_twins_032": {
      "start": 269,
      "end": 270.7949659863946,
      "loop": false
    },
    "ob_05_twins_033": {
      "start": 272,
      "end": 275.34367346938774,
      "loop": false
    }
  }
}