{"model":{"version":3,"nodes":[{"name":"RootNode","position":[0,0,0],"rotation":[0,0,0],"scale":[0.01,0.01,0.01],"scaleCompensation":false},{"name":"watermellon","position":[0,0,0],"rotation":[-90,0,0],"scale":[100,100,100],"scaleCompensation":false}],"parents":[-1,0],"skins":[],"morphs":[],"vertices":[{"position":{"type":"float32","components":3,"data":[-3.84546e-09,-2.8841e-09,-1.45012,0.333718,-0.242458,-1.38282,-0.127467,-0.392308,-1.38282,0.650772,-0.472808,-1.00286,0.749799,-2.8841e-09,-1.08196,-3.84546e-09,-2.8841e-09,-1.45012,-0.127467,-0.392308,-1.38282,-0.412501,-2.8841e-09,-1.38282,-0.127467,0.392308,-1.38282,0.333718,0.242458,-1.38282,0.923069,-0.299919,-0.529429,-0.248568,-0.765027,-1.00286,0.231704,-0.713099,-1.08196,-3.84546e-09,-0.970571,-0.529429,-0.804398,-2.8841e-09,-1.00286,-0.606601,-0.44072,-1.08196,-0.923069,-0.299919,-0.529429,-0.248568,0.765027,-1.00286,-0.606601,0.44072,-1.08196,-0.570488,0.785208,-0.529429,0.650772,0.472808,-1.00286,0.231704,0.713099,-1.08196,0.570488,0.785208,-0.529429,0.570488,-0.785208,-0.529429,-0.248568,-0.765027,-1.00286,-3.84546e-09,-0.970571,-0.529429,-0.570488,-0.785208,-0.529429,-0.923069,0.299919,-0.529429,-3.84546e-09,0.970571,-0.529429,0.923069,0.299919,-0.529429,0.248568,-0.765027,1.00286,0.606601,-0.44072,1.08196,0.127467,-0.392308,1.38282,-0.650772,-0.472808,1.00286,-0.231704,-0.713099,1.08196,-0.333718,-0.242458,1.38282,-0.650772,0.472808,1.00286,-0.749799,-2.8841e-09,1.08196,-0.333718,0.242458,1.38282,0.248568,0.765027,1.00286,-0.231704,0.713099,1.08196,0.127467,0.392308,1.38282,0.804398,-2.8841e-09,1.00286,0.606601,0.44072,1.08196,0.412501,-2.8841e-09,1.38282,0.127467,0.392308,1.38282,-3.84546e-09,-2.8841e-09,1.45012,0.248568,0.765027,1.00286,-3.84546e-09,-2.8841e-09,1.45012,0.127467,-0.392308,1.38282,-0.231704,-0.713099,1.08196,0.923069,0.299919,0.529429,0.570488,0.785208,0.529429,-3.84546e-09,0.970571,0.529429,-0.570488,0.785208,0.529429,-0.923069,0.299919,0.529429,-0.923069,-0.299919,0.529429,-0.570488,-0.785208,0.529429,-3.84546e-09,-0.970571,0.529429,-3.84546e-09,-0.970571,0.529429,0.570488,-0.785208,0.529429,0.923069,-0.299919,0.529429,-3.84546e-09,0.970571,0.529429,-3.84546e-09,0.970571,-0.529429,0.231704,0.713099,-1.08196,0.333718,0.242458,-1.38282,0.951058,0.309013,0,0.951058,-0.309013,0,0.587786,-0.809017,0,-3.84546e-09,-1,0,-3.84546e-09,-1,0,-0.587786,-0.809017,0,-0.951058,-0.309013,0,-0.951058,0.309013,0,-0.587786,0.809017,0,-3.84546e-09,1,0,-3.84546e-09,1,0,0.587786,0.809017,0]},"normal":{"type":"float32","components":3,"data":[0,0,-1,0.376659,-0.273659,-0.884976,-0.143864,-0.442793,-0.884976,0.691183,-0.502182,-0.519639,0.809503,0,-0.587085,0,0,-1,-0.143864,-0.442793,-0.884976,-0.46559,0,-0.884976,-0.143864,0.442793,-0.884976,0.376659,0.273659,-0.884976,0.936644,-0.296793,-0.18601,-0.263985,-0.812555,-0.519639,0.25013,-0.76986,-0.587085,0.00714133,-0.982513,-0.18601,-0.854366,0,-0.519639,-0.654897,-0.475814,-0.587085,-0.932188,-0.310404,-0.18601,-0.263985,0.812555,-0.519639,-0.654897,0.475814,-0.587085,-0.5833,0.790643,-0.18601,0.691183,0.502182,-0.519639,0.25013,0.76986,-0.587085,0.571703,0.799066,-0.18601,0.571703,-0.799066,-0.18601,-0.263985,-0.812555,-0.519639,0.00714133,-0.982513,-0.18601,-0.5833,-0.790643,-0.18601,-0.932188,0.310404,-0.18601,0.00714133,0.982513,-0.18601,0.936644,0.296793,-0.18601,0.263985,-0.812555,0.519639,0.654897,-0.475814,0.587085,0.143864,-0.442793,0.884976,-0.691183,-0.502182,0.519639,-0.25013,-0.76986,0.587085,-0.376659,-0.273659,0.884976,-0.691183,0.502182,0.519639,-0.809503,0,0.587085,-0.376659,0.273659,0.884976,0.263985,0.812555,0.519639,-0.25013,0.76986,0.587085,0.143864,0.442793,0.884976,0.854366,0,0.519639,0.654897,0.475814,0.587085,0.46559,0,0.884976,0.143864,0.442793,0.884976,0,0,1,0.263985,0.812555,0.519639,0,0,1,0.143864,-0.442793,0.884976,-0.25013,-0.76986,0.587085,0.932188,0.310404,0.18601,0.5833,0.790643,0.18601,-0.00714133,0.982513,0.18601,-0.571703,0.799066,0.18601,-0.936644,0.296793,0.18601,-0.936644,-0.296793,0.18601,-0.571703,-0.799066,0.18601,-0.00714133,-0.982513,0.18601,-0.00714133,-0.982513,0.18601,0.5833,-0.790643,0.18601,0.932188,-0.310404,0.18601,-0.00714133,0.982513,0.18601,0.00714133,0.982513,-0.18601,0.25013,0.76986,-0.587085,0.376659,0.273659,-0.884976,0.951048,0.309,0,0.951048,-0.309,0,0.587756,-0.809015,0,0,-1,0,0,-1,0,-0.587756,-0.809015,0,-0.951048,-0.309,0,-0.951048,0.309,0,-0.587756,0.809015,0,0,1,0,0,1,0,0.587756,0.809015,0]},"texCoord0":{"type":"float32","components":2,"data":[0.249362,0.989197,0.280677,0.915251,0.339958,0.987759,0.310891,0.836198,0.240292,0.835966,0.776747,0.612755,0.685989,0.593602,0.757796,0.535309,0.835765,0.555599,0.863289,0.64732,0.290071,0.75962,0.445918,0.938943,0.370619,0.88394,0.478459,0.820651,0.746465,0.456071,0.68205,0.487487,0.699451,0.39406,0.886979,0.479621,0.812544,0.470356,0.866285,0.391581,0.167361,0.823434,0.0850291,0.86103,0.11813,0.746622,0.374484,0.780342,0.596769,0.516858,0.505336,0.439482,0.61116,0.411244,0.780375,0.387596,0.978056,0.413191,0.208095,0.749271,0.430291,0.533111,0.353808,0.532601,0.390388,0.437826,0.662073,0.170485,0.586314,0.115973,0.694202,0.0898167,0.799174,0.170601,0.732383,0.166797,0.773565,0.0942615,0.935123,0.0762679,0.858903,0.126986,0.831402,0.0229486,0.284548,0.542142,0.221306,0.505925,0.301262,0.461252,0.230709,0.401335,0.318839,0.38396,0.137832,0.470563,0.739515,0.0226922,0.648231,0.00716183,0.502468,0.47603,0.232235,0.601399,0.144526,0.577319,0.959872,0.1944,0.857983,0.228458,0.774266,0.243197,0.693428,0.246309,0.60334,0.239327,0.489604,0.221913,0.504962,0.608899,0.399533,0.618121,0.313471,0.614601,0.0379616,0.540814,0.010711,0.751378,0.947922,0.554272,0.187543,0.923121,0.217666,0.674744,0.303336,0.687294,0.393766,0.700319,0.504962,0.715362,0.484972,0.332844,0.599899,0.325461,0.693576,0.320096,0.779018,0.315256,0.869703,0.309757,0.983795,0.301316,0.0129341,0.645665,0.124816,0.661084]}}],"meshes":[{"aabb":{"min":[-0.951058,-1,-1.45012],"max":[0.951058,1,1.45012]},"vertices":0,"indices":[0,1,2,3,1,4,5,6,7,5,7,8,5,8,9,3,4,10,11,12,13,14,15,16,17,18,19,20,21,22,3,10,23,24,25,26,14,16,27,17,19,28,20,22,29,30,31,32,33,34,35,36,37,38,39,40,41,42,43,44,44,45,46,44,43,45,43,47,45,41,38,48,41,40,38,40,36,38,38,35,48,38,37,35,37,33,35,35,49,48,35,34,49,50,30,32,32,44,46,32,31,44,31,42,44,51,43,42,51,52,43,52,47,43,53,40,39,53,54,40,54,36,40,55,37,36,55,56,37,56,33,37,57,34,33,57,58,34,59,30,50,60,31,30,60,61,31,61,42,31,52,62,47,22,21,63,64,17,28,54,55,36,19,18,27,18,14,27,56,57,33,16,15,26,15,24,26,59,60,30,13,12,23,12,3,23,61,51,42,10,4,29,4,20,29,65,21,20,9,8,64,8,17,64,8,18,17,8,7,18,7,14,18,7,15,14,7,6,15,6,24,15,4,65,20,4,1,65,1,0,65,2,12,11,2,1,12,1,3,12,61,66,51,66,61,67,60,67,61,67,60,68,60,69,68,69,60,59,57,70,58,70,57,71,57,72,71,72,57,56,55,72,56,72,55,73,54,73,55,73,54,74,54,75,74,75,54,53,52,76,62,76,52,77,52,66,77,66,52,51,66,22,77,22,66,29,76,22,63,22,76,77,75,19,74,19,75,28,73,19,27,19,73,74,73,16,72,16,73,27,72,26,71,26,72,16,70,26,25,26,70,71,69,23,68,23,69,13,67,23,10,23,67,68,67,29,66,29,67,10],"type":"triangles","base":0,"count":360}],"meshInstances":[{"node":1,"mesh":0}]}}