{
  "resources": [
    "olive_fact.mp3"
  ],
  "spritemap": {
    "silence": {
      "start": 0,
      "end": 1,
      "loop": true
    },
    "fact_ant_001": {
      "start": 1.5,
      "end": 6.772018140589569,
      "loop": false
    },
    "fact_aphid_001": {
      "start": 8,
      "end": 11.861360544217687,
      "loop": false
    },
    "fact_branch_001": {
      "start": 12.5,
      "end": 17.755714285714284,
      "loop": false
    },
    "fact_bumble_bee_001": {
      "start": 19,
      "end": 22.50936507936508,
      "loop": false
    },
    "fact_centipede_001": {
      "start": 23.5,
      "end": 26.161360544217686,
      "loop": false
    },
    "fact_flowers_001": {
      "start": 27,
      "end": 32.23734693877551,
      "loop": false
    },
    "fact_grasshopper_001": {
      "start": 33.5,
      "end": 36.33201814058957,
      "loop": false
    },
    "fact_ground_001": {
      "start": 37,
      "end": 42.25866213151927,
      "loop": false
    },
    "fact_honey_bee_001": {
      "start": 43.5,
      "end": 49.241360544217684,
      "loop": false
    },
    "fact_hummingbird_001": {
      "start": 50,
      "end": 55.89866213151927,
      "loop": false
    },
    "fact_ladybug_larvae_001": {
      "start": 56.5,
      "end": 60.28666666666667,
      "loop": false
    },
    "fact_mantis_nymph_001": {
      "start": 61,
      "end": 65.60267573696146,
      "loop": false
    },
    "fact_monarch_caterpillar_001": {
      "start": 66.5,
      "end": 71.06,
      "loop": false
    },
    "fact_plants_001": {
      "start": 72,
      "end": 75.41065759637188,
      "loop": false
    },
    "fact_robin_001": {
      "start": 76.5,
      "end": 82.05965986394558,
      "loop": false
    },
    "fact_rolypoly_001": {
      "start": 83,
      "end": 88.58698412698413,
      "loop": false
    },
    "fact_shrike_001": {
      "start": 89.5,
      "end": 95.77201814058957,
      "loop": false
    },
    "fact_skink_001": {
      "start": 97,
      "end": 103.07201814058956,
      "loop": false
    },
    "fact_snail_001": {
      "start": 104.5,
      "end": 107.90267573696146,
      "loop": false
    },
    "fact_snake_001": {
      "start": 109,
      "end": 112.76,
      "loop": false
    },
    "fact_spider_001": {
      "start": 113.5,
      "end": 118.3533560090703,
      "loop": false
    },
    "fact_swallowtail_caterpillar_001": {
      "start": 119,
      "end": 123.54401360544217,
      "loop": false
    },
    "fact_tiger_beetle_larvae_001": {
      "start": 124.5,
      "end": 130.9053514739229,
      "loop": false
    },
    "fact_treehopper_001": {
      "start": 132,
      "end": 137.23734693877552,
      "loop": false
    },
    "fact_wasp_001": {
      "start": 138.5,
      "end": 142.18,
      "loop": false
    },
    "fact_worm_001": {
      "start": 143,
      "end": 150.50936507936507,
      "loop": false
    }
  },
  "autoplay": "silence"
}