{
  "resources": [
    "olive_magnify.mp3"
  ],
  "spritemap": {
    "silence": {
      "start": 0,
      "end": 1,
      "loop": true
    },
    "magnify_ant_001": {
      "start": 1.5,
      "end": 6.62,
      "loop": false
    },
    "magnify_ant_002": {
      "start": 8,
      "end": 13.512018140589568,
      "loop": false
    },
    "magnify_aphid_001": {
      "start": 14.5,
      "end": 23.73734693877551,
      "loop": false
    },
    "magnify_aphid_002": {
      "start": 25,
      "end": 27.741360544217688,
      "loop": false
    },
    "magnify_bumble_bee_001": {
      "start": 28.5,
      "end": 33.516009070294785,
      "loop": false
    },
    "magnify_bumble_bee_002": {
      "start": 35,
      "end": 39.36267573696145,
      "loop": false
    },
    "magnify_centipede_001": {
      "start": 40.5,
      "end": 45.793356009070294,
      "loop": false
    },
    "magnify_centipede_002": {
      "start": 47,
      "end": 51.88,
      "loop": false
    },
    "magnify_flowers_001": {
      "start": 52.5,
      "end": 55.486666666666665,
      "loop": false
    },
    "magnify_flowers_002": {
      "start": 56,
      "end": 59.34936507936508,
      "loop": false
    },
    "magnify_grasshopper_001": {
      "start": 60.5,
      "end": 68.22267573696145,
      "loop": false
    },
    "magnify_grasshopper_002": {
      "start": 69,
      "end": 73.64,
      "loop": false
    },
    "magnify_ground_001": {
      "start": 74.5,
      "end": 79.04401360544217,
      "loop": false
    },
    "magnify_ground_2_001": {
      "start": 80,
      "end": 83.00267573696145,
      "loop": false
    },
    "magnify_honey_bee_001": {
      "start": 84.5,
      "end": 89.3480045351474,
      "loop": false
    },
    "magnify_honey_bee_002": {
      "start": 90,
      "end": 96.30401360544218,
      "loop": false
    },
    "magnify_hummingbird_001": {
      "start": 97.5,
      "end": 103.04666666666667,
      "loop": false
    },
    "magnify_hummingbird_002": {
      "start": 104,
      "end": 114.81600907029478,
      "loop": false
    },
    "magnify_ladybug_001": {
      "start": 115.5,
      "end": 123.72401360544218,
      "loop": false
    },
    "magnify_ladybug_002": {
      "start": 125,
      "end": 133.10666666666665,
      "loop": false
    },
    "magnify_ladybug_larvae_001": {
      "start": 134.5,
      "end": 139.74267573696144,
      "loop": false
    },
    "magnify_ladybug_larvae_002": {
      "start": 141,
      "end": 144.18367346938774,
      "loop": false
    },
    "magnify_mantis_001": {
      "start": 145.5,
      "end": 152.68936507936507,
      "loop": false
    },
    "magnify_mantis_002": {
      "start": 154,
      "end": 161.04,
      "loop": false
    },
    "magnify_mantis_nymph_001": {
      "start": 162.5,
      "end": 168.6306575963719,
      "loop": false
    },
    "magnify_mantis_nymph_002": {
      "start": 170,
      "end": 176.30936507936508,
      "loop": false
    },
    "magnify_monarch_butterfly_001": {
      "start": 177.5,
      "end": 185.3133560090703,
      "loop": false
    },
    "magnify_monarch_butterfly_002": {
      "start": 186,
      "end": 192.37866213151926,
      "loop": false
    },
    "magnify_monarch_caterpillar_001": {
      "start": 193.5,
      "end": 199.9213605442177,
      "loop": false
    },
    "magnify_monarch_caterpillar_002": {
      "start": 201,
      "end": 206.1653514739229,
      "loop": false
    },
    "magnify_plants_001": {
      "start": 207.5,
      "end": 210.52401360544218,
      "loop": false
    },
    "magnify_plants_002": {
      "start": 212,
      "end": 215.98666666666668,
      "loop": false
    },
    "magnify_robin_001": {
      "start": 216.5,
      "end": 220.73467120181405,
      "loop": false
    },
    "magnify_robin_002": {
      "start": 222,
      "end": 225.92800453514738,
      "loop": false
    },
    "magnify_rolypoly_001": {
      "start": 226.5,
      "end": 230.13201814058957,
      "loop": false
    },
    "magnify_rolypoly_002": {
      "start": 231,
      "end": 234.71201814058958,
      "loop": false
    },
    "magnify_shrike_001": {
      "start": 235.5,
      "end": 241.4680045351474,
      "loop": false
    },
    "magnify_shrike_002": {
      "start": 242,
      "end": 246.0960090702948,
      "loop": false
    },
    "magnify_skink_001": {
      "start": 247.5,
      "end": 251.8680045351474,
      "loop": false
    },
    "magnify_skink_002": {
      "start": 253,
      "end": 257.9173469387755,
      "loop": false
    },
    "magnify_snail_001": {
      "start": 258.5,
      "end": 263.34267573696144,
      "loop": false
    },
    "magnify_snail_002": {
      "start": 264,
      "end": 268.4773469387755,
      "loop": false
    },
    "magnify_snake_001": {
      "start": 269.5,
      "end": 273.8653514739229,
      "loop": false
    },
    "magnify_snake_002": {
      "start": 275,
      "end": 279.2133560090703,
      "loop": false
    },
    "magnify_spider_001": {
      "start": 280.5,
      "end": 286.08936507936505,
      "loop": false
    },
    "magnify_spider_002": {
      "start": 287,
      "end": 291.9520181405896,
      "loop": false
    },
    "magnify_swallowtail_butterfly_001": {
      "start": 292.5,
      "end": 298.6813605442177,
      "loop": false
    },
    "magnify_swallowtail_butterfly_002": {
      "start": 300,
      "end": 308.1733560090703,
      "loop": false
    },
    "magnify_swallowtail_caterpillar_001": {
      "start": 309.5,
      "end": 314.8973469387755,
      "loop": false
    },
    "magnify_swallowtail_caterpillar_002": {
      "start": 316,
      "end": 323.6160090702948,
      "loop": false
    },
    "magnify_tiger_beetle_001": {
      "start": 324.5,
      "end": 329.6146712018141,
      "loop": false
    },
    "magnify_tiger_beetle_002": {
      "start": 331,
      "end": 335.13866213151925,
      "loop": false
    },
    "magnify_tiger_beetle_larvae_001": {
      "start": 336.5,
      "end": 341.7106575963719,
      "loop": false
    },
    "magnify_tiger_beetle_larvae_002": {
      "start": 343,
      "end": 348.4266666666667,
      "loop": false
    },
    "magnify_treehopper_001": {
      "start": 349.5,
      "end": 355.1373469387755,
      "loop": false
    },
    "magnify_treehopper_002": {
      "start": 356,
      "end": 361.2213605442177,
      "loop": false
    },
    "magnify_wasp_001": {
      "start": 362.5,
      "end": 366.5640136054422,
      "loop": false
    },
    "magnify_wasp_002": {
      "start": 368,
      "end": 372.81065759637187,
      "loop": false
    },
    "magnify_worm_001": {
      "start": 373.5,
      "end": 376.88666666666666,
      "loop": false
    },
    "magnify_worm_002": {
      "start": 378,
      "end": 382.7040136054422,
      "loop": false
    }
  },
  "autoplay": "silence"
}