{
  "resources": [
    "elinor.mp3"
  ],
  "spritemap": {
    "vo_01_elinor_001": {
      "start": 0,
      "end": 1.6426984126984128,
      "loop": false
    },
    "vo_01_elinor_002": {
      "start": 3,
      "end": 3.917369614512472,
      "loop": false
    },
    "vo_01_elinor_003": {
      "start": 5,
      "end": 6.088027210884354,
      "loop": false
    },
    "vo_01_elinor_004": {
      "start": 8,
      "end": 9.066689342403627,
      "loop": false
    },
    "vo_01_elinor_005": {
      "start": 11,
      "end": 12.045374149659864,
      "loop": false
    },
    "vo_01_elinor_006": {
      "start": 14,
      "end": 14.917369614512472,
      "loop": false
    },
    "vo_01_elinor_007": {
      "start": 16,
      "end": 19.328004535147393,
      "loop": false
    },
    "vo_01_elinor_008": {
      "start": 21,
      "end": 23.48827664399093,
      "loop": false
    },
    "vo_01_elinor_010": {
      "start": 25,
      "end": 26.64269841269841,
      "loop": false
    },
    "vo_01_elinor_011": {
      "start": 28,
      "end": 31.56265306122449,
      "loop": false
    },
    "vo_01_elinor_012": {
      "start": 33,
      "end": 34.55083900226757,
      "loop": false
    },
    "vo_01_elinor_013": {
      "start": 36,
      "end": 37.67895691609977,
      "loop": false
    },
    "vo_01_elinor_014": {
      "start": 39,
      "end": 40.698412698412696,
      "loop": false
    },
    "vo_01_elinor_015": {
      "start": 42,
      "end": 43.05603174603175,
      "loop": false
    },
    "vo_01_elinor_016": {
      "start": 45,
      "end": 46.62136054421769,
      "loop": false
    },
    "vo_01_elinor_017": {
      "start": 48,
      "end": 49.92002267573696,
      "loop": false
    },
    "vo_01_elinor_018": {
      "start": 51,
      "end": 51.821337868480725,
      "loop": false
    },
    "vo_01_elinor_019": {
      "start": 53,
      "end": 54.02401360544218,
      "loop": false
    },
    "vo_01_elinor_020": {
      "start": 56,
      "end": 56.76800453514739,
      "loop": false
    },
    "vo_01_elinor_021": {
      "start": 58,
      "end": 58.810702947845805,
      "loop": false
    },
    "vo_01_elinor_022": {
      "start": 60,
      "end": 60.810702947845805,
      "loop": false
    },
    "vo_01_elinor_023": {
      "start": 62,
      "end": 62.63437641723356,
      "loop": false
    },
    "vo_01_elinor_024": {
      "start": 64,
      "end": 64.83204081632653,
      "loop": false
    },
    "vo_01_elinor_025": {
      "start": 66,
      "end": 67.51469387755103,
      "loop": false
    },
    "vo_01_elinor_026": {
      "start": 69,
      "end": 70.51469387755103,
      "loop": false
    },
    "vo_01_elinor_026a": {
      "start": 72,
      "end": 73.3695918367347,
      "loop": false
    },
    "vo_01_elinor_026b": {
      "start": 75,
      "end": 76.29848072562358,
      "loop": false
    },
    "vo_01_elinor_027": {
      "start": 78,
      "end": 79.1036507936508,
      "loop": false
    },
    "vo_01_elinor_028": {
      "start": 81,
      "end": 84.13290249433106,
      "loop": false
    },
    "vo_01_elinor_029": {
      "start": 86,
      "end": 87.66403628117914,
      "loop": false
    },
    "vo_01_elinor_030": {
      "start": 89,
      "end": 90.92,
      "loop": false
    },
    "vo_01_elinor_030a": {
      "start": 92,
      "end": 93.7707029478458,
      "loop": false
    },
    "vo_01_elinor_030b": {
      "start": 95,
      "end": 96.66403628117914,
      "loop": false
    },
    "vo_01_elinor_031": {
      "start": 98,
      "end": 100.2345351473923,
      "loop": false
    },
    "vo_01_elinor_032": {
      "start": 102,
      "end": 105.0035827664399,
      "loop": false
    },
    "vo_01_elinor_033": {
      "start": 107,
      "end": 108.10303854875283,
      "loop": false
    }
  }
}