{
  "resources": [
    "onboarding_02.mp3"
  ],
  "spritemap": {
    "ob_02_elinor_001": {
      "start": 0,
      "end": 2.922698412698413,
      "loop": false
    },
    "ob_02_elinor_002": {
      "start": 4,
      "end": 6.581360544217687,
      "loop": false
    },
    "ob_02_elinor_003_click": {
      "start": 8,
      "end": 11.968027210884355,
      "loop": false
    },
    "ob_02_elinor_003_tap": {
      "start": 13,
      "end": 17.07469387755102,
      "loop": false
    },
    "ob_02_elinor_004": {
      "start": 19,
      "end": 21.090702947845806,
      "loop": false
    },
    "ob_02_elinor_005": {
      "start": 23,
      "end": 26.456031746031748,
      "loop": false
    }
  }
}