{
  "resources": [
    "..\\..\\assets\\sounds\\sfx.ogg",
    "..\\..\\assets\\sounds\\sfx.m4a",
    "..\\..\\assets\\sounds\\sfx.mp3",
    "..\\..\\assets\\sounds\\sfx.ac3"
  ],
  "spritemap": {
    "ambient": {
      "start": 0,
      "end": 19.88780045351474,
      "loop": false
    },
    "bad": {
      "start": 21,
      "end": 24.858616780045352,
      "loop": false
    },
    "bar": {
      "start": 26,
      "end": 26.81859410430839,
      "loop": false
    },
    "Bear_ha1": {
      "start": 28,
      "end": 28.68403628117914,
      "loop": false
    },
    "Bear_ha2": {
      "start": 30,
      "end": 33.3584126984127,
      "loop": false
    },
    "Bear_ha3": {
      "start": 35,
      "end": 37.2081179138322,
      "loop": false
    },
    "Bear_ha4": {
      "start": 39,
      "end": 40.848662131519276,
      "loop": false
    },
    "Bear_ha5": {
      "start": 42,
      "end": 42.73151927437642,
      "loop": false
    },
    "Bear_ha6": {
      "start": 44,
      "end": 44.426802721088436,
      "loop": false
    },
    "click": {
      "start": 46,
      "end": 46.193492063492066,
      "loop": false
    },
    "ding": {
      "start": 48,
      "end": 48.72167800453515,
      "loop": false
    },
    "good": {
      "start": 50,
      "end": 53.900566893424035,
      "loop": false
    },
    "kick": {
      "start": 55,
      "end": 55.42013605442177,
      "loop": false
    },
    "over": {
      "start": 57,
      "end": 57.023650793650795,
      "loop": false
    },
    "Robot_Theme": {
      "start": 59,
      "end": 175.71954648526076,
      "loop": false
    },
    "whistle": {
      "start": 177,
      "end": 178.27027210884353,
      "loop": false
    },
    "bonus": {
      "start": 180,
      "end": 180.6857596371882,
      "loop": false
    }
  }
}