{
  "resources": [
    "onboarding_04.mp3"
  ],
  "spritemap": {
    "ob_04_elinor_001": {
      "start": 0,
      "end": 3.8836281179138323,
      "loop": false
    },
    "ob_04_elinor_002": {
      "start": 5,
      "end": 10.546666666666667,
      "loop": false
    },
    "ob_04_elinor_003": {
      "start": 12,
      "end": 16.583492063492063,
      "loop": false
    },
    "ob_04_elinor_005": {
      "start": 18,
      "end": 21.30668934240363,
      "loop": false
    },
    "ob_04_elinor_006": {
      "start": 23,
      "end": 25.922698412698413,
      "loop": false
    },
    "ob_04_elinor_007": {
      "start": 27,
      "end": 31.138684807256237,
      "loop": false
    },
    "ob_04_elinor_008": {
      "start": 33,
      "end": 36.66936507936508,
      "loop": false
    },
    "ob_04_elinor_009": {
      "start": 38,
      "end": 43.03469387755102,
      "loop": false
    }
  }
}