{"model":{"version":3,"nodes":[{"name":"RootNode","position":[0,0,0],"rotation":[0,0,0],"scale":[0.01,0.01,0.01],"scaleCompensation":false},{"name":"Cube","position":[0,0,0],"rotation":[0,0,0],"scale":[1,1,0.0775],"scaleCompensation":false}],"parents":[-1,0],"skins":[],"morphs":[],"vertices":[{"position":{"type":"float32","components":3,"data":[-190.155,0,100,-203.246,631.273,100.001,-203.246,631.273,-99.9993,-190.155,0,-100,-190.155,0,-100,-203.246,631.273,-99.9993,-128.915,292.047,-99.9995,-128.915,391.2,-99.9997,184.127,0,100,201.921,628.698,-99.9993,201.921,628.698,100.001,184.127,0,-100,184.127,0,100,201.921,628.698,100.001,139.392,292.047,100,139.392,391.2,100.001,184.127,0,100,-190.155,0,100,-190.155,0,-100,184.127,0,-100,-220.19,631.381,-99.9993,-202.808,700.211,-99.9993,-203.246,631.273,-99.9993,-219.752,700.319,-99.9993,-168.168,698.739,100.001,-168.168,698.739,-99.9993,-202.808,700.211,100.001,-202.808,700.211,-99.9993,201.921,628.698,100.001,202.359,697.636,100.001,168.133,698.694,100.001,168.133,698.694,-99.9993,-168.168,698.739,-99.9993,-0.224519,812.355,-99.9991,219.732,628.585,100.001,220.17,697.523,100.001,202.359,697.636,100.001,201.921,628.698,100.001,202.359,697.636,100.001,202.359,697.636,-99.9993,168.133,698.694,100.001,168.133,698.694,-99.9993,168.133,698.694,100.001,-0.224519,812.355,-99.9991,-0.224519,812.355,100.001,168.133,698.694,-99.9993,-168.168,698.739,100.001,-0.224519,812.355,100.001,-0.224519,812.355,-99.9991,-168.168,698.739,-99.9993,-219.752,700.319,100.001,-220.19,631.381,-99.9993,-220.19,631.381,100.001,-219.752,700.319,-99.9993,-220.19,631.381,100.001,-203.246,631.273,-99.9993,-203.246,631.273,100.001,-220.19,631.381,-99.9993,-202.808,700.211,100.001,-220.19,631.381,100.001,-203.246,631.273,100.001,-219.752,700.319,100.001,-219.752,700.319,-99.9993,-219.752,700.319,100.001,-202.808,700.211,100.001,-202.808,700.211,-99.9993,220.17,697.523,-99.9993,220.17,697.523,100.001,219.732,628.585,100.001,219.732,628.585,-99.9993,220.17,697.523,100.001,202.359,697.636,-99.9993,202.359,697.636,100.001,220.17,697.523,-99.9993,219.732,628.585,-99.9993,219.732,628.585,100.001,201.921,628.698,100.001,201.921,628.698,-99.9993,219.732,628.585,-99.9993,202.359,697.636,-99.9993,220.17,697.523,-99.9993,201.921,628.698,-99.9993,85.2353,500.492,100.001,28.5946,520.861,-99.9994,85.2353,500.492,-99.9995,28.5946,520.861,100.001,-203.246,631.273,100.001,-128.915,391.2,100,-118.476,445.35,100.001,-78.7254,492.544,100.001,-23.0783,519.867,-99.9994,-23.0783,519.867,100.001,-78.7254,492.544,-99.9995,-128.915,391.2,100,-118.476,445.35,-99.9995,-118.476,445.35,100.001,-128.915,391.2,-99.9997,127.962,451.063,100,85.2353,500.492,-99.9995,127.962,451.063,-99.9996,85.2353,500.492,100.001,139.392,292.047,100,139.392,391.2,-99.9995,139.392,292.047,-99.9995,139.392,391.2,100.001,127.962,451.063,100,139.392,391.2,-99.9995,139.392,391.2,100.001,127.962,451.063,-99.9996,28.5946,520.861,100.001,-23.0783,519.867,-99.9994,28.5946,520.861,-99.9994,-23.0783,519.867,100.001,-78.7254,492.544,100.001,-118.476,445.35,-99.9995,-78.7254,492.544,-99.9995,-118.476,445.35,100.001,-128.915,391.2,100,-128.915,292.047,-99.9995,-128.915,391.2,-99.9997,-128.915,292.047,100,201.921,628.698,-99.9993,139.392,391.2,-99.9995,127.962,451.063,-99.9996,-128.915,292.047,100,139.392,292.047,-99.9995,-128.915,292.047,-99.9995,139.392,292.047,100,-203.246,631.273,100.001,-128.915,292.047,100,-128.915,391.2,100,-190.155,0,100,-203.246,631.273,100.001,-118.476,445.35,100.001,-78.7254,492.544,100.001,-203.246,631.273,100.001,-78.7254,492.544,100.001,-23.0783,519.867,100.001,139.392,391.2,100.001,201.921,628.698,100.001,127.962,451.063,100,127.962,451.063,100,201.921,628.698,100.001,85.2353,500.492,100.001,85.2353,500.492,100.001,201.921,628.698,100.001,28.5946,520.861,100.001,-203.246,631.273,100.001,-23.0783,519.867,100.001,28.5946,520.861,100.001,201.921,628.698,100.001,-203.246,631.273,100.001,28.5946,520.861,100.001,-128.915,292.047,100,184.127,0,100,139.392,292.047,100,-190.155,0,100,-128.915,292.047,-99.9995,184.127,0,-100,-190.155,0,-100,139.392,292.047,-99.9995,201.921,628.698,-99.9993,184.127,0,-100,139.392,292.047,-99.9995,139.392,391.2,-99.9995,201.921,628.698,-99.9993,127.962,451.063,-99.9996,85.2353,500.492,-99.9995,201.921,628.698,-99.9993,85.2353,500.492,-99.9995,28.5946,520.861,-99.9994,-203.246,631.273,-99.9993,201.921,628.698,-99.9993,28.5946,520.861,-99.9994,-203.246,631.273,-99.9993,-23.0783,519.867,-99.9994,-78.7254,492.544,-99.9995,-23.0783,519.867,-99.9994,-203.246,631.273,-99.9993,28.5946,520.861,-99.9994,-203.246,631.273,-99.9993,-78.7254,492.544,-99.9995,-118.476,445.35,-99.9995,-128.915,391.2,-99.9997,-203.246,631.273,-99.9993,-118.476,445.35,-99.9995,-203.246,631.273,-99.9993,-202.808,700.211,-99.9993,-168.168,698.739,-99.9993,202.359,697.636,-99.9993,201.921,628.698,-99.9993,168.133,698.694,-99.9993,-168.168,698.739,-99.9993,201.921,628.698,-99.9993,-203.246,631.273,-99.9993,168.133,698.694,-99.9993,-202.808,700.211,100.001,-203.246,631.273,100.001,-168.168,698.739,100.001,-168.168,698.739,100.001,168.133,698.694,100.001,-0.224519,812.355,100.001]},"normal":{"type":"float32","components":3,