{"model":{"version":3,"nodes":[{"name":"RootNode","position":[0,0,0],"rotation":[0,0,0],"scale":[0.01,0.01,0.01],"scaleCompensation":false},{"name":"toy_blocks_cube","position":[0,0,0],"rotation":[-90,0,0],"scale":[100,100,100],"scaleCompensation":false}],"parents":[-1,0],"skins":[],"morphs":[],"vertices":[{"position":{"type":"float32","components":3,"data":[-0.345949,-0.374,0.345949,0.345949,-0.374,-0.345949,0.345949,-0.374,0.345949,-0.345949,-0.374,-0.345949,0.374,-0.345949,0.345949,0.374,0.345949,-0.345949,0.374,0.345949,0.345949,0.374,-0.345949,-0.345949,-0.345949,0.345949,0.374,-0.345949,-0.345949,0.374,0.345949,0.345949,0.374,0.345949,-0.345949,0.374,-0.374,0.345949,0.345949,-0.374,-0.345949,-0.345949,-0.374,-0.345949,0.345949,-0.374,0.345949,-0.345949,0.345949,0.374,0.345949,-0.345949,0.374,-0.345949,-0.345949,0.374,0.345949,0.345949,0.374,-0.345949,-0.345949,-0.345949,-0.374,-0.345949,-0.374,-0.345949,-0.374,-0.345949,-0.345949,-0.345949,-0.374,0.345949,-0.374,-0.345949,0.345949,-0.345949,0.345949,-0.374,-0.374,0.345949,-0.345949,-0.345949,0.374,-0.345949,-0.345949,0.374,0.345949,-0.374,0.345949,0.345949,0.345949,-0.345949,-0.374,0.374,-0.345949,-0.345949,0.345949,-0.374,-0.345949,0.345949,-0.374,0.345949,0.374,-0.345949,0.345949,0.345949,0.345949,-0.374,0.345949,0.374,-0.345949,0.374,0.345949,-0.345949,0.374,0.345949,0.345949,0.345949,0.374,0.345949,0.345949,-0.374,0.345949,0.345949,-0.374,-0.345949]},"normal":{"type":"float32","components":3,"data":[-0.341563,-0.875576,0.341563,0.341563,-0.875576,-0.341563,0.341563,-0.875576,0.341563,-0.341563,-0.875576,-0.341563,0.875576,-0.341563,0.341563,0.875576,0.341563,-0.341563,0.875576,0.341563,0.341563,0.875576,-0.341563,-0.341563,-0.341563,0.341563,0.875576,-0.341563,-0.341563,0.875576,0.341563,0.341563,0.875576,0.341563,-0.341563,0.875576,-0.875576,0.341563,0.341563,-0.875576,-0.341563,-0.341563,-0.875576,-0.341563,0.341563,-0.875576,0.341563,-0.341563,0.341563,0.875576,0.341563,-0.341563,0.875576,-0.341563,-0.341563,0.875576,0.341563,0.341563,0.875576,-0.341563,-0.341563,-0.341563,-0.875576,-0.341563,-0.875576,-0.341563,-0.875576,-0.341563,-0.341563,-0.341563,-0.875576,0.341563,-0.875576,-0.341563,0.341563,-0.341563,0.341563,-0.875576,-0.875576,0.341563,-0.341563,-0.341563,0.875576,-0.341563,-0.341563,0.875576,0.341563,-0.875576,0.341563,0.341563,0.341563,-0.341563,-0.875576,0.875576,-0.341563,-0.341563,0.341563,-0.875576,-0.341563,0.341563,-0.875576,0.341563,0.875576,-0.341563,0.341563,0.341563,0.341563,-0.875576,0.341563,0.875576,-0.341563,0.875576,0.341563,-0.341563,0.875576,0.341563,0.341563,0.341563,0.875576,0.341563,0.341563,-0.875576,0.341563,0.341563,-0.875576,-0.341563]},"texCoord0":{"type":"float32","components":2,"data":[0.341956,0.505127,0.189326,0.657757,0.341956,0.657757,0.189326,0.505127,0.341956,0.0209829,0.189326,0.173613,0.341956,0.173613,0.189326,0.0209829,0.581716,0.884882,0.581716,0.733268,0.733329,0.884882,0.733329,0.733268,0.341956,0.343745,0.189326,0.496376,0.341956,0.496376,0.189326,0.343745,0.341956,0.182364,0.189326,0.334994,0.341956,0.334994,0.189326,0.182364,0.927607,0.738333,0.927607,0.72964,0.936802,0.738333,0.581716,0.724575,0.573023,0.733268,0.927607,0.889946,0.936802,0.889946,0.927607,0.898639,0.581716,0.893574,0.573023,0.884882,0.767238,0.738333,0.758044,0.738333,0.767238,0.72964,0.733329,0.724575,0.742022,0.733268,0.767238,0.889946,0.767238,0.898639,0.758044,0.889946,0.742022,0.884882,0.733329,0.893574,0.341956,0.0122319,0.189326,0.0122319]}}],"meshes":[{"aabb":{"min":[-0.374,-0.374,-0.374],"max":[0.374,0.374,0.374]},"vertices":0,"indices":[0,1,2,1,0,3,4,5,6,5,4,7,8,9,10,10,9,11,12,13,14,13,12,15,16,17,18,17,16,19,20,21,22,23,9,24,25,26,27,8,28,29,30,31,32,11,33,34,35,36,37,10,38,39,22,25,20,25,22,26,14,3,0,3,14,13,29,9,8,9,29,24,15,12,18,18,17,15,27,36,35,27,35,25,8,10,39,8,39,28,19,16,6,6,5,19,37,31,30,30,35,37,34,38,10,10,11,34,7,4,40,40,41,7,32,21,20,32,20,30,11,9,23,11,23,33,30,20,25,30,25,35],"type":"triangles","base":0,"count":132}],"meshInstances":[{"node":1,"mesh":0}]}}