{
  "resources": [
    "audiosprite.ogg",
    "audiosprite.m4a",
    "audiosprite.mp3"
  ],
  "spritemap": {
    "ASP_10.0_258": {
      "start": 0,
      "end": 0.748140589569161,
      "loop": false
    },
    "ASP_10.0_259": {
      "start": 1.5,
      "end": 2.11312925170068,
      "loop": false
    },
    "ASP_10.0_263": {
      "start": 3,
      "end": 3.933764172335601,
      "loop": false
    },
    "ASP_6.0_132": {
      "start": 4.5,
      "end": 6.877256235827664,
      "loop": false
    },
    "ASP_6.0_132A": {
      "start": 8,
      "end": 12.80172335600907,
      "loop": false
    },
    "ASP_6.0_133": {
      "start": 13.5,
      "end": 16.63875283446712,
      "loop": false
    },
    "ASP_6.0_134": {
      "start": 18,
      "end": 19.57501133786848,
      "loop": false
    },
    "ASP_6.0_135": {
      "start": 20.5,
      "end": 26.37251700680272,
      "loop": false
    },
    "ASP_6.0_136": {
      "start": 27,
      "end": 31.30875283446712,
      "loop": false
    },
    "ASP_6.0_137": {
      "start": 32.5,
      "end": 35.63875283446712,
      "loop": false
    },
    "ASP_6.0_138": {
      "start": 37,
      "end": 50.90893424036281,
      "loop": false
    },
    "ASP_6.0_139": {
      "start": 51.5,
      "end": 54.059387755102044,
      "loop": false
    },
    "ASP_6.0_140": {
      "start": 55,
      "end": 55.89541950113379,
      "loop": false
    },
    "ASP_6.0_141": {
      "start": 56.5,
      "end": 58.13977324263038,
      "loop": false
    },
    "ASP_6.0_142": {
      "start": 59,
      "end": 60.56938775510204,
      "loop": false
    },
    "ASP_6.0_143": {
      "start": 61.5,
      "end": 62.5237641723356,
      "loop": false
    },
    "ASP_6.0_144": {
      "start": 64,
      "end": 64.24063492063492,
      "loop": false
    },
    "ASP_6.0_145": {
      "start": 65.5,
      "end": 69.13938775510204,
      "loop": false
    },
    "ASP_6.0_146": {
      "start": 70,
      "end": 73.56061224489795,
      "loop": false
    },
    "ASP_9.0_246": {
      "start": 74.5,
      "end": 75.89501133786848,
      "loop": false
    },
    "ASP_9.0_247": {
      "start": 77,
      "end": 77.75376417233561,
      "loop": false
    },
    "ASP_9.0_253": {
      "start": 78.5,
      "end": 80.70501133786848,
      "loop": false
    }
  }
}