{
  "resources": [
    "olive_magnify.mp3"
  ],
  "spritemap": {
    "silence": {
      "start": 0,
      "end": 1,
      "loop": true
    },
    "magnify_caddisfly_001": {
      "start": 1.5,
      "end": 7.132018140589569,
      "loop": false
    },
    "magnify_caddisfly_002": {
      "start": 8,
      "end": 16.021337868480728,
      "loop": false
    },
    "magnify_caddisfly_larvae_001": {
      "start": 17.5,
      "end": 22.53467120181406,
      "loop": false
    },
    "magnify_caddisfly_larvae_002": {
      "start": 24,
      "end": 30.35734693877551,
      "loop": false
    },
    "magnify_diving_beetle_001": {
      "start": 31.5,
      "end": 39.60666666666667,
      "loop": false
    },
    "magnify_diving_beetle_002": {
      "start": 41,
      "end": 48.125351473922905,
      "loop": false
    },
    "magnify_diving_beetle_larvae_001": {
      "start": 49.5,
      "end": 53.93734693877551,
      "loop": false
    },
    "magnify_diving_beetle_larvae_002": {
      "start": 55,
      "end": 62.46666666666667,
      "loop": false
    },
    "magnify_dragonfly_001": {
      "start": 63.5,
      "end": 71.05201814058957,
      "loop": false
    },
    "magnify_dragonfly_002": {
      "start": 72,
      "end": 79.7653514739229,
      "loop": false
    },
    "magnify_dragonfly_larvae_001": {
      "start": 80.5,
      "end": 88.52133786848073,
      "loop": false
    },
    "magnify_dragonfly_larvae_002": {
      "start": 90,
      "end": 95.2053514739229,
      "loop": false
    },
    "magnify_fanwort_001": {
      "start": 96.5,
      "end": 102.9,
      "loop": false
    },
    "magnify_fanwort_002": {
      "start": 104,
      "end": 109.33333333333333,
      "loop": false
    },
    "magnify_frog_001": {
      "start": 110.5,
      "end": 117.41201814058957,
      "loop": false
    },
    "magnify_frog_002": {
      "start": 118,
      "end": 124.05868480725624,
      "loop": false
    },
    "magnify_heron_001": {
      "start": 125.5,
      "end": 130.44931972789115,
      "loop": false
    },
    "magnify_heron_002": {
      "start": 131,
      "end": 138.55201814058958,
      "loop": false
    },
    "magnify_kingfisher_001": {
      "start": 139.5,
      "end": 145.9853514739229,
      "loop": false
    },
    "magnify_kingfisher_002": {
      "start": 147,
      "end": 155.10666666666665,
      "loop": false
    },
    "magnify_lillypad_001": {
      "start": 156.5,
      "end": 162.72931972789115,
      "loop": false
    },
    "magnify_lillypad_002": {
      "start": 164,
      "end": 170.10133786848073,
      "loop": false
    },
    "magnify_mallard_duck_001": {
      "start": 171.5,
      "end": 178.32666666666665,
      "loop": false
    },
    "magnify_mallard_duck_002": {
      "start": 179,
      "end": 185.31467120181406,
      "loop": false
    },
    "magnify_map_turtle_001": {
      "start": 186.5,
      "end": 192.04666666666668,
      "loop": false
    },
    "magnify_map_turtle_002": {
      "start": 193,
      "end": 199.25571428571428,
      "loop": false
    },
    "magnify_mayfly_001": {
      "start": 200.5,
      "end": 208.2226530612245,
      "loop": false
    },
    "magnify_mayfly_002": {
      "start": 209,
      "end": 215.65598639455783,
      "loop": false
    },
    "magnify_mayfly_larvae_001": {
      "start": 216.5,
      "end": 222.9853514739229,
      "loop": false
    },
    "magnify_mayfly_larvae_002": {
      "start": 224,
      "end": 231.04,
      "loop": false
    },
    "magnify_mosquito_001": {
      "start": 232.5,
      "end": 239.2413378684807,
      "loop": false
    },
    "magnify_mosquito_002": {
      "start": 240,
      "end": 246.9973469387755,
      "loop": false
    },
    "magnify_mosquito_larvae_001": {
      "start": 247.5,
      "end": 255.9056462585034,
      "loop": false
    },
    "magnify_mosquito_larvae_002": {
      "start": 257,
      "end": 264.52621315192744,
      "loop": false
    },
    "magnify_northern_pike_001": {
      "start": 265.5,
      "end": 272.5826530612245,
      "loop": false
    },
    "magnify_northern_pike_002": {
      "start": 274,
      "end": 281.9359863945578,
      "loop": false
    },
    "magnify_painted_turtle_001": {
      "start": 282.5,
      "end": 288.1285941043084,
      "loop": false
    },
    "magnify_painted_turtle_002": {
      "start": 289,
      "end": 294.90231292517007,
      "loop": false
    },
    "magnify_pumpkinseed_001": {
      "start": 295.5,
      "end": 302.6253514739229,
      "loop": false
    },
    "magnify_pumpkinseed_002": {
      "start": 304,
      "end": 310.4,
      "loop": false
    },
    "magnify_red_spotted_newt_001": {
      "start": 311.5,
      "end": 314.52931972789116,
      "loop": false
    },
    "magnify_red_spotted_newt_002": {
      "start": 316,
      "end": 322.1013378684807,
      "loop": false
    },
    "magnify_rock_001": {
      "start": 323.5,
      "end": 330.92401360544216,
      "loop": false
    },
    "magnify_rock_002": {
      "start": 332,
      "end": 336.7359863945578,
      "loop": false
    },
    "magnify_scavenger_beetle_001": {
      "start": 337.5,
      "end": 342.27868480725624,
      "loop": false
    },
    "magnify_scavenger_beetle_002": {
      "start": 343,
      "end": 351.0213378684807,
      "loop": false
    },
    "magnify_scavenger_beetle_larvae_001": {
      "start": 352.5,
      "end": 361.4173469387755,
      "loop": false
    },
    "magnify_scavenger_beetle_larvae_002": {
      "start": 362,
      "end": 368.1440136054422,
      "loop": false
    },
    "magnify_snail_001": {
      "start": 369.5,
      "end": 376.36931972789114,
      "loop": false
    },
    "magnify_snail_002": {
      "start": 377,
      "end": 381.39467120181405,
      "loop": false
    },
    "magnify_spotted_bass_001": {
      "start": 382.5,
      "end": 390.4359863945578,
      "loop": false
    },
    "magnify_spotted_bass_002": {
      "start": 391,
      "end": 399.53333333333336,
      "loop": false
    },
    "magnify_tadpole_001": {
      "start": 400.5,
      "end": 408.09467120181404,
      "loop": false
    },
    "magnify_tadpole_002": {
      "start": 409,
      "end": 415.78401360544217,
      "loop": false
    },
    "magnify_teal_duck_001": {
      "start": 416.5,
      "end": 425.03333333333336,
      "loop": false
    },
    "magnify_teal_duck_002": {
      "start": 426,
      "end": 433.33868480725624,
      "loop": false
    },
    "magnify_wild_cellary_001": {
      "start": 434.5,
      "end": 440.9,
      "loop": false
    },
    "magnify_wild_cellary_002": {
      "start": 442,
      "end": 447.3333333333333,
      "loop": false
    },
    "magnify_worm_001": {
      "start": 448.5,
      "end": 455.75333333333333,
      "loop": false
    },
    "magnify_yellow_bullhead_catfish_001": {
      "start": 457,
      "end": 467.6666666666667,
      "loop": false
    },
    "magnify_yellow_bullhead_catfish_002": {
      "start": 468.5,
      "end": 476.6066666666667,
      "loop": false
    }
  },
  "autoplay": "silence"
}