{
  "resources": [
    "olive_fact.mp3"
  ],
  "spritemap": {
    "silence": {
      "start": 0,
      "end": 1,
      "loop": true
    },
    "fact_caddisfly_larvae_001": {
      "start": 1.5,
      "end": 6.449319727891156,
      "loop": false
    },
    "fact_caddisfly_larvae_002": {
      "start": 7,
      "end": 14.850680272108843,
      "loop": false
    },
    "fact_diving_beetle_larvae_001": {
      "start": 15.5,
      "end": 21.601337868480726,
      "loop": false
    },
    "fact_diving_beetle_larvae_002": {
      "start": 23,
      "end": 27.224013605442178,
      "loop": false
    },
    "fact_dragonfly_larvae_001": {
      "start": 28.5,
      "end": 33.748004535147395,
      "loop": false
    },
    "fact_dragonfly_larvae_002": {
      "start": 35,
      "end": 38.71201814058957,
      "loop": false
    },
    "fact_heron_001": {
      "start": 39.5,
      "end": 45.72931972789116,
      "loop": false
    },
    "fact_heron_002": {
      "start": 47,
      "end": 49.92265306122449,
      "loop": false
    },
    "fact_kingfisher_001": {
      "start": 50.5,
      "end": 57.02800453514739,
      "loop": false
    },
    "fact_kingfisher_002": {
      "start": 58,
      "end": 65.68,
      "loop": false
    },
    "fact_mallard_duck_001": {
      "start": 66.5,
      "end": 73.75333333333333,
      "loop": false
    },
    "fact_mallard_duck_002": {
      "start": 75,
      "end": 79.86401360544218,
      "loop": false
    },
    "fact_map_turtle_001": {
      "start": 80.5,
      "end": 85.49201814058956,
      "loop": false
    },
    "fact_map_turtle_002": {
      "start": 86,
      "end": 89.45598639455783,
      "loop": false
    },
    "fact_mayfly_larvae_001": {
      "start": 90.5,
      "end": 96.6226530612245,
      "loop": false
    },
    "fact_mayfly_larvae_002": {
      "start": 98,
      "end": 101.32800453514739,
      "loop": false
    },
    "fact_mosquito_larvae_001": {
      "start": 102.5,
      "end": 106.59598639455783,
      "loop": false
    },
    "fact_mosquito_larvae_002": {
      "start": 108,
      "end": 112.90666666666667,
      "loop": false
    },
    "fact_northern_pike_001": {
      "start": 113.5,
      "end": 117.59598639455783,
      "loop": false
    },
    "fact_northern_pike_002": {
      "start": 119,
      "end": 122.45598639455783,
      "loop": false
    },
    "fact_painted_turtle_001": {
      "start": 123.5,
      "end": 128.19333333333333,
      "loop": false
    },
    "fact_painted_turtle_002": {
      "start": 129,
      "end": 133.5226530612245,
      "loop": false
    },
    "fact_pumpkinseed_001": {
      "start": 134.5,
      "end": 139.9613378684807,
      "loop": false
    },
    "fact_pumpkinseed_002": {
      "start": 141,
      "end": 145.6080045351474,
      "loop": false
    },
    "fact_red_spotted_newt_001": {
      "start": 146.5,
      "end": 150.34,
      "loop": false
    },
    "fact_red_spotted_newt_002": {
      "start": 151,
      "end": 156.03467120181406,
      "loop": false
    },
    "fact_rock_001": {
      "start": 157.5,
      "end": 161.21201814058958,
      "loop": false
    },
    "fact_rock_002": {
      "start": 162,
      "end": 165.84,
      "loop": false
    },
    "fact_scavenger_beetle_larvae_001": {
      "start": 166.5,
      "end": 171.15068027210884,
      "loop": false
    },
    "fact_scavenger_beetle_larvae_002": {
      "start": 172,
      "end": 176.90666666666667,
      "loop": false
    },
    "fact_snail_001": {
      "start": 177.5,
      "end": 181.86691609977325,
      "loop": false
    },
    "fact_snail_002": {
      "start": 183,
      "end": 187.4373469387755,
      "loop": false
    },
    "fact_spotted_bass_001": {
      "start": 188.5,
      "end": 193.42977324263038,
      "loop": false
    },
    "fact_spotted_bass_002": {
      "start": 194,
      "end": 201.46666666666667,
      "loop": false
    },
    "fact_surface_001": {
      "start": 202.5,
      "end": 208.3453514739229,
      "loop": false
    },
    "fact_surface_002": {
      "start": 209,
      "end": 214.37598639455783,
      "loop": false
    },
    "fact_tadpole_001": {
      "start": 215.5,
      "end": 218.91333333333333,
      "loop": false
    },
    "fact_tadpole_002": {
      "start": 220,
      "end": 224.18133786848074,
      "loop": false
    },
    "fact_teal_duck_001": {
      "start": 225.5,
      "end": 230.7053514739229,
      "loop": false
    },
    "fact_teal_duck_002": {
      "start": 232,
      "end": 235.54133786848072,
      "loop": false
    },
    "fact_underwater_001": {
      "start": 236.5,
      "end": 241.1080045351474,
      "loop": false
    },
    "fact_underwater_002": {
      "start": 242,
      "end": 246.5226530612245,
      "loop": false
    },
    "fact_worm_001": {
      "start": 247.5,
      "end": 253.2173469387755,
      "loop": false
    },
    "fact_worm_002": {
      "start": 254,
      "end": 258.6080045351474,
      "loop": false
    },
    "fact_yellow_bullhead_catfish_001": {
      "start": 259.5,
      "end": 264.1933333333333,
      "loop": false
    },
    "fact_yellow_bullhead_catfish_002": {
      "start": 265,
      "end": 267.6880045351474,
      "loop": false
    }
  },
  "autoplay": "silence"
}