{
  "resources": [
    "onboarding_vo.mp3"
  ],
  "spritemap": {
    "silence": {
      "start": 0,
      "end": 1,
      "loop": true
    },
    "ob_012_elinor": {
      "start": 1.5,
      "end": 3.334671201814059,
      "loop": false
    },
    "ob_023_olive": {
      "start": 4,
      "end": 7.626666666666667,
      "loop": false
    },
    "ob_025_olive": {
      "start": 8.5,
      "end": 12.595986394557823,
      "loop": false
    },
    "ob_031_click_elinor": {
      "start": 14,
      "end": 16.474671201814058,
      "loop": false
    },
    "ob_031_elinor": {
      "start": 17.5,
      "end": 20.1453514739229,
      "loop": false
    },
    "ob_031b_elinor": {
      "start": 21,
      "end": 25.52265306122449,
      "loop": false
    },
    "ob_031c_click_elinor": {
      "start": 26.5,
      "end": 28.1,
      "loop": false
    },
    "ob_031c_elinor": {
      "start": 29,
      "end": 30.4453514739229,
      "loop": false
    },
    "ob_032_alt_elinor": {
      "start": 31.5,
      "end": 33.33467120181406,
      "loop": false
    },
    "ob_032_elinor": {
      "start": 34,
      "end": 35.92,
      "loop": false
    },
    "ob_042_elinor": {
      "start": 36.5,
      "end": 37.90800453514739,
      "loop": false
    },
    "ob_051_elinor": {
      "start": 39,
      "end": 42.84,
      "loop": false
    },
    "ob_053_olive": {
      "start": 43.5,
      "end": 46.44401360544218,
      "loop": false
    },
    "ob_061_elinor": {
      "start": 47,
      "end": 48.32265306122449,
      "loop": false
    },
    "ob_071_elinor": {
      "start": 49.5,
      "end": 54.44931972789116,
      "loop": false
    },
    "ob_08_elinor": {
      "start": 55,
      "end": 59.394671201814056,
      "loop": false
    },
    "ob_081_elinor": {
      "start": 60.5,
      "end": 63.57201814058957,
      "loop": false
    },
    "ob_081b_elinor": {
      "start": 65,
      "end": 69.05333333333333,
      "loop": false
    },
    "ob_083_elinor": {
      "start": 70.5,
      "end": 72.80401360544218,
      "loop": false
    },
    "ob_09_elinor": {
      "start": 74,
      "end": 76.98666666666666,
      "loop": false
    },
    "ob_091_olive": {
      "start": 77.5,
      "end": 81.51068027210884,
      "loop": false
    },
    "ob_101_elinor": {
      "start": 83,
      "end": 86.75467120181406,
      "loop": false
    },
    "ob_111_olive": {
      "start": 87.5,
      "end": 90.27333333333334,
      "loop": false
    },
    "ob_112_elinor": {
      "start": 91,
      "end": 94.54133786848072,
      "loop": false
    },
    "ob_121_elinor": {
      "start": 95.5,
      "end": 101.0253514739229,
      "loop": false
    },
    "ob_131_click_elinor": {
      "start": 102,
      "end": 107.14133786848072,
      "loop": false
    },
    "ob_131_elinor": {
      "start": 108.5,
      "end": 114.04666666666667,
      "loop": false
    },
    "ob_151_elinor": {
      "start": 115,
      "end": 120.54666666666667,
      "loop": false
    },
    "ob_161_elinor": {
      "start": 121.5,
      "end": 122.99333333333334,
      "loop": false
    },
    "ob_162_olive": {
      "start": 124,
      "end": 126.6453514739229,
      "loop": false
    },
    "ob_171_elinor": {
      "start": 127.5,
      "end": 129.0573469387755,
      "loop": false
    },
    "ob_172_olive": {
      "start": 130,
      "end": 133.2853514739229,
      "loop": false
    },
    "ob_174_elinor": {
      "start": 134.5,
      "end": 137.91333333333333,
      "loop": false
    },
    "ob_175_elinor": {
      "start": 139,
      "end": 140.9840136054422,
      "loop": false
    }
  },
  "autoplay": "silence"
}