{"model":{"version":3,"nodes":[{"name":"RootNode","position":[0,0,0],"rotation":[0,0,0],"scale":[0.01,0.01,0.01],"scaleCompensation":false},{"name":"nacho","position":[0,0,0],"rotation":[2.50448e-06,-0,0],"scale":[161.025,161.025,161.025],"scaleCompensation":false}],"parents":[-1,0],"skins":[],"morphs":[],"vertices":[{"position":{"type":"float32","components":3,"data":[0.02,-1,0.0597927,0,-0.9,0.0756025,-0.02,-1,0.0597927,0.779423,0.45,0.1,0.676697,0.0992461,0.0797971,0.876025,0.482679,0.0797971,0.599245,0.0997365,0.113403,-0.876025,0.48268,0.0797971,-0.779423,0.45,0.1,-0.856025,0.517321,0.0797971,-0.60116,0.110905,0.1,-0.678612,0.110414,0.0797971,0.39035,0.432131,0.1,0.428651,0.499452,0.0797971,0.856026,0.51732,0.0797971,-0.386521,0.465954,0.1,0.02,-1,-0.104195,-0.02,-1,-0.104195,0,-0.9,-0.124397,0.599245,0.0997365,-0.086597,0.779423,0.45,-0.1,0.676697,0.0992461,-0.0841902,0.876025,0.482679,-0.0841902,-0.876025,0.48268,-0.0841902,-0.856025,0.517321,-0.0841902,-0.779423,0.45,-0.1,-0.60116,0.110905,-0.1,-0.678612,0.110414,-0.0841902,0.39035,0.432131,-0.1,0.428651,0.499452,-0.0841902,0.856026,0.51732,-0.0841902,-0.386521,0.465954,-0.1,0.694252,0.101821,-0.00225352,0.898752,0.495201,-0.00225352,-0.878233,0.530741,-0.00225352,-0.898752,0.495202,-0.00225352,-0.696216,0.113279,-0.00225352,-0.898752,0.495202,-0.00225352,0.439771,0.512409,-0.00225352,0.878233,0.530741,-0.00225352,0.898752,0.495201,-0.00225352,0.878233,0.530741,-0.00225352,-0.0205189,-1.02594,-0.0227769,0.0205189,-1.02594,-0.0227769,-0.435843,0.547109,-0.00225352,-0.878233,0.530741,-0.00225352,-0.424822,0.533275,-0.0841902,6.11509e-08,0.53467,-0.00225352,5.96046e-08,0.52115,-0.0841902,-0.248261,-0.652204,-0.00225352,-0.0205189,-1.02594,-0.0227769,-0.241984,-0.635712,-0.0841902,-0.443267,-0.262752,-0.00225352,-0.432058,-0.256107,-0.0841902,0.248589,-0.6725,-0.00225352,0.0205189,-1.02594,-0.0227769,0.242303,-0.655495,-0.0841902,0.450142,-0.253913,-0.00225352,0.438759,-0.247492,-0.0841902,-0.202833,-0.568882,-0.1,0.203152,-0.588665,-0.1,-0.373757,-0.222447,-0.1,2.98023e-08,-0.225,-0.0809957,-0.194856,0.1125,-0.1,0.380458,-0.213832,-0.1,0.194856,0.1125,-0.1,5.96046e-08,0.453829,-0.0877972,5.96046e-08,0.453829,0.112203,0.194856,0.1125,0.1,-0.194856,0.1125,0.1,0.380458,-0.213832,0.1,4.47035e-08,-0.225,0.119004,0.203152,-0.588665,0.1,-0.373757,-0.222447,0.1,-0.202833,-0.568882,0.1,-0.424822,0.533275,0.0797971,5.96046e-08,0.52115,0.0797971,-0.241984,-0.635712,0.0797971,-0.432058,-0.256107,0.0797971,0.242303,-0.655495,0.0797971,0.438759,-0.247492,0.0797971,0.450142,-0.253913,-0.00225352,0.694252,0.101821,-0.00225352,0.248589,-0.6725,-0.00225352,0.0205189,-1.02594,-0.0227769,-0.696216,0.113279,-0.00225352,-0.443267,-0.262752,-0.00225352,-0.248261,-0.652204,-0.00225352,-0.0205189,-1.02594,-0.0227769,6.11509e-08,0.53467,-0.00225352,0.439771,0.512409,-0.00225352,-0.435843,0.547109,-0.00225352,-0.878233,0.530741,-0.00225352,-0.0205189,-1.02594,-0.0227769,0.0205189,-1.02594,-0.0227769,0.898752,0.495201,-0.00225352,0.878233,0.530741,-0.00225352,0.878233,0.530741,-0.00225352,-0.898752,0.495202,-0.00225352,-0.898752,0.495202,-0.00225352,-0.878233,0.530741,-0.00225352,0.898752,0.495201,-0.00225352]},"normal":{"type":"float32","components":3,"data":[0.374953,-0.648688,0.662279,-0.00493264,-0.144357,0.989513,-0.386182,-0.644409,0.66,0.129237,0.0761195,0.988688,0.672438,-0.399867,0.622843,0.761684,-0.0126047,0.647826,0.153488,-0.100124,0.983065,-0.754953,-0.0127644,0.655654,-0.110856,0.0638195,0.991785,-0.366747,0.65992,0.655745,-0.127965,-0.0800769,0.988541,-0.649324,-0.389119,0.653426,0.00765808,0.17231,0.985013,0.00638804,0.756772,0.653648,0.33985,0.681261,0.648372,-0.00841902,0.170789,0.985272,0.387499,-0.639742,-0.663758,-0.397278,-0.63639,-0.661195,-0.00304745,-0.0839218,-0.996468,0.0722665,-0.0416927,-0.996514,0.0498578,0.0622978,-0.996812,0.605927,-0.368965,-0.704781,0.735981,-0.00730951,-0.676963,-0.744198,-0.0146791,-0.667798,-0.359709,0.651561,-0.667891,-0.0873138,0.0502639,-0.994912,-0.101412,-0.0634984,-0.992816,-0.632377,-0.379598,-0.675281,-0.00311054,0.0784382,-0.996914,-0.00083156,0.71634,-0.697751,0.333004,0.673112,-0.660325,0.0103228,0.0918379,-0.99572,0.860145,-0.510049,-0.000113339,0.998179,0.0603131,-0.000172574,-0.548726,0.836002,-0.000172219,-0.998386,0.056788,-0.000172199,-0.860097,-0.51013,-0.000112636,-0.998386,0.056788,-0.000172199,0.000474927,1,-0.000107325,0.520151,0.854075,-0.000169874,0.998179,0.0603131,-0.000172574,0.520151,0.854075,-0.000169874,-0.454827,-0.890571,-0.0038206,0.44492,-0.895561,-0.00399385,-0.00694299,0.999976,-0.000114447,-0.548726,0.836002,-0.000172219,-0.00040573,0.723691,-0.690124,0.0394998,0.99922,-0.000111342,0.0282457,0.702887,-0.71074,-0.873002,-0.487708,0.00295546,-0.454827,-0.890571,-0.0038206,-0.672375,-0.348063,-0.653272,-0.863743,-0.503932,-0.000108415,-0.624518,-0.364501,-0.690736,0.86952,-0.493888,0.00321365,0.44492,-0.895561,-0.00399385,0.671744,-0.351579,-0.652037,0.865239,-0.501359,-0.00010884,0.611768,-0.345408,-0.711641,-0.111679,-0.0296177,-0.993303,0.115712,-0.0300141,-0.992829,-0.0790924,-0.0568374,-0.995246,0.00055203,-0.00113241,-0.999999,0.0133636,-0.0049434,-0.999898,0.0670436,-0.0357946,-0.997108,-0.00232983,-0.00508995,-0.999984,0.00364896,0.085798,-0.996306,0.00704092,0.171682,0.985127,0.00232983,0.00508995,0.999984,-0.0133636,0.00494341,0.999898,0.149445,-0.0891835,0.98474,-0.000552029,0.00113241,0.999999,0.124183,-0.0973881,0.987469,-0.139779,-0.0708851,0.987642,-0.125704,-0.0970471,0.98731,-0.00560992,0.761421,0.648234,0.0308496,0.776474,0.629394,-0.633631,-0.375917,0.676164,-0.643458,-0.375567,0.667017,0.632231,-0.379514,0.675465,0.654052,-0.386715,0.650129,0.865239,-0.501359,-0.00010884,0.860145,-0.510049,-0.000113339,0.86952,-0.493888,0.00321365,0.44492,-0.895561,-0.00399385,-0.860097,-0.51013,-0.000112636,-0.863743,-0.503932,-0.000108415,-0.873002,-0.487708,0.00295546,-0.454827,-0.890571,-0.0038206,0.0394998,0.99922,-0.000111342,0.000474927,1,-0.000107325,-0.00694299,0.999976,-0.000114447,-0.548726,0.836002,-0.000172219,-0.454827,-0.890571,-0.0038206,0.44492,-0.895561,-0.00399385,0.998179,0.0603131,-0.000172574,0.520151,0.854075,-0.000169874,0.520151,0.854075,-0.000169874,-0.998386,0.056788,-0.000172199,-0.998386,0.056788,-0.000172199,-0.548726,0.836002,-0.000172219,0.998179,0.0603131,-0.000172574]},"texCoord0":{"type":"float32","components":2,