{"model":{"version":3,"nodes":[{"name":"RootNode","position":[0,0,0],"rotation":[0,0,0],"scale":[0.01,0.01,0.01],"scaleCompensation":false},{"name":"group1","position":[0,0,0],"rotation":[0,0,0],"scale":[1,1,1],"scaleCompensation":false},{"name":"pCone1","position":[2.07168,-8.05397,0],"rotation":[0,0,15],"scale":[1,1,1],"scaleCompensation":false},{"name":"outline","position":[0,0,0],"rotation":[0,-0,0],"scale":[1,1,1],"scaleCompensation":false}],"parents":[-1,0,1,2],"skins":[],"morphs":[],"vertices":[{"position":{"type":"float32","components":3,"data":[-0.0129758,-27.9013,-8.4352,-8.44817,-27.9013,1.0446e-21,-5.97756,-27.9013,-5.96459,8.42222,-27.9013,1.0446e-21,-0.0129758,-27.9013,8.4352,5.95161,-27.9013,-5.96459,5.95161,-27.9013,5.96459,-5.97756,-27.9013,5.96459,8.2573,-7.89792,-8.27027,-0.0129759,-7.89792,-11.6959,-0.0129759,8.88633,0,-8.28325,-7.89792,-8.27027,-11.7089,-7.89792,0,-8.28325,-7.89792,8.27027,-0.0129759,-7.89792,11.6959,8.2573,-7.89792,8.27027,11.683,-7.89792,0,8.2573,-7.89792,-8.27027,11.683,-7.89792,0,3.86663,-9.1142,-3.8796,8.2573,-7.89792,-8.27027,5.47361,-9.1142,0,8.2573,-7.89792,8.27027,3.86663,-9.1142,3.8796,-0.0129759,-7.89792,11.6959,-0.0129757,-9.1142,5.48659,-3.89258,-9.1142,3.8796,-8.28325,-7.89792,8.27027,-11.7089,-7.89792,0,-5.49956,-9.1142,0,-8.28325,-7.89792,-8.27027,-3.89258,-9.1142,-3.8796,-0.0129759,-7.89792,-11.6959,-0.0129757,-9.1142,-5.48659,8.42222,-27.9013,1.0446e-21,3.86663,-9.1142,-3.8796,5.47361,-9.1142,0,5.95161,-27.9013,-5.96459,3.86663,-9.1142,3.8796,5.95161,-27.9013,5.96459,-0.0129757,-9.1142,5.48659,-0.0129758,-27.9013,8.4352,-3.89258,-9.1142,3.8796,-5.97756,-27.9013,5.96459,-5.49956,-9.1142,0,-8.44817,-27.9013,1.0446e-21,-3.89258,-9.1142,-3.8796,-5.97756,-27.9013,-5.96459,-0.0129758,-27.9013,-8.4352,-0.0129757,-9.1142,-5.48659]},"normal":{"type":"float32","components":3,"data":[0,-1,-7.58201e-08,0,-1,-7.58201e-08,0,-1,-7.58201e-08,0,-1,-7.58201e-08,0,-1,-7.58201e-08,0,-1,-7.58201e-08,0,-1,-7.58202e-08,0,-1,-7.58201e-08,0.580144,0.571721,-0.580144,0,0.571721,-0.820448,-2.23493e-08,1,5.58733e-09,-0.580144,0.571721,-0.580144,-0.820448,0.571721,0,-0.580144,0.571721,0.580144,0,0.571721,0.820448,0.580144,0.571721,0.580144,0.820448,0.571721,-3.33975e-08,0.580144,0.571721,-0.580144,0.192226,-0.981351,-2.61536e-09,0.135924,-0.981351,-0.135924,0.135924,-0.981351,-0.135924,0.192226,-0.981351,-9.51431e-09,0.135924,-0.981351,0.135924,0.135924,-0.981351,0.135924,-1.83075e-08,-0.981351,0.192226,-1.90286e-08,-0.981351,0.192226,-0.135924,-0.981351,0.135924,-0.135924,-0.981351,0.135924,-0.192226,-0.981351,0,-0.192226,-0.981351,0,-0.135924,-0.981351,-0.135924,-0.135924,-0.981351,-0.135924,-2.61536e-09,-0.981351,-0.192226,0,-0.981351,-0.192226,0.987906,0.155051,-1.34818e-08,0.698555,0.155051,-0.698555,0.987907,0.155051,-3.74995e-08,0.698555,0.155051,-0.698555,0.698555,0.155051,0.698555,0.698555,0.155051,0.698555,-7.4999e-08,0.155051,0.987907,-5.39274e-08,0.155051,0.987907,-0.698555,0.155051,0.698555,-0.698555,0.155051,0.698555,-0.987907,0.155051,2.49997e-08,-0.987907,0.155051,0,-0.698555,0.155051,-0.698555,-0.698555,0.155051,-0.698555,2.69637e-08,0.155051,-0.987907,4.99994e-08,0.155051,-0.987907]},"texCoord0":{"type":"float32","components":2,"data":[0.5,2.98023e-08,0.25,0.25,0.323223,0.0732233,0.75,0.25,0.5,0.5,0.676777,0.0732233,0.676777,0.426777,0.323223,0.426777,0.25,0.5,0.3125,0.5,0.5,1,0.375,0.5,0.4375,0.5,0.5,0.5,0.5625,0.5,0.625,0.5,0.6875,0.5,0.75,0.5,0.75,0.25,0.676777,0.0732233,0.676777,0.0732233,0.75,0.25,0.676777,0.426777,0.676777,0.426777,0.5,0.5,0.5,0.5,0.323223,0.426777,0.323223,0.426777,0.25,0.25,0.25,0.25,0.323223,0.0732233,0.323223,0.0732233,0.5,2.98023e-08,0.5,2.98023e-08,0.75,0.25,0.676777,0.0732233,0.75,0.25,0.676777,0.0732233,0.676777,0.426777,0.676777,0.426777,0.5,0.5,0.5,0.5,0.323223,0.426777,0.323223,0.426777,0.25,0.25,0.25,0.25,0.323223,0.0732233,0.323223,0.0732233,0.5,2.98023e-08,0.5,2.98023e-08]}},{"position":{"type":"float32","components":3,"data":[10.3364,-29.2327,4.12801e-08,-0.0129756,-29.2327,-10.3493,-0.0129756,-29.2327,10.3493,7.30512,-29.2327,7.31809,-10.3623,-29.2327,1.0446e-21,7.30512,-29.2327,-7.31809,-7.33106,-29.2327,-7.31809,-7.33106,-29.2327,7.31809,9.82003,-8.64111,-9.833,-0.0129754,11.218,-1.8187e-08,-0.012976,-8.64111,-13.906,-9.84598,-8.64111,-9.833,-13.9189,-8.64111,-1.09679e-07,-9.84598,-8.64111,9.833,-0.012976,-8.64111,13.906,9.82003,-8.64111,9.833,13.893,-8.64111,-1.87099e-07,9.82003,-8.64111,-9.833,13.893,-8.64111,-1.87099e-07,5.09192,-10.6743,-5.1049,7.20643,-10.6743,-2.76864e-08,9.82003,-8.64111,-9.833,5.09192,-10.6743,5.1049,9.82003,-8.64111,9.833,-0.012976,-8.64111,13.906,-0.0129756,-10.6743,7.21941,-9.84598,-8.64111,9.833,-5.11787,-10.6743,5.1049,-7.23239,-10.6743,-8.30592e-08,-13.9189,-8.64111,-1.09679e-07,-9.84598,-8.64111,-9.833,-5.11787,-10.6743,-5.1049,-0.012976,-8.64111,-13.906,-0.0129757,-10.6743,-7.21941,10.3364,-29.2327,4.12801e-08,7.20643,-10.6743,-2.76864e-08,5.09192,-10.6743,-5.1049,7.30512,-29.2327,-7.31809,5.09192,-10.6743,5.1049,7.30512,-29.2327,7.31809,-0.0129756,-29.2327,10.3493,-0.0129756,-10.6743,7.21941,-5.11787,-10.6743,5.1049,-7.33106,-29.2327,7.31809,-10.3623,-29.2327,1.0446e-21,-7.23239,-10.6743,-8.30592e-08,-5.11787,-10.6743,-5.1049,-7.33106,-29.2327,-7.31809,-0.0129756,-29.2327,-10.3493,-0.0129757,-10.6743,-7.21941]},"normal":{"type":"float32","components":3,"data":[-3.25793e-08,1,-7.55511e-08,-3.25793e-08,1,-7.55511e-08,-3.25793e-08,1,-7.55511e-08,-3.25794e-08,1,-7.55511e-08,-3.25793e-08,1,-7.55511e-08,-3.25793e-08,1,-7.55511e-08,-3.25793e-08,1,-7.55511e-08,-3.25793e-08,1,-7.55511e-08,-0.579222,-0.57359,0.579221,2.83637e-07,-1,1.73334e-07,-2.37156e-08,-0.57359,0.819142,0.579221,-0.57359,0.579221,0.819143,-0.57359,3.55734e-08,0.579222,-0.57359,-0.579221,3.55734e-08,-0.57359,-0.819142,-0.579221,-0.57359,-0.579221,-0.819143,-0.57359,1.18578e-08,-0.579222,-0.57359,0.579221,-0.290919,0.956748,-3.81912e-08,-0.205711,0.956748,0.205711,-0.290919,0.956748,-4.69507e-08,-0.205711,0.956748,0.205711,-0.205711,0.956748,-0.205711,-0.205711,0.956748,-0.205711,-6.11059e-08,0.956748,-0.290919,-6.5731e-08,0.956748,-0.290919,0.205711,0.956748,-0.205711,0.205711,0.956748,-0.205711,0.290919,0.956748,-3.75606e-08,0.290919,0.956748,-3.81912e-08,0.205711,0.956748,0.205711,0.205711,0.956748,0.205711,-4.58295e-08,0.956748,0.290919,-5.16458e-08,0.956748,0.290919,-0.986074,-0.166304,4.3303e-08,-0.986074,-0.166304,1.99643e-08,-0.69726,-0.166304,0.69726,-0.69726,-0.166304,0.69726,-0.69726,-0.166305,-0.69726,-0.69726,-0.166305,-0.69726,4.3303e-08,-0.166304,-0.986074,0,-0.166304,-0.986074,0.69726,-0.166304,-0.69726,0.69726,-0.166304,-0.69726,0.986075,-0.166304,-2.16515e-08,0.986075,-0.166304,-1.99643e-08,0.69726,-0.166304,0.69726,0.69726,-0.166304,0.69726,2.16515e-08,-0.166304,0.986074,0,-0.166304,0.986074]},"texCoord0":{"type":"float32","components":2,"data":[0.75,0.25,0.5,2.98023e-08,0.5,0.5,0.676777,0.426777,0.25,0.25,0.676777,0.0732233,0.323223,0.0732233,0.323223,0.426777,0.25,0.5,0.5,1,0.3125,0.5,0.375,0.5,0.4375,0.5,0.5,0.5,0.5625,0.5,0.625,0.5,0.6875,0.5,0.75,0.5,0.75,0.25,0.676777,0.0732233,0.75,0.25,0.676777,0.0732233,0.676777,0.426777,0.676777,0.426777,0.5,0.5,0.5,0.5,0.323223,0.426777,0.323223,0.426777,0.25,0.25,0.25,0.25,0.323223,0.0732233,0.323223,0.0732233,0.5,2.98023e-08,0.5,2.98023e-08,0.75,0.25,0.75,0.25,0.676777,0.0732233,0.676777,0.0732233,0.676777,0.426777,0.676777,0.426777,0.5,0.5,0.5,0.5,0.323223,0.426777,0.323223,0.426777,0.25,0.25,0.25,0.25,0.323223,0.0732233,0.323223,0.0732233,0.5,2.98023e-08,0.5,2.98023e-08]}}],"meshes":[{"aabb":{"min":[-11.7089,-27.9013,-11.6959],"max":[11.683,8.88633,11.6959]},"vertices":0,