{
  "resources": [
    "creatures.mp3"
  ],
  "spritemap": {
    "silence": {
      "start": 0,
      "end": 1,
      "loop": true
    },
    "ant_evade": {
      "start": 1.5,
      "end": 3.03297052154195,
      "loop": false
    },
    "bee_fly": {
      "start": 4,
      "end": 5.494897959183674,
      "loop": false
    },
    "centipede_evade": {
      "start": 6.5,
      "end": 10.53235827664399,
      "loop": false
    },
    "cricket_fly": {
      "start": 12,
      "end": 13.899546485260771,
      "loop": false
    },
    "dragon_fly": {
      "start": 14.5,
      "end": 17.489931972789115,
      "loop": false
    },
    "hummingbird_fly": {
      "start": 18,
      "end": 22.538956916099774,
      "loop": false
    },
    "ladybug_evade": {
      "start": 23.5,
      "end": 24.457210884353742,
      "loop": false
    },
    "ladybug_larvae_eat": {
      "start": 25,
      "end": 27.287573696145124,
      "loop": false
    },
    "mantis_evade": {
      "start": 28.5,
      "end": 29.868684807256237,
      "loop": false
    },
    "monarch_butterfly_evade": {
      "start": 31,
      "end": 32.11877551020408,
      "loop": false
    },
    "monarch_caterpillar_eat": {
      "start": 33.5,
      "end": 37.56625850340136,
      "loop": false
    },
    "robin_hunt": {
      "start": 39,
      "end": 42.41482993197279,
      "loop": false
    },
    "robin_wait": {
      "start": 43.5,
      "end": 43.846485260770976,
      "loop": false
    },
    "roly_poly_evade": {
      "start": 45,
      "end": 47.041156462585036,
      "loop": false
    },
    "skink_evade": {
      "start": 48.5,
      "end": 50.38467120181406,
      "loop": false
    },
    "snail_eat": {
      "start": 51,
      "end": 54.19888888888889,
      "loop": false
    },
    "spider_eat": {
      "start": 55.5,
      "end": 58.38181405895692,
      "loop": false
    },
    "tiger_beetle_fly": {
      "start": 59,
      "end": 62.463469387755104,
      "loop": false
    },
    "tiger_beetle_larvae_eat": {
      "start": 63.5,
      "end": 65.83979591836734,
      "loop": false
    },
    "tiger_beetle_walk": {
      "start": 67,
      "end": 69.38401360544218,
      "loop": false
    },
    "treehopper_fly": {
      "start": 70.5,
      "end": 74.15757369614512,
      "loop": false
    },
    "wasp_fly": {
      "start": 75,
      "end": 77.56727891156463,
      "loop": false
    }
  },
  "autoplay": "silence"
}