{"model":{"version":3,"nodes":[{"name":"RootNode","position":[0,0,0],"rotation":[0,0,0],"scale":[0.01,0.01,0.01],"scaleCompensation":false},{"name":"shell.001","position":[0,0,0],"rotation":[-90,0,0],"scale":[100,100,100],"scaleCompensation":false}],"parents":[-1,0],"skins":[],"morphs":[],"vertices":[{"position":{"type":"float32","components":3,"data":[0.15537,-0.0957988,0.388312,0.306899,0.293987,0.533951,0.0781859,0.184479,0.482584,0.400256,-0.0902713,0.474851,-0.117054,-0.719392,0.179883,0.0644642,-0.426125,0.24466,-0.171002,-0.545603,0.168507,0.250635,-0.568291,0.309836,0.0770631,-0.0975664,0.181459,0.0191482,-0.391521,0.127247,-0.578544,-0.610705,0.120412,-0.448961,-0.468829,0.111008,-0.628665,-0.267486,0.109682,-0.384105,-0.704391,0.143704,-0.340826,-0.518214,0.0971661,0.00505006,0.149461,0.179604,-0.104567,0.016748,0.0641657,-0.0455975,-0.138672,0.0460584,-0.0370456,0.367434,0.439643,0.125904,0.584512,0.557182,-0.0943392,0.253359,0.0398103,-0.228968,0.0705142,0.0650296,-0.52229,0.0309498,0.0402222,-0.449684,-0.0431617,0.0959307,-0.169017,0.210519,0.0301702,0.596338,0.441826,0.316722,0.292866,0.867831,0.399997,-0.758091,-0.248003,0.0469474,-0.183202,-0.321435,-0.0075462,-0.0695782,-0.248517,0.0365653,-0.295824,-0.32585,-0.0130244,-0.425281,-0.865843,0.0185049,-0.681212,-0.711871,0.0205252,-0.402961,-0.25646,0.0680732,0.44907,-0.68628,0.157185,0.737106,-0.100996,0.239782,-0.0570538,-0.901415,0.0315615,-0.0379359,-0.959413,-0.179357,0.515671,-0.72588,-0.179357,-0.430755,-0.905072,-0.179357,-0.718222,-0.763634,-0.179357,-0.827967,-0.259638,-0.179357,-0.607925,0.0580339,-0.179357,0.674411,0.481703,-0.0199942,0.827967,-0.103888,-0.0886426,-0.201605,0.270653,-0.167997,0.346837,0.959413,0.0851533,0.125904,0.584512,0.475675,-0.00867742,0.40916,0.381049,-0.0791482,0.314086,0.0888315,0.262692,0.82203,0.340251,0.31169,0.907111,0.0888315,0.0852197,0.296993,0.383772,0.00517625,0.218006,0.0851533,0.39205,0.612242,0.339284,0.243107,0.450609,0.475675,0.445403,0.67014,0.0851533,0.243107,0.450609,0.0851533,0.102674,-0.0969883,-0.439978,0.306899,0.293987,-0.439978,0.400256,-0.0902713,-0.439978,0.0289698,0.160914,-0.439978,0.0374922,-0.405529,-0.462514,-0.117054,-0.719392,-0.541088,-0.167096,-0.554452,-0.442984,0.250635,-0.568291,-0.508107,-0.628665,-0.267486,-0.525908,-0.454307,-0.474683,-0.43079,-0.578544,-0.610705,-0.536637,-0.465749,-0.292011,-0.43079,-0.384105,-0.704391,-0.542724,-0.342612,-0.525895,-0.436887,-0.449684,-0.0431617,-0.527778,-0.322986,-0.213722,-0.433047,0.0118818,-0.0834605,-0.343963,-0.187183,-0.176302,-0.408459,-0.149514,0.0197194,-0.397261,-0.0210623,-0.363701,-0.391076,-0.0721103,0.320721,-0.386875,0.125904,0.584512,-0.386875,-0.00557387,0.144374,-0.3311,-0.0871534,0.275135,-0.186211,-0.169017,0.210519,-0.366164,-0.52229,0.0309498,-0.458159,0.596338,0.441826,-0.328571,0.299903,0.879771,-0.275468,-0.758091,-0.248003,-0.464884,-0.425281,-0.881526,-0.455155,-0.701834,-0.745691,-0.442723,0.44907,-0.68628,-0.453695,0.737106,-0.100996,-0.387089,-0.0570538,-0.901415,-0.437511,-0.0379359,-0.959413,-0.179357,0.515671,-0.72588,-0.179357,-0.430755,-0.905072,-0.179357,-0.718222,-0.763634,-0.179357,-0.827967,-0.259638,-0.179357,-0.607925,0.0580339,-0.179357,0.827967,-0.103888,-0.0886426,0.674411,0.481703,-0.0199942,-0.201605,0.270653,-0.167997,0.346837,0.959413,0.0851533,-0.0355433,0.374155,-0.298012,0.125904,0.584512,-0.298012,-0.0650523,0.333504,-0.142848,0.266448,0.828552,-0.185594,0.31169,0.907111,0.0888315,0.0270333,0.239771,-0.11747,0.0727896,0.285335,-0.298012,0.39614,0.61668,-0.244112,0.243107,0.450609,-0.298012,0.445403,0.67014,0.0851533,0.243107,0.450609,0.0851533,0.0270333,0.239771,-0.11747,-0.0650523,0.333504,-0.142848,-0.0871534,0.275135,-0.186211]},"normal":{"type":"float32","components":3,"data":[-0.642293,-0.228767,0.731498,0.198187,-0.0314035,0.979644,-0.580279,-0.323374,0.747429,0.205054,-0.222633,0.953063,-0.141331,-0.375744,0.91586,-0.603137,0.100345,0.791253,-0.298776,0.293832,0.907926,0.0403455,-0.418134,0.907468,-0.844905,-0.111087,0.523209,-0.674398,0.407208,0.615864,-0.28898,-0.168493,0.942381,0.189642,0.121311,0.974303,-0.242012,0.0967437,0.965423,-0.173559,-0.272561,0.946348,0.0234993,0.28959,0.956847,-0.809351,-0.283273,0.51445,-0.387555,-0.145573,0.910245,-0.502426,-0.104801,0.858211,-0.866482,0.0343944,0.498001,-0.367931,0.43675,0.820856,-0.790429,0.519669,0.324198,-0.127659,0.089114,0.987793,-0.472976,0.615436,0.630451,-0.010651,0.166295,0.985992,-0.398144,0.673605,0.622639,0.776543,0.274911,0.566912,-0.0350047,0.831477,0.554399,-0.781518,0.196295,0.592151,-0.214087,0.237129,0.947569,-0.461318,0.102451,0.881283,0.144017,0.168859,0.975036,-0.273293,-0.807367,0.522904,-0.676778,-0.487594,0.5515,0.311899,-0.00204474,0.950102,0.529435,-0.667806,0.523148,0.82696,-0.151189,0.54149,0.0719932,-0.8717,0.484695,0.145909,-0.989135,0.0170598,0.692007,-0.721488,-0.0232246,-0.285806,-0.956389,0.0597858,-0.791589,-0.607288,0.0675985,-0.97763,0.205634,0.0436109,-0.65569,0.754692,0.0217902,0.909513,0.415571,-0.00549333,0.994934,-0.0991546,-0.0145268,-0.257668,0.96585,-0.026429,0.0557268,0.997681,0.0384533,-0.726859,0.400281,-0.558031,-0.418836,0.772607,-0.477065,-0.28074,0.956206,-0.0826746,-0.951048,0.162481,-0.262795,-0.992004,0.12534,-0.013245,-0.0125126,0.837794,-0.545824,0.0979949,0.99118,-0.0888394,-0.878201,0.0930204,-0.469131,-0.471755,0.420759,-0.774834,-0.999329,0.0286569,-0.0216376,-0.717063,0.696982,6.1037e-05,-0.389538,0.0612506,-0.918943,0.0881375,0.140782,-0.986084,0.118229,0.0720847,-0.990356,-0.504471,-0.092288,-0.858455,-0.298776,0.291971,-0.908536,0.020661,-0.0634785,-0.997742,-0.0300302,0.315043,-0.948576,0.0862148,-0.0366222,-0.995575,-0.114353,0.0455031,-0.99237,0.252693,0.180609,-0.950499,-0.127049,-0.032075,-0.991363,0.287149,-0.116855,-0.950713,-0.0143742,-0.023835,-0.999603,0.0507828,0.281442,-0.95822,0.0821253,0.125828,-0.988617,0.227454,-0.0984527,-0.96878,-0.329905,0.0604572,-0.942045,0.274728,0.0191351,-0.961303,0.280129,0.147465,-0.948546,-0.28489,0.265908,-0.920927,-0.81109,0.142674,-0.567217,-0.465712,0.521744,-0.714713,-0.564104,0.0137028,-0.825556,-0.650838,0.743522,-0.153508,0.0363781,0.739311,-0.672353,-0.414899,0.642232,-0.64449,0.6433,0.361003,-0.67513,-0.0745567,0.844752,-0.529893,-0.800653,0.21305,-0.559893,-0.221686,-0.801294,-0.55565,-0.683645,-0.511246,-0.520768,0.520096,-0.516526,-0.680197,0.732261,-0.0196539,-0.680715,0.132206,-0.801752,-0.582812,0.145909,-0.989135,0.0170598,0.692007,-0.721488,-0.0232246,-0.285806,-0.956389,0.0597858,-0.791589,-0.607288,0.0675985,-0.97763,0.205634,0.0436109,-0.65569,0.754692,0.0217902,0.994934,-0.0991546,-0.0145268,0.909513,0.415571,-0.00549333,-0.257668,0.96585,-0.026429,0.0557268,0.997681,0.0384533,-0.562639,0.709861,0.423658,-0.687094,0.304483,0.659658,-0.274209,0.941527,0.195654,-0.954192,0.154576,0.25605,-0.992004,0.12534,-0.013245,0.0140385,0.988006,0.153661,-0.117618,0.745079,0.656484,-0.802484,0.0543535,0.594134,-0.55855,0.394513,0.729606,-0.999329,0.0286569,-0.0216376,-0.717063,0.696982,6.1037e-05,0.0140385,0.988006,0.153661,-0.274209,0.941527,0.195654,-0.650838,0.743522,-0.153508]},"texCoord0":{"type":"float32","components":2,