{
  "resources": [
    "koa.mp3"
  ],
  "spritemap": {
    "vo_01_koa_001": {
      "start": 0,
      "end": 1.7440362811791383,
      "loop": false
    },
    "vo_01_koa_002": {
      "start": 3,
      "end": 3.986666666666667,
      "loop": false
    },
    "vo_01_koa_003": {
      "start": 5,
      "end": 6.002698412698413,
      "loop": false
    },
    "vo_01_koa_004": {
      "start": 8,
      "end": 8.95734693877551,
      "loop": false
    },
    "vo_01_koa_005": {
      "start": 10,
      "end": 11.157369614512472,
      "loop": false
    },
    "vo_01_koa_006": {
      "start": 13,
      "end": 14.210680272108844,
      "loop": false
    },
    "vo_01_koa_007": {
      "start": 16,
      "end": 18.86936507936508,
      "loop": false
    },
    "vo_01_koa_008": {
      "start": 20,
      "end": 24.149319727891157,
      "loop": false
    },
    "vo_01_koa_010": {
      "start": 26,
      "end": 27.744036281179138,
      "loop": false
    },
    "vo_01_koa_011": {
      "start": 29,
      "end": 33.58401360544218,
      "loop": false
    },
    "vo_01_koa_012": {
      "start": 35,
      "end": 37.14403628117914,
      "loop": false
    },
    "vo_01_koa_013": {
      "start": 39,
      "end": 41.31469387755102,
      "loop": false
    },
    "vo_01_koa_015": {
      "start": 43,
      "end": 44.4933560090703,
      "loop": false
    },
    "vo_01_koa_016": {
      "start": 46,
      "end": 48.26136054421769,
      "loop": false
    },
    "vo_01_koa_017": {
      "start": 50,
      "end": 52.16,
      "loop": false
    },
    "vo_01_koa_018": {
      "start": 54,
      "end": 54.938707482993195,
      "loop": false
    },
    "vo_01_koa_019": {
      "start": 56,
      "end": 56.76265306122449,
      "loop": false
    },
    "vo_01_koa_020": {
      "start": 58,
      "end": 58.965374149659866,
      "loop": false
    },
    "vo_01_koa_021": {
      "start": 60,
      "end": 61.34936507936508,
      "loop": false
    },
    "vo_01_koa_022": {
      "start": 63,
      "end": 64.09870748299319,
      "loop": false
    },
    "vo_01_koa_023": {
      "start": 66,
      "end": 66.50655328798186,
      "loop": false
    },
    "vo_01_koa_024": {
      "start": 68,
      "end": 69.3333560090703,
      "loop": false
    },
    "vo_01_koa_025": {
      "start": 71,
      "end": 72.53603174603174,
      "loop": false
    },
    "vo_01_koa_026": {
      "start": 74,
      "end": 76.01598639455783,
      "loop": false
    },
    "vo_01_koa_027": {
      "start": 78,
      "end": 81.42931972789115,
      "loop": false
    },
    "vo_01_koa_028": {
      "start": 83,
      "end": 85.59201814058957,
      "loop": false
    },
    "vo_01_koa_029": {
      "start": 87,
      "end": 88.92002267573696,
      "loop": false
    },
    "vo_01_koa_030": {
      "start": 90,
      "end": 93.36,
      "loop": false
    },
    "vo_01_koa_031": {
      "start": 95,
      "end": 97.70133786848072,
      "loop": false
    },
    "vo_01_koa_032": {
      "start": 99,
      "end": 105.78401360544218,
      "loop": false
    },
    "vo_01_koa_033": {
      "start": 107,
      "end": 109.42136054421769,
      "loop": false
    }
  }
}