{"model":{"version":3,"nodes":[{"name":"RootNode","position":[0,0,0],"rotation":[0,0,0],"scale":[0.01,0.01,0.01],"scaleCompensation":false},{"name":"crispy_pop","position":[0,0,0],"rotation":[-90,0,0],"scale":[100,100,100],"scaleCompensation":false}],"parents":[-1,0],"skins":[],"morphs":[],"vertices":[{"position":{"type":"float32","components":3,"data":[-0.452335,0.198847,0.937401,-0.421341,-0.201153,0.691378,-0.452335,-0.201153,0.937401,-0.421341,0.198847,0.691378,0.151708,0.218849,0.913515,0.451612,0.198847,0.691378,0.151708,0.198847,0.691378,0.452335,0.198847,0.932234,0.452335,-0.201153,0.932234,0.451612,0.198847,0.691378,0.451612,-0.201153,0.691378,-0.141626,-0.216981,0.922599,-0.421341,-0.201153,0.691378,-0.141626,-0.201153,0.691378,0.445041,-0.201153,0.162599,0.151708,-0.218849,0.162599,0.151708,0.216544,0.162599,0.445041,0.198847,0.162599,-0.141626,0.218849,0.922599,0.0570024,0.0288475,-0.904222,0.0650409,-0.00115255,-0.904222,0.0570024,0.0288475,-0.937401,0.0650409,-0.00115255,-0.937401,0.0350409,-0.0531141,-0.904222,0.00504088,-0.0611525,-0.904222,0.0350409,-0.0531141,-0.937401,0.00504088,-0.0611525,-0.937401,-0.0469206,-0.0311525,-0.904222,-0.0549591,-0.00115253,-0.904222,-0.0469206,-0.0311525,-0.937401,-0.0549591,-0.00115253,-0.937401,0.0350409,0.050809,-0.904222,0.0350409,0.050809,-0.937401,-0.0249591,0.050809,-0.904222,0.00504088,0.0588475,-0.904222,-0.0249591,0.050809,-0.937401,0.00504088,0.0588475,-0.937401,0.0570024,-0.0311525,-0.904222,0.0570024,-0.0311525,-0.937401,-0.0249591,-0.053114,-0.904222,-0.0249591,-0.053114,-0.937401,-0.0469207,0.0288475,-0.904222,-0.0469207,0.0288475,-0.937401,0.0650409,-0.00115255,-0.904222,0.0650409,-0.00115255,-0.937401,-0.141626,-0.201153,0.460158,-0.434959,-0.201153,0.162599,-0.141626,-0.218849,0.162599,-0.434959,-0.201153,0.460158,0.403549,-0.201153,0.460158,0.445041,0.198847,0.162599,0.403549,0.198847,0.460158,0.445041,-0.201153,0.162599,0.403549,0.198847,0.460158,0.151708,0.198847,0.460158,-0.434959,0.198847,0.460158,-0.434959,-0.201153,0.162599,-0.434959,-0.201153,0.460158,-0.434959,0.198847,0.162599,-0.434959,0.198847,0.460158,-0.141626,0.216544,0.162599,-0.434959,0.198847,0.162599,-0.141626,0.198847,0.460158,0.403549,-0.201153,0.460158,0.151708,-0.218849,0.162599,0.445041,-0.201153,0.162599,0.151708,-0.201153,0.460158,0.151708,-0.216981,0.913515,-0.434959,-0.201153,0.162599,-0.141626,-0.218849,0.162599,0.451612,-0.201153,0.691378,0.151708,-0.201153,0.691378,-0.421341,0.198847,0.691378,-0.141626,0.198847,0.691378,-0.0469206,-0.0311525,-0.937401,0.00504088,-0.00115252,-0.937401,-0.0249591,-0.053114,-0.937401,0.0350409,0.050809,-0.937401,0.00504088,0.0588475,-0.937401,-0.0249591,0.050809,-0.937401,-0.0469207,0.0288475,-0.937401,0.0570024,-0.0311525,-0.937401,0.0650409,-0.00115255,-0.937401,0.00504088,-0.0611525,-0.937401,-0.0549591,-0.00115253,-0.937401,0.0570024,0.0288475,-0.937401,0.0350409,-0.0531141,-0.937401,-0.0549591,-0.00115253,0.162599,-0.0469207,0.0288475,0.162599,0.00504088,-0.0611525,0.162599,-0.0249591,-0.053114,0.162599,0.0650409,-0.00115255,0.162599,0.0570024,-0.0311525,0.162599,-0.0249591,0.050809,0.162599,0.00504088,0.0588475,0.162599,0.0350409,0.050809,0.162599,-0.0469206,-0.0311525,0.162599,0.0350409,-0.0531141,0.162599,0.0570024,0.0288475,0.162599,0.0650409,-0.00115255,0.162599]},"normal":{"type":"float32","components":3,"data":[-0.615284,0.561571,0.553178,-0.690085,-0.722831,-0.035493,-0.612873,-0.563158,0.554247,-0.691519,0.721305,-0.038789,0.0021363,0.747551,0.664174,0.729759,0.677633,-0.0905179,0.00830103,0.99942,-0.0327769,0.574053,0.5674,0.59032,0.571459,-0.568865,0.591418,0.729759,0.677633,-0.0905179,0.72866,-0.67925,-0.0874355,0.0173345,-0.732627,0.680349,-0.690085,-0.722831,-0.035493,-0.00717185,-0.999603,-0.0261544,0.629048,-0.561846,-0.537217,0.0118107,-0.729453,-0.68392,0.0118107,0.729453,-0.68392,0.629048,0.561846,-0.537217,0.0145268,0.738639,0.67391,0.866024,0.499985,0,1,0,0,0.655721,0.378552,-0.653218,0.757134,0,-0.653218,0.499985,-0.866024,0,0,-1,0,0.378552,-0.655721,-0.653218,0,-0.757134,-0.653218,-0.866024,-0.499985,0,-1,0,0,-0.655721,-0.378552,-0.653218,-0.757134,0,-0.653218,0.499985,0.866024,0,0.378552,0.655721,-0.653218,-0.499985,0.866024,0,0,1,0,-0.378552,0.655721,-0.653218,0,0.757134,-0.653218,0.866024,-0.499985,0,0.655721,-0.378552,-0.653218,-0.499985,-0.866024,0,-0.378552,-0.655721,-0.653218,-0.866024,0.499985,0,-0.655721,0.378552,-0.653218,1,0,0,0.757134,0,-0.653218,-0.00750755,-0.999695,0.022248,-0.587268,-0.569567,-0.57503,-0.0109867,-0.729057,-0.684317,-0.718467,-0.694815,0.0313425,0.670583,-0.741752,-0.0102237,0.629048,0.561846,-0.537217,0.670583,0.741752,-0.0102237,0.629048,-0.561846,-0.537217,0.670583,0.741752,-0.0102237,0.00808741,0.999695,0.0228278,-0.718467,0.694815,0.0313425,-0.587268,-0.569567,-0.57503,-0.718467,-0.694815,0.0313425,-0.587268,0.569567,-0.57503,-0.718467,0.694815,0.0313425,-0.0109867,0.729057,-0.684317,-0.587268,0.569567,-0.57503,-0.00750755,0.999695,0.022248,0.670583,-0.741752,-0.0102237,0.0118107,-0.729453,-0.68392,0.629048,-0.561846,-0.537217,0.00808741,-0.999695,0.0228278,-0.000640889,-0.741508,0.670919,-0.587268,-0.569567,-0.57503,-0.0109867,-0.729057,-0.684317,0.72866,-0.67925,-0.0874355,0.00656148,-0.999634,-0.0259713,-0.691519,0.721305,-0.038789,-0.009064,0.99939,-0.033021,-0.655721,-0.378552,-0.653218,0,0,-0.999969,-0.378552,-0.655721,-0.653218,0.378552,0.655721,-0.653218,0,0.757134,-0.653218,-0.378552,0.655721,-0.653218,-0.655721,0.378552,-0.653218,0.655721,-0.378552,-0.653218,0.757134,0,-0.653218,0,-0.757134,-0.653218,-0.757134,0,-0.653218,0.655721,0.378552,-0.653218,0.378552,-0.655721,-0.653218,-1,0,0,-0.866024,0.499985,0,0,-1,0,-0.499985,-0.866024,0,1,0,0,0.866024,-0.499985,0,-0.499985,0.866024,0,0,1,0,0.499985,0.866024,0,-0.866024,-0.499985,0,0.499985,-0.866024,0,0.866024,0.499985,0,1,0,0]},"texCoord0":{"type":"float32","components":2,"data":[0.676235,0.516524,0.776845,0.673123,0.678786,0.674704,0.774294,0.514943,0.438639,0.511591,0.318599,0.425427,0.436868,0.423527,0.319586,0.520443,0.320482,0.678801,0.224232,0.520982,0.225128,0.679341,0.556567,0.682019,0.667402,0.772396,0.556734,0.773149,0.313527,0.0590767,0.428408,0.0477141,0.434015,0.217181,0.319548,0.216097,0.553797,0.511753,0.07587,0.470565,0.0628131,0.470565,0.0758701,0.484514,0.0628132,0.484514,0.193381,0.470565,0.180324,0.470565,0.193381,0.484514,0.180324,0.484514,0.154211,0.470565,0.141154,0.470565,0.154211,0.484514,0.141154,0.484514,0.0889268,0.470565,0.0889268,0.484514,0.11504,0.470565,0.101983,0.470565,0.11504,0.484514,0.101984,0.484514,0.206438,0.470565,0.206438,0.484514,0.167267,0.470565,0.167267,0.484514,0.128097,0.470565,0.128097,0.484514,0.219495,0.470565,0.219494,0.484514,0.557171,0.864645,0.674064,0.981794,0.557674,0.982706,0.67335,0.86394,0.131632,0.67987,0.0117934,0.522184,0.130736,0.521511,0.0126894,0.680543,0.336181,0.333771,0.435369,0.332727,0.865889,0.513466,0.986109,0.669748,0.868439,0.671646,0.983559,0.511568,0.665449,0.327391,0.546962,0.214753,0.661632,0.209871,0.550178,0.33056,0.341192,0.865576,0.441486,0.9832,0.32508,0.98349,0.440964,0.865102,0.440226,0.684801,0.66156,0.0508982,0.544515,0.0446415,0.321671,0.774098,0.440561,0.773418,0.662371,0.419009,0.551985,0.421119,0.171703,0.863414,0.144203,0.870783,0.171703,0.878152,0.116703,0.863414,0.124072,0.850652,0.136835,0.843283,0.151572,0.843283,0.136835,0.898283,0.124072,0.890915,0.164335,0.890915,0.164335,0.850652,0.116703,0.878152,0.151572,0.898283,0.141153,0.022064,0.128096,0.022064,0.180325,0.022064,0.167268,0.022064,0.219496,0.0220641,0.206439,0.022064,0.115039,0.022064,0.101982,0.0220641,0.0889244,0.0220641,0.15421,0.022064,0.193382,0.022064,0.0758671,0.0220642,0.06281,0.0220643]}}],"meshes":[{"aabb":{"min":[-0.452335,-0.218849,-0.937401],"max":[0.452335,0.218849,0.937401]},"vertices":0,