{"model":{"version":3,"nodes":[{"name":"RootNode","position":[0,0,0],"rotation":[0,0,0],"scale":[0.01,0.01,0.01],"scaleCompensation":false},{"name":"Diamond","position":[0,0,0],"rotation":[-90,0,0],"scale":[100,100,100],"scaleCompensation":false}],"parents":[-1,0],"skins":[],"morphs":[],"vertices":[{"position":{"type":"float32","components":3,"data":[0.771138,0,0,3.41031e-09,0,-0.8,0.385569,0.667825,0,3.41031e-09,0,-0.8,0.771138,0,0,0.385569,-0.667825,0,3.41031e-09,0,-0.8,0.385569,-0.667825,0,-0.385569,-0.667825,0,3.41031e-09,0,-0.8,-0.385569,-0.667825,0,-0.771138,-6.7415e-08,0,3.41031e-09,0,-0.8,-0.771138,-6.7415e-08,0,-0.385569,0.667825,0,3.41031e-09,0,-0.8,-0.385569,0.667825,0,0.385569,0.667825,0,0.771138,0,0,0.231341,0.400695,0.35,0.462683,0,0.35,0.462683,0,0.35,0.385569,-0.667825,0,0.771138,0,0,0.231341,-0.400695,0.35,-0.385569,-0.667825,0,0.385569,-0.667825,0,-0.231341,-0.400695,0.35,-0.771138,-6.7415e-08,0,-0.385569,-0.667825,0,-0.771138,-6.7415e-08,0,-0.231341,0.400695,0.35,-0.385569,0.667825,0,-0.231341,0.400695,0.35,0.385569,0.667825,0,-0.385569,0.667825,0,3.41031e-09,0,0.35,0.462683,0,0.35,0.231341,0.400695,0.35,0.231341,-0.400695,0.35,0.231341,-0.400695,0.35,3.41031e-09,0,0.35,-0.231341,-0.400695,0.35,-0.231341,-0.400695,0.35,3.41031e-09,0,0.35,-0.462683,-4.0449e-08,0.35,-0.462683,-4.0449e-08,0.35,3.41031e-09,0,0.35,-0.231341,0.400695,0.35,-0.231341,0.400695,0.35,0.231341,0.400695,0.35,0.771138,0,0,0.385569,0.667825,0,0.231341,0.400695,0.35,0.462683,0,0.35,0.231341,-0.400695,0.35,0.385569,-0.667825,0,0.231341,-0.400695,0.35,-0.231341,-0.400695,0.35,-0.385569,-0.667825,0,-0.231341,-0.400695,0.35,-0.462683,-4.0449e-08,0.35,-0.771138,-6.7415e-08,0,-0.771138,-6.7415e-08,0,-0.462683,-4.0449e-08,0.35,-0.231341,0.400695,0.35,-0.231341,0.400695,0.35,0.231341,0.400695,0.35,0.385569,0.667825,0]},"normal":{"type":"float32","components":3,"data":[0.664825,0.383837,-0.64084,0.664825,0.383837,-0.64084,0.664825,0.383837,-0.64084,0.664825,-0.383837,-0.64084,0.664825,-0.383837,-0.64084,0.664825,-0.383837,-0.64084,7.41712e-08,-0.767674,-0.64084,7.41712e-08,-0.767674,-0.64084,7.41712e-08,-0.767674,-0.64084,-0.664825,-0.383837,-0.64084,-0.664825,-0.383837,-0.64084,-0.664825,-0.383837,-0.64084,-0.664825,0.383837,-0.64084,-0.664825,0.383837,-0.64084,-0.664825,0.383837,-0.64084,7.41712e-08,0.767674,-0.64084,7.41712e-08,0.767674,-0.64084,7.41712e-08,0.767674,-0.64084,0.688424,0.397462,0.606709,0.688424,0.397462,0.606709,0.688424,0.397462,0.606709,0.688424,-0.397462,0.606709,0.688424,-0.397462,0.606709,0.688424,-0.397462,0.606709,4.3888e-08,-0.794924,0.606709,4.3888e-08,-0.794924,0.606709,4.3888e-08,-0.794924,0.606709,-0.688424,-0.397462,0.606709,-0.688424,-0.397462,0.606709,-0.688424,-0.397462,0.606709,-0.688424,0.397462,0.606709,-0.688424,0.397462,0.606709,-0.688424,0.397462,0.606709,6.5832e-08,0.794924,0.606709,6.5832e-08,0.794924,0.606709,6.5832e-08,0.794924,0.606709,0,0,1,0,0,1,0,0,1,0,0,1,1.60751e-07,0,1,1.60751e-07,0,1,1.60751e-07,0,1,-8.02618e-09,0,1,-8.02618e-09,0,1,-8.02618e-09,0,1,-1.60751e-07,0,1,-1.60751e-07,0,1,-1.60751e-07,0,1,1.60751e-07,0,1,1.60751e-07,0,1,0.688424,0.397462,0.606709,0.688424,0.397462,0.606709,0.688424,0.397462,0.606709,0.688424,-0.397462,0.606709,0.688424,-0.397462,0.606709,0.688424,-0.397462,0.606709,1.46293e-07,-0.794924,0.606709,1.46293e-07,-0.794924,0.606709,1.46293e-07,-0.794924,0.606709,-0.688424,-0.397462,0.606709,-0.688424,-0.397462,0.606709,-0.688424,-0.397462,0.606709,-0.688424,0.397462,0.606709,-0.688424,0.397462,0.606709,-0.688424,0.397462,0.606709,1.0972e-07,0.794924,0.606709,1.0972e-07,0.794924,0.606709,1.0972e-07,0.794924,0.606709]},"texCoord0":{"type":"float32","components":2,"data":[0.500933,0.386293,0.745403,0.527438,0.500933,0.668582,0.745403,0.527438,0.500933,0.386293,0.745403,0.245148,0.745403,0.527438,0.745403,0.245148,0.989873,0.386293,0.745403,0.527438,0.989873,0.386293,0.989873,0.668582,0.745403,0.527438,0.989873,0.668582,0.745403,0.809728,0.745403,0.527438,0.745403,0.809728,0.500933,0.668582,0.500933,0.386293,0.380484,0.593788,0.374823,0.452661,0.374823,0.452661,0.255342,0.244614,0.500933,0.386293,0.250028,0.387317,0.0101269,0.388082,0.255342,0.244614,0.13186,0.462902,0.016742,0.673075,0.0101269,0.388082,0.016742,0.673075,0.259659,0.671366,0.260901,0.810739,0.259659,0.671366,0.500933,0.668582,0.260901,0.810739,0.256208,0.527824,0.374823,0.452661,0.380484,0.593788,0.250028,0.387317,0.250028,0.387317,0.256208,0.527824,0.13186,0.462902,0.13186,0.462902,0.256208,0.527824,0.140287,0.599079,0.140287,0.599079,0.256208,0.527824,0.259659,0.671366,0.259659,0.671366,0.380484,0.593788,0.500933,0.386293,0.500933,0.668582,0.380484,0.593788,0.374823,0.452661,0.250028,0.387317,0.255342,0.244614,0.250028,0.387317,0.13186,0.462902,0.0101269,0.388082,0.13186,0.462902,0.140287,0.599079,0.016742,0.673075,0.016742,0.673075,0.140287,0.599079,0.259659,0.671366,0.259659,0.671366,0.380484,0.593788,0.500933,0.668582]}}],"meshes":[{"aabb":{"min":[-0.771138,-0.667825,-0.8],"max":[0.771138,0.667825,0.35]},"vertices":0,"indices":[0,1,2,3,4,5,6,7,8,9,10,11,12,13,14,15,16,17,18,19,20,21,22,23,24,25,26,27,28,29,30,31,32,33,34,35,36,37,38,37,36,39,40,41,42,43,44,45,46,47,48,49,41,50,51,52,53,54,55,56,57,58,59,60,61,62,63,64,65,66,67,68],"type":"triangles","base":0,"count":72}],"meshInstances":[{"node":1,"mesh":0}]}}