{"model":{"version":3,"nodes":[{"name":"RootNode","position":[0,0,0],"rotation":[0,0,0],"scale":[0.01,0.01,0.01],"scaleCompensation":false},{"name":"Cube","position":[0,1.65532,0],"rotation":[0,0,0],"scale":[1.60079,1.60079,0.0774987],"scaleCompensation":false}],"parents":[-1,0],"skins":[],"morphs":[],"vertices":[{"position":{"type":"float32","components":3,"data":[-54.6652,1.10704,100,43.9852,1.10704,-100,43.9852,1.10704,100,-54.6652,1.10704,-100,-50.8846,186.226,99.9996,-50.8305,334.934,100,-50.8305,334.934,-100,-50.8846,186.226,-100,43.9852,1.10704,100,43.9852,1.10704,-100,35.8116,93.3608,99.9995,35.8118,93.3608,-100.001,-50.8846,186.226,99.9996,-32.2754,175.835,99.9996,-37.0773,197.754,99.9996,-50.8846,186.226,99.9996,-54.6652,1.10704,-100,-54.6652,1.10704,100,-50.8846,186.226,-100,39.1092,194.617,-100,34.9885,137.89,-100,27.9057,187.864,-100,28.1274,208.331,-100,85.3448,340.246,100,84.7748,502.986,-99.9991,84.7748,502.986,100.001,85.3449,340.246,-99.9995,-79.0671,341.713,100,-79.0671,341.713,-99.9998,-50.8305,334.934,100,-50.8305,334.934,-100,-79.0671,341.713,100,-90.1711,503.03,100.001,-90.1711,503.03,-99.9992,-79.0671,341.713,-99.9998,-90.1711,503.03,100.001,84.7748,502.986,100.001,84.7748,502.986,-99.9991,-90.1711,503.03,-99.9992,27.5328,297.877,100,28.681,333.083,-99.9996,28.6809,333.083,100,27.5329,297.877,-99.9998,28.6809,333.083,100,85.3449,340.246,-99.9995,85.3448,340.246,100,28.681,333.083,-99.9996,30.7816,242.273,100,27.5329,297.877,-99.9998,27.5328,297.877,100,30.7817,242.273,-100,39.109,194.617,100,30.7817,242.273,-100,30.7816,242.273,100,39.1092,194.617,-100,34.9884,137.89,99.9998,39.1092,194.617,-100,39.109,194.617,100,34.9885,137.89,-100,35.8116,93.3608,99.9995,34.9885,137.89,-100,34.9884,137.89,99.9998,35.8118,93.3608,-100.001,-32.2754,175.835,99.9996,-23.3068,157.213,-100,-32.2754,175.835,-100,-23.3068,157.213,99.9996,-37.0773,197.754,99.9996,-26.8699,217.079,-100,-26.8699,217.079,99.9998,-37.0773,197.754,-100,-12.0295,146.145,99.9996,-23.3068,157.213,-100,-23.3068,157.213,99.9996,-12.0295,146.145,-100,-26.8699,217.079,99.9998,-9.51016,232.019,-100,-9.51016,232.019,99.9998,-26.8699,217.079,-100,-33.4491,393.422,100,44.9737,390.892,-99.9994,-33.4491,393.422,-99.9995,44.9737,390.892,100.001,-12.0295,146.145,99.9996,-3.69713,144.359,-100,-12.0295,146.145,-100,-3.69713,144.359,99.9996,21.7737,166.231,99.9998,27.9057,187.864,-100,21.7737,166.231,-100,27.9057,187.864,99.9999,44.9737,390.892,-99.9994,28.681,333.083,-99.9996,-33.4491,393.422,-99.9995,-50.8305,334.934,-100,-79.0671,341.713,-99.9998,85.3449,340.246,-99.9995,-79.0671,341.713,-99.9998,-90.1711,503.03,-99.9992,-33.4491,393.422,-99.9995,-32.8869,475.92,-99.9992,-33.4491,393.422,100,28.6809,333.083,100,44.9737,390.892,100.001,-50.8305,334.934,100,-79.0671,341.713,100,85.3448,340.246,100,44.9737,390.892,100.001,84.7748,502.986,100.001,42.725,472.828,100.001,85.3448,340.246,100,-3.69713,144.359,99.9996,13.2351,153.07,-100,-3.69713,144.359,-100,13.2351,153.07,99.9997,-9.51016,232.019,99.9998,7.5242,238.094,-100,7.5242,238.094,99.9999,-9.51016,232.019,-100,7.5242,238.094,99.9999,17.3199,234.652,-100,17.3199,234.652,99.9999,7.5242,238.094,-100,28.1274,208.331,99.9999,27.9057,187.864,-100,27.9057,187.864,99.9999,28.1274,208.331,-100,44.9737,390.892,100.001,42.725,472.828,-99.9992,44.9737,390.892,-99.9994,42.725,472.828,100.001,-37.0773,197.754,-100,-37.0773,197.754,99.9996,-32.2754,175.835,99.9996,-32.2754,175.835,-100,-32.8869,475.92,100.001,42.725,472.828,-99.9992,42.725,472.828,100.001,-32.8869,475.92,-99.9992,-32.8869,475.92,-99.9992,-32.8869,475.92,100.001,-33.4491,393.422,100,-33.4491,393.422,-99.9995,24.1063,223.972,99.9999,17.3199,234.652,-100,24.1063,223.972,-100,17.3199,234.652,99.9999,28.1274,208.331,99.9999,24.1063,223.972,-100,28.1274,208.331,-100,24.1063,223.972,99.9999,13.2351,153.07,99.9997,21.7737,166.231,-100,13.2351,153.07,-100,21.7737,166.231,99.9998,-90.1711,503.03,100.001,-33.4491,393.422,100,-32.8869,475.92,100.001,-79.0671,341.713,100,-32.8869,475.92,100.001,84.7748,502.986,100.001,-90.1711,503.03,100.001,42.725,472.828,100.001,28.1274,208.331,99.9999,30.7816,242.273,100,24.1063,223.972,99.9999,39.109,194.617,100,44.9737,390.892,-99.9994,84.7748,502.986,-99.9991,85.3449,340.246,-99.9995,42.725,472.828,-99.9992,-32.8869,475.92,-99.9992,84.7748,502.986,-99.9991,42.725,472.828,-99.9992,-90.1711,503.03,-99.9992,30.7817,242.273,-100,24.1063,223.972,-100,17.3199,234.652,-100,30.7816,242.273,100,17.3199,234.652,99.9999,24.1063,223.972,99.9999,30.7816,242.273,100,7.5242,238.094,99.9999,17.3199,234.652,99.9999,28.6809,333.083,100,27.5328,297.877,100,28.6809,333.083,100,-50.8305,334.934,100,7.5242,238.094,99.9999,-9.51016,232.019,99.9998,-54.6652,1.10704,100,-32.2754,175.835,99.9996,-50.8846,186.226,99.9996,-54.6652,1.10704,100,-23.3068,157.213,99.9996,-32.2754,175.835,99.9996,39.109,194.617,100,28.1274,208.331,99.9999,27.9057,187.864,99.9999,-23.3068,157.213,99.9996,-54.6652,1.10704,100,-12.0295,146.145,99.9996,43.9852,1.10704,100,-12.0295,146.145,99.9996,43.9852,1.10704,100,-3.69713,144.359,99.9996,-3.69713,144.359,99.9996,43.9852,1.10704,100,35.8116,93.3608,99.9995,13.2351,153.07,99.9997,13.2351,153.07,99.9997,35.8116,93.3608,99.9995,34.9884,137.89,99.9998,21.7737,166.231,99.9998,39.109,194.617,100,21.7737,166.231,99.9998,34.9884,137.89,99.9998,27.9057,187.864,99.9999,-50.8305,334.934,100,-26.8699,217.079,99.9998,-9.51016,232.019,99.9998,-50.8305,334.934,100,-50.8846,186.226,99.9996,-26.8699,217.079,99.9998,-37.0773,197.754,99.9996,-50.8846,186.226,-100,-37.0773,197.754,-100,-32.2754,175.835,-100,35.8118,93.3608,-100.001,21.7737,166.231,-100,34.9885,137.89,-100,27.9057,187.864,-100,21.7737,166.231,-100,35.8118,93.3608,-100.001,13.2351,153.07,-100,43.9852,1.10704,-100,-3.69713,144.359,-100,35.8118,93.3608,-100.001,13.2351,153.07,-100,-54.6652,1.10704,-100,-3.69713,144.359,-100,43.9852,1.10704,-100,-12.0295,146.145,-100,-54.6652,1.10704,-100,-50.8846,186.226,-100,-23.3068,157.213,-100,-12.0295,146.145,-100,-23.3068,157.213,-100,-50.8846,186.226,-100,-32.2754,175.835,-100,28.1274,208.331,-100,30.7817,242.273,-100,39.1092,194.617,-100,24.1063,223.972,-100,-50.8305,334.934,-100,-9.51016,232.019,-100,-26.8699,217.079,-100,30.7817,242.273,-100,7.5242,238.094,-100,27.5329,297.877,-99.9998,28.681,333.083,-99.9996,17.3199,234.652,-100,-50.8305,334.934,-100,7.5242,238.094,-100,-9.51016,232.019,-100,28.681,333.083,-99.9996,-50.8846,186.226,-100,-50.8305,334.934,-100,-26.8699,217.079,-100,-37.0773,197.754,-100]},"normal":{"type":"float32","components":3,