{"model":{"version":3,"nodes":[{"name":"RootNode","position":[0,0,0],"rotation":[0,0,0],"scale":[0.01,0.01,0.01],"scaleCompensation":false},{"name":"Cube","position":[0,0,0],"rotation":[0,0,0],"scale":[1,1,0.0775],"scaleCompensation":false}],"parents":[-1,0],"skins":[],"morphs":[],"vertices":[{"position":{"type":"float32","components":3,"data":[-101.725,316.261,100,-101.725,316.261,-99.9998,-114.144,0,100,-114.144,0,-100,-101.725,316.261,-99.9998,-55.2813,243.066,-100,-54.929,173.155,-100,73.091,0,100,60.6714,316.606,-99.9998,60.6714,316.606,100,73.091,0,-100,-101.725,316.261,100,-54.929,173.155,100,-55.2813,243.066,100,73.091,0,100,-114.144,0,100,-114.144,0,-100,73.091,0,-100,-131.693,338.688,-99.9998,90.5786,339.033,-99.9998,60.6714,316.606,-99.9998,-101.725,316.261,-99.9998,86.6544,383.539,-99.9998,86.6544,383.539,100,90.5786,339.033,100,90.5786,339.033,-99.9998,90.5786,339.033,-99.9998,90.5786,339.033,100,60.6714,316.606,100,60.6714,316.606,-99.9998,-131.693,338.688,100,-101.725,316.261,-99.9998,-101.725,316.261,100,-131.693,338.688,-99.9998,-131.693,338.688,100,60.6714,316.606,100,90.5786,339.033,100,-101.725,316.261,100,-128.372,383.194,100,86.6544,383.539,100,86.6544,383.539,-99.9998,-128.372,383.194,-99.9998,-128.372,383.194,100,-131.693,338.688,-99.9998,-131.693,338.688,100,-128.372,383.194,-99.9998,86.6544,383.539,100,-128.372,383.194,100,-131.693,338.688,100,90.5786,339.033,100,-131.693,338.688,-99.9998,86.6544,383.539,-99.9998,90.5786,339.033,-99.9998,-128.372,383.194,-99.9998,60.6714,316.606,-99.9998,13.7456,173.155,-100,12.1813,243.066,-100,9.80179,266.784,100,-1.2024,280.2,-99.9997,9.80179,266.784,-99.9998,-1.2024,280.2,100,-39.2623,280.919,100,-21.0709,285.471,-99.9997,-21.0709,285.471,100,-39.2623,280.919,-99.9997,-55.2813,243.066,100,-50.9852,267.503,-99.9998,-50.9852,267.503,100,-55.2813,243.066,-100,12.1813,243.066,100,9.80179,266.784,-99.9998,12.1813,243.066,-100,9.80179,266.784,100,13.7456,173.155,100,12.1813,243.066,-100,13.7456,173.155,-100,12.1813,243.066,100,-101.725,316.261,100,-55.2813,243.066,100,-50.9852,267.503,100,-1.2024,280.2,100,-21.0709,285.471,-99.9997,-1.2024,280.2,-99.9997,-21.0709,285.471,100,-50.9852,267.503,100,-39.2623,280.919,-99.9997,-39.2623,280.919,100,-50.9852,267.503,-99.9998,-55.2813,243.066,-100,-55.2813,243.066,100,-54.929,173.155,100,-54.929,173.155,-100,13.7456,173.155,100,-54.929,173.155,-100,-54.929,173.155,100,13.7456,173.155,-100,-101.725,316.261,100,-50.9852,267.503,100,-39.2623,280.919,100,-101.725,316.261,100,-39.2623,280.919,100,-21.0709,285.471,100,60.6714,316.606,100,-21.0709,285.471,100,-1.2024,280.2,100,60.6714,316.606,100,-1.2024,280.2,100,9.80179,266.784,100,60.6714,316.606,100,9.80179,266.784,100,12.1813,243.066,100,60.6714,316.606,100,-101.725,316.261,100,-21.0709,285.471,100,13.7456,173.155,100,60.6714,316.606,100,12.1813,243.066,100,-114.144,0,100,-54.929,173.155,100,-101.725,316.261,100,73.091,0,100,60.6714,316.606,100,13.7456,173.155,100,-114.144,0,100,73.091,0,100,13.7456,173.155,100,-54.929,173.155,100,60.6714,316.606,-99.9998,12.1813,243.066,-100,9.80179,266.784,-99.9998,60.6714,316.606,-99.9998,9.80179,266.784,-99.9998,-1.2024,280.2,-99.9997,60.6714,316.606,-99.9998,-1.2024,280.2,-99.9997,-21.0709,285.471,-99.9997,-101.725,316.261,-99.9998,60.6714,316.606,-99.9998,-21.0709,285.471,-99.9997,-101.725,316.261,-99.9998,-21.0709,285.471,-99.9997,-39.2623,280.919,-99.9997,-101.725,316.261,-99.9998,-39.2623,280.919,-99.9997,-50.9852,267.503,-99.9998,-55.2813,243.066,-100,-101.725,316.261,-99.9998,-50.9852,267.503,-99.9998,-114.144,0,-100,-101.725,316.261,-99.9998,-54.929,173.155,-100,-114.144,0,-100,13.7456,173.155,-100,73.091,0,-100,-54.929,173.155,-100,60.6714,316.606,-99.9998,73.091,0,-100,13.7456,173.155,-100]},"normal":{"type":"float32","components":3,"data":[-0.99923,0.0392397,0,-0.99923,0.0392397,0,-0.99923,0.0392397,0,-0.99923,0.0392397,0,-2.27996e-06,7.45952e-07,-1,-2.27996e-06,7.45952e-07,-1,-2.27996e-06,7.45952e-07,-1,0.999232,0.039197,0,0.999232,0.039197,0,0.999232,0.039197,0,0.999232,0.039197,0,3.31488e-06,-7.34387e-07,1,3.31488e-06,-7.34387e-07,1,3.31488e-06,-7.34387e-07,1,0,-1,0,0,-1,0,0,-1,0,0,-1,0,0,0,-1,0,0,-1,0,0,-1,0,0,-1,0.996135,0.0878328,0,0.996135,0.0878328,0,0.996135,0.0878328,0,0.996135,0.0878328,0,0.599942,-0.800044,0,0.599942,-0.800044,0,0.599942,-0.800044,0,0.599942,-0.800044,0,-0.599166,-0.800625,0,-0.599166,-0.800625,0,-0.599166,-0.800625,0,-0.599166,-0.800625,0,0,0,1,0,0,1,0,0,1,0,0,1,-0.00160441,0.999999,0,-0.00160441,0.999999,0,-0.00160441,0.999999,0,-0.00160441,0.999999,0,-0.997228,0.0744007,0,-0.997228,0.0744007,0,-0.997228,0.0744007,0,-0.997228,0.0744007,0,0,0,1,0,0,1,0,0,1,0,0,1,0,0,-1,0,0,-1,0,0,-1,0,0,-1,2.0906e-06,6.58961e-07,-1,2.0906e-06,6.58961e-07,-1,2.0906e-06,6.58961e-07,-1,-0.773185,-0.63418,0,-0.773185,-0.63418,0,-0.773185,-0.63418,0,-0.773185,-0.63418,0,0.242739,-0.970092,0,0.242739,-0.970092,0,0.242739,-0.970092,0,0.242739,-0.970092,0,0.984895,-0.17315,0,0.984895,-0.17315,0,0.984895,-0.17315,0,0.984895,-0.17315,0,-0.995005,-0.0998241,3.90706e-09,-0.995005,-0.0998241,3.90706e-09,-0.995005,-0.0998241,3.90706e-09,-0.995005,-0.0998241,3.90706e-09,-0.99975,-0.0223703,5.43324e-10,-0.99975,-0.0223703,5.43324e-10,-0.99975,-0.0223703,5.43324e-10,-0.99975,-0.0223703,5.43324e-10,-6.21548e-06,-6.42568e-06,1,-6.21548e-06,-6.42568e-06,1,-6.21548e-06,-6.42568e-06,1,-0.256409,-0.966568,0,-0.256409,-0.966568,0,-0.256409,-0.966568,0,-0.256409,-0.966568,0,0.753028,-0.657988,0,0.753028,-0.657988,0,0.753028,-0.657988,0,0.753028,-0.657988,0,0.999987,0.00503902,0,0.999987,0.00503902,0,0.999987,0.00503902,0,0.999987,0.00503902,0,0,1,0,0,1,0,0,1,0,0,1,0,1.27709e-07,-2.37977e-07,1,1.27709e-07,-2.37977e-07,1,1.27709e-07,-2.37977e-07,1,-5.39388e-06,-8.9994e-06,1,-5.39388e-06,-8.9994e-06,1,-5.39388e-06,-8.9994e-06,1,4.90264e-06,-8.23551e-06,1,4.90264e-06,-8.23551e-06,1,4.90264e-06,-8.23551e-06,1,5.51213e-06,-9.92826e-06,1,5.51213e-06,-9.92826e-06,1,5.51213e-06,-9.92826e-06,1,-1.83453e-06,-1.88363e-06,1,-1.83453e-06,-1.88363e-06,1,-1.83453e-06,-1.88363e-06,1,-8.99542e-09,3.31926e-06,1,-8.99542e-09,3.31926e-06,1,-8.99542e-09,3.31926e-06,1,-4.99325e-06,-1.70054e-07,1,-4.99325e-06,-1.70054e-07,1,-4.99325e-06,-1.70054e-07,1,3.02656e-06,-6.83167e-07,1,3.02656e-06,-6.83167e-07,1,3.02656e-06,-6.83167e-07,1,-3.01635e-06,-7.16463e-07,1,-3.01635e-06,-7.16463e-07,1,-3.01635e-06,-7.16463e-07,1,0,2.4212e-07,1,0,2.4212e-07,1,0,2.4212e-07,1,0,2.4212e-07,1,-5.16526e-06,5.8758e-06,-1,-5.16526e-06,5.8758e-06,-1,-5.16526e-06,5.8758e-06,-1,-5.66102e-06,5.93274e-06,-1,-5.66102e-06,5.93274e-06,-1,-5.66102e-06,5.93274e-06,-1,-6.58574e-07,-2.55585e-06,-1,-6.58574e-07,-2.55585e-06,-1,-6.58574e-07,-2.55585e-06,-1,8.99542e-09,-4.26762e-06,-1,8.99542e-09,-4.26762e-06,-1,8.99542e-09,-4.26762e-06,-1,6.43736e-07,-2.89266e-06,-1,6.43736e-07,-2.89266e-06,-1,6.43736e-07,-2.89266e-06,-1,5.44187e-06,5.59245e-06,-1,5.44187e-06,5.59245e-06,-1,5.44187e-06,5.59245e-06,-1,4.61136e-06,4.93492e-06,-1,4.61136e-06,4.93492e-06,-1,4.61136e-06,4.93492e-06,-1,-2.11684e-06,7.19123e-07,-1,-2.11684e-06,7.19123e-07,-1,-2.11684e-06,7.19123e-07,-1,0,0,-1,0,0,-1,0,0,-1,0,0,-1,2.10901e-06,7.16463e-07,-1,2.10901e-06,7.16463e-07,-1,2.10901e-06,7.16463e-07,-1]},"texCoord0":{"type":"float32","components":2,