{"model":{"version":3,"nodes":[{"name":"RootNode","position":[0,0,0],"rotation":[0,0,0],"scale":[0.01,0.01,0.01],"scaleCompensation":false},{"name":"willa","position":[0,0,0],"rotation":[-90,0,0],"scale":[100,100,100],"scaleCompensation":false}],"parents":[-1,0],"skins":[],"morphs":[],"vertices":[{"position":{"type":"float32","components":3,"data":[3.57628e-08,-0.848528,0.4,-0.707107,-0.707107,0,5.96046e-08,-1.41421,0,-0.424264,-0.424264,0.4,-0.707107,0.707107,0,-0.554328,0.22961,0.4,-0.424264,0.424264,0.4,-0.92388,0.382683,0,0.707107,-0.707107,0,0.92388,-0.382683,0,0.424264,-0.424264,0.4,0.554328,-0.22961,0.4,-1,-5.96046e-08,0,-0.6,-3.57628e-08,0.4,1,3.57628e-07,0,0.6,2.14577e-07,0.4,-0.554328,-0.22961,0.4,-0.92388,-0.382683,0,0.554328,0.22961,0.4,0.923879,0.382684,0,0.424264,0.424264,0.4,0.707107,0.707107,0,0.382683,0.92388,0,0.22961,0.554328,0.4,-0.22961,0.554328,0.4,0,0,0.4,-3.57628e-08,0.6,0.4,-5.96046e-08,1,0,-0.382683,0.92388,0,-0.188471,1.17368,0.0701438,-0.0780675,1.28408,0.0701438,-0.0918441,1.31734,0,-0.221731,1.18745,0,0.0780673,1.28408,0.0701438,0.155212,1.1599,0,0.188471,1.17368,0.0701438,0.0642907,1.25082,0,-0.188471,1.01754,0.0701438,-0.221731,1.00377,0,-0.155212,1.1599,0,-0.0642909,1.25082,0,-0.0918441,0.873879,0,-0.0780675,0.907139,0.0701438,-0.155212,1.03132,0,0.188471,1.01754,0.0701438,0.221731,1.00377,0,0.221731,1.18745,0,-0.0642909,0.940399,0,0.0780673,0.907139,0.0701438,0.0918439,0.873879,0,0.0918438,1.31734,0,0.155212,1.03132,0,0.0642907,0.940399,0,3.57628e-08,-0.848528,-0.4,-0.424264,-0.424264,-0.4,-0.554328,0.22961,-0.4,-0.424264,0.424264,-0.4,0.424264,-0.424264,-0.4,0.554328,-0.22961,-0.4,-0.6,-3.57628e-08,-0.4,0.6,2.14577e-07,-0.4,-0.554328,-0.22961,-0.4,0.554328,0.22961,-0.4,0.22961,0.554328,-0.4,0.424264,0.424264,-0.4,-0.22961,0.554328,-0.4,-3.57628e-08,0.6,-0.4,0,0,-0.4,-0.188471,1.17368,-0.0701438,-0.0780675,1.28408,-0.0701438,0.0780673,1.28408,-0.0701438,0.188471,1.17368,-0.0701438,-0.188471,1.01754,-0.0701438,-0.0780675,0.907139,-0.0701438,0.188471,1.01754,-0.0701438,0.0780673,0.907139,-0.0701438]},"normal":{"type":"float32","components":3,"data":[0,-0.424512,0.905393,-0.770409,-0.637501,0,0,-1,0,-0.313456,-0.25483,0.914762,-0.707083,0.707083,0,-0.389843,0.161473,0.906583,-0.298379,0.298379,0.906583,-0.923856,0.382672,0,0.770409,-0.637501,0,0.923856,-0.382672,0,0.313456,-0.25483,0.914762,0.389843,-0.161473,0.906583,-1,0,0,-0.421979,0,0.906583,1,0,0,0.421979,0,0.906583,-0.389843,-0.161473,0.906583,-0.923856,-0.382672,0,0.389843,0.161473,0.906583,0.923856,0.382672,0,0.298379,0.298379,0.906583,0.707083,0.707083,0,0.382672,0.923856,0,0.161473,0.389843,0.906583,-0.161473,0.389843,0.906583,0,0,1,0,0.421979,0.906583,0,1,0,-0.382672,0.923856,0,-0.196661,0.0814539,0.97705,-0.0814539,0.196661,0.977081,-0.382672,0.923856,0,-0.923856,0.382672,0,0.0814539,0.196661,0.97705,-0.923856,-0.382672,0,0.196661,0.0814539,0.97705,-0.382672,-0.923856,0,-0.196661,-0.0814539,0.97705,-0.923856,-0.382672,0,0.923856,-0.382672,0,0.382672,-0.923856,0,-0.707083,-0.707083,0,-0.162267,-0.162267,0.973296,0.923856,0.382672,0,0.196661,-0.0814539,0.97705,0.923856,-0.382672,0,0.923856,0.382672,0,0.707083,0.707083,0,0.162267,-0.162267,0.973296,0.707083,-0.707083,0,0.382672,0.923856,0,-0.923856,0.382672,0,-0.707083,0.707083,0,0,-0.424512,-0.905393,-0.313456,-0.25483,-0.914762,-0.389843,0.161473,-0.906583,-0.298379,0.298379,-0.906583,0.313456,-0.25483,-0.914762,0.389843,-0.161473,-0.906583,-0.421979,0,-0.906583,0.421979,0,-0.906583,-0.389843,-0.161473,-0.906583,0.389843,0.161473,-0.906583,0.161473,0.389843,-0.906583,0.298379,0.298379,-0.906583,-0.161473,0.389843,-0.906583,0,0.421979,-0.906583,0,0,-1,-0.196661,0.0814539,-0.97705,-0.0814539,0.196661,-0.977081,0.0814539,0.196661,-0.97705,0.196661,0.0814539,-0.97705,-0.196661,-0.0814539,-0.977081,-0.162267,-0.162267,-0.973296,0.196661,-0.0814539,-0.97705,0.162267,-0.162267,-0.973296]},"texCoord0":{"type":"float32","components":2,"data":[0.734474,0.28071,0.972939,0.515259,0.972939,0.0342752,0.734474,0.515259,0.492818,0.982372,0.581253,0.732684,0.492217,0.747662,0.670026,0.949966,0.498585,0.0342751,0.313073,0.0767966,0.498585,0.28071,0.413126,0.297383,0.821895,0.853796,0.658281,0.684974,0.162115,0.182813,0.336155,0.347283,0.712056,0.611168,0.927194,0.708675,0.284516,0.42234,0.0627601,0.336702,0.265518,0.511037,0.0289827,0.515854,0.0653457,0.693875,0.281687,0.60003,0.404253,0.727804,0.498585,0.515259,0.330396,0.676045,0.166132,0.8445,0.316111,0.945561,0.150328,0.0479695,0.10693,0.0667318,0.0937725,0.0468102,0.144828,0.024737,0.0726389,0.0992812,0.0745561,0.148344,0.0516415,0.141642,0.091848,0.113459,0.197531,0.0452858,0.200362,0.0215797,0.155827,0.071202,0.120088,0.0866533,0.25359,0.0377239,0.242775,0.0590084,0.1947,0.0689919,0.0465028,0.188642,0.0226814,0.190234,0.028727,0.13494,0.23196,0.0802929,0.05785,0.23454,0.0360311,0.244231,0.0534298,0.0851036,0.0703242,0.18705,0.079669,0.224848,0.734474,0.28071,0.734474,0.515259,0.581253,0.732684,0.492217,0.747662,0.498585,0.28071,0.413126,0.297383,0.658281,0.684974,0.336155,0.347283,0.712056,0.611168,0.284516,0.42234,0.281687,0.60003,0.265518,0.511037,0.404253,0.727804,0.330396,0.676045,0.498585,0.515259,0.150328,0.0479695,0.10693,0.0667318,0.0726389,0.0992812,0.0516415,0.141642,0.197531,0.0452858,0.242775,0.0590084,0.0465028,0.188642,0.05785,0.23454]}}],"meshes":[{"aabb":{"min":[-1,-1.41421,-0.4],"max":[1,1.31734,0.4]},"vertices":0,"indices":[0,1,2,1,0,3,4,5,6,5,4,7,8,9,10,9,11,10,5,12,13,12,5,7,11,14,15,14,11,9,12,16,13,16,12,17,14,18,15,18,14,19,17,1,16,1,3,16,20,21,22,20,22,23,21,18,19,18,21,20,24,25,26,23,27,26,27,23,22,6,25,24,27,24,26,24,27,28,10,25,0,6,28,4,28,6,24,8,0,2,0,8,10,5,25,6,11,25,10,13,25,5,15,25,11,16,25,13,18,25,15,3,25,16,23,25,20,20,25,18,26,25,23,0,25,3,29,30,31,31,32,29,33,34,35,34,33,36,37,29,32,37,32,38,39,30,29,30,39,40,37,41,42,41,37,38,29,37,43,29,43,39,35,44,45,35,45,46,42,43,37,43,42,47,44,48,49,49,45,44,35,50,33,50,35,46,33,30,40,33,40,36,48,44,51,51,52,48,44,35,34,44,34,51,30,50,31,50,30,33,53,1,54,1,53,2,4,55,7,55,4,56,9,8,57,9,57,58,55,12,7,12,55,59,58,14,9,14,58,60,12,61,17,61,12,59,14,62,19,62,14,60,1,17,61,1,61,54,63,22,64,22,21,64,19,62,21,21,62,64,65,66,67,63,27,22,27,63,66,56,65,67,27,65,28,65,27,66,57,53,67,28,56,4,56,28,65,8,53,57,53,8,2,55,56,67,58,57,67,59,55,67,60,58,67,61,59,67,62,60,67,54,61,67,63,64,67,64,62,67,66,63,67,53,54,67,32,31,68,31,69,68,70,34,36,34,70,71,68,72,32,38,32,72,39,69,40,69,39,68,72,41,38,41,72,73,72,68,43,39,43,68,74,71,45,46,45,71,73,43,47,43,73,72,45,49,74,49,75,74,71,50,46,50,71,70,69,70,40,36,40,70,52,51,75,51,74,75,71,74,34,51,34,74,50,69,31,69,50,70],"type":"triangles","base":0,"count":420}],"meshInstances":[{"node":1,"mesh":0}]}}