{"model":{"version":3,"nodes":[{"name":"RootNode","position":[0,0,0],"rotation":[0,0,0],"scale":[0.01,0.01,0.01],"scaleCompensation":false},{"name":"Cube","position":[0,0,0],"rotation":[0,0,0],"scale":[1,1,0.0775],"scaleCompensation":false}],"parents":[-1,0],"skins":[],"morphs":[],"vertices":[{"position":{"type":"float32","components":3,"data":[-62.7417,200.045,-100,-100,0.0454426,100,-62.7417,200.045,100,-100,0.0454426,-100,82.4058,0.0454426,-100,-100,0.0454426,-100,43.3674,200.045,-100,-62.7417,200.045,-100,43.3674,200.045,100,82.4058,0.0454426,100,82.4058,0.0454426,-100,43.3674,200.045,-100,-100,0.0454426,100,43.3674,200.045,100,-62.7417,200.045,100,82.4058,0.0454426,100,82.4058,0.0454426,100,-100,0.0454426,100,-100,0.0454426,-100,82.4058,0.0454426,-100,-51.5821,497.615,100,-62.7417,200.045,-100,-62.7417,200.045,100,-51.5821,497.615,-100,-51.5821,667.633,-100,54.527,497.615,-100,-51.5821,497.615,-100,54.527,667.633,-100,-51.5821,497.615,100,43.3674,200.045,100,54.527,497.615,100,-62.7417,200.045,100,-62.7417,200.045,-100,-51.5821,497.615,-100,43.3674,200.045,-100,54.527,497.615,-100,54.527,497.615,100,43.3674,200.045,100,54.527,497.615,-100,43.3674,200.045,-100,239.126,817.659,100,54.527,667.633,100,239.126,817.659,-100,54.527,667.633,-100,54.527,667.633,100,54.527,497.615,100,54.527,667.633,-100,54.527,497.615,-100,-51.5821,667.633,100,-51.5821,497.615,-100,-51.5821,497.615,100,-51.5821,667.633,-100,54.527,667.633,100,-51.5821,667.633,100,-236.181,817.659,100,239.126,817.659,100,239.126,817.659,-100,-236.181,817.659,-100,-236.181,817.659,100,-51.5821,667.633,-100,-51.5821,667.633,100,-236.181,817.659,-100,239.126,817.659,100,-236.181,817.659,100,239.126,817.659,-100,-236.181,817.659,-100]},"normal":{"type":"float32","components":3,"data":[-0.983087,0.183141,0,-0.983087,0.183141,0,-0.983087,0.183141,0,-0.983087,0.183141,0,0,0,-1,0,0,-1,0,0,-1,0,0,-1,0.981478,0.191577,0,0.981478,0.191577,0,0.981478,0.191577,0,0.981478,0.191577,0,0,-2.06591e-08,1,0,-2.06591e-08,1,0,-2.06591e-08,1,0,-2.06591e-08,1,0,-1,0,0,-1,0,0,-1,0,0,-1,0,-0.999298,0.0374762,0,-0.999298,0.0374762,0,-0.999298,0.0374762,0,-0.999298,0.0374762,0,0,0,-1,0,0,-1,0,0,-1,0,0,-1,0,0,1,0,0,1,0,0,1,0,0,1,0,3.77545e-08,-1,0,3.77545e-08,-1,0,3.77545e-08,-1,0,3.77545e-08,-1,0.999298,-0.0374762,0,0.999298,-0.0374762,0,0.999298,-0.0374762,0,0.999298,-0.0374762,0,0.630694,-0.776032,0,0.630694,-0.776032,0,0.630694,-0.776032,0,0.630694,-0.776032,0,1,0,0,1,0,0,1,0,0,1,0,0,-1,0,0,-1,0,0,-1,0,0,-1,0,0,0,0,1,0,0,1,0,1,0,0,1,0,0,1,0,0,1,0,-0.630694,-0.776032,0,-0.630694,-0.776032,0,-0.630694,-0.776032,0,-0.630694,-0.776032,0,0,0,1,0,0,1,0,0,-1,0,0,-1]},"texCoord0":{"type":"float32","components":2,"data":[0.625,0.25,0.375,0,0.625,0,0.375,0.25,0.375,0.5,0.375,0.25,0.625,0.5,0.625,0.25,0.625,0.75,0.375,0.75,0.375,0.5,0.625,0.5,0.375,1,0.625,0.75,0.625,1,0.375,0.75,0.375,0.75,0.125,0.75,0.125,0.5,0.375,0.5,0.625,0,0.625,0.25,0.625,0,0.625,0.25,0.625,0.25,0.625,0.5,0.625,0.25,0.625,0.5,0.625,1,0.625,0.75,0.625,0.75,0.625,1,0.625,0.25,0.625,0.25,0.625,0.5,0.625,0.5,0.625,0.75,0.625,0.75,0.625,0.5,0.625,0.5,0.625,0.75,0.625,0.75,0.625,0.5,0.625,0.5,0.625,0.75,0.625,0.75,0.625,0.5,0.625,0.5,0.625,0,0.625,0.25,0.625,0,0.625,0.25,0.625,0.75,0.625,1,0.875,0.75,0.625,0.75,0.625,0.5,0.875,0.5,0.625,0,0.625,0.25,0.625,0,0.625,0.25,0.625,0.75,0.625,1,0.625,0.5,0.625,0.25]}}],"meshes":[{"aabb":{"min":[-236.181,0.0454426,-100],"max":[239.126,817.659,100]},"vertices":0,"indices":[0,1,2,1,0,3,4,5,6,5,7,6,8,9,10,8,10,11,12,13,14,13,12,15,16,17,18,16,18,19,20,21,22,21,20,23,24,25,26,25,24,27,28,29,30,29,28,31,32,33,34,34,33,35,36,37,38,37,39,38,40,41,42,41,43,42,44,45,46,45,47,46,48,49,50,49,48,51,52,53,28,52,28,30,54,55,56,54,56,57,58,59,60,59,58,61,62,63,53,62,53,52,24,64,27,64,24,65],"type":"triangles","base":0,"count":108}],"meshInstances":[{"node":1,"mesh":0}]}}