{"model":{"version":2,"nodes":[{"name":"RootNode","position":[0,0,0],"rotation":[0,0,0],"scale":[1,1,1]},{"name":"roofaccess","position":[0,0,0],"rotation":[0,0,0],"scale":[0.01,0.01,0.01]}],"parents":[-1,0],"skins":[],"vertices":[{"position":{"type":"float32","components":3,"data":[254.692,341.276,0,254.692,0,0,254.692,343.898,-353.258,254.692,0,-361.17,271.571,373.84,16.6921,271.572,373.84,-369.95,247.406,373.84,-13.5823,247.406,373.84,-345.055,0,0,0,-0.000610352,343.898,-353.257,-0.000549316,0,-361.17,0,341.276,0,254.692,0,-361.17,-0.000610352,343.898,-353.257,254.692,343.898,-353.258,-0.000549316,0,-361.17,254.692,341.276,0,0,341.276,0,254.692,0,0,0,0,0,254.692,341.276,0,265.242,343.976,-363.69,265.242,341.199,10.4329,254.692,343.898,-353.258,265.242,343.976,-363.69,-0.000610352,343.898,-353.257,-10.5501,343.976,-363.69,254.692,343.898,-353.258,-10.5502,341.199,10.4326,-10.5501,343.976,-363.69,-0.000610352,343.898,-353.257,0,341.276,0,265.242,341.199,10.4329,0,341.276,0,254.692,341.276,0,-10.5502,341.199,10.4326,-16.8795,373.84,16.6924,-10.5501,343.976,-363.69,-10.5502,341.199,10.4326,-16.8798,373.84,-369.95,-16.8795,373.84,16.6924,265.242,341.199,10.4329,271.571,373.84,16.6921,-10.5502,341.199,10.4326,265.242,341.199,10.4329,265.242,343.976,-363.69,271.571,373.84,16.6921,271.572,373.84,-369.95,265.242,343.976,-363.69,-10.5501,343.976,-363.69,-16.8798,373.84,-369.95,271.572,373.84,-369.95,14.6796,355.52,-13.5825,247.406,355.52,-345.055,14.6796,355.52,-345.055,247.406,355.52,-13.5823,14.6796,373.84,-13.5825,-16.8795,373.84,16.6924,-16.8798,373.84,-369.95,14.6796,373.84,-345.055,14.6796,355.52,-345.055,247.406,373.84,-345.055,14.6796,373.84,-345.055,247.406,355.52,-345.055,14.6796,355.52,-13.5825,14.6796,355.52,-345.055,14.6796,373.84,-13.5825,14.6796,373.84,-345.055,247.406,355.52,-13.5823,14.6796,355.52,-13.5825,14.6796,373.84,-13.5825,247.406,373.84,-13.5823,247.406,373.84,-13.5823,247.406,355.52,-345.055,247.406,355.52,-13.5823,247.406,373.84,-345.055,284.157,290.594,-212.38,274.88,205.617,-271.918,274.879,290.594,-276.605,284.157,205.617,-215.727,252.123,290.594,-212.38,274.879,290.594,-276.605,252.124,290.594,-276.605,284.157,290.594,-212.38,274.88,205.617,-271.918,284.157,205.617,-215.727,252.123,205.617,-215.727,252.123,205.617,-271.918,252.123,205.617,-271.918,252.124,290.594,-276.605,274.88,205.617,-271.918,274.879,290.594,-276.605,252.123,290.594,-212.38,284.157,205.617,-215.727,284.157,290.594,-212.38,252.123,205.617,-215.727,272.206,316.54,-197.004,272.053,311.057,-30.3518,271.776,301.057,-46.801,271.776,301.057,-182.3,245.196,316.54,-197.004,245.195,311.057,-30.3521,272.053,311.057,-30.3518,272.206,316.54,-197.004,271.776,301.057,-182.3,271.776,301.057,-46.801,245.195,301.057,-46.801,245.195,301.057,-182.3,245.195,301.057,-182.3,263.939,0,-182.299,271.776,301.057,-182.3,245.195,0,-182.3,245.195,0,-195.033,245.196,316.54,-197.004,263.939,0,-195.033,272.206,316.54,-197.004,263.939,0,-195.033,271.776,301.057,-182.3,263.939,0,-182.299,272.206,316.54,-197.004,245.195,0,-46.801,245.195,301.057,-46.801,263.938,0,-46.801,271.776,301.057,-46.801,272.053,311.057,-30.3518,263.938,0,-38.2373,271.776,301.057,-46.801,263.938,0,-46.801,245.195,311.057,-30.3521,263.938,0,-38.2373,272.053,311.057,-30.3518,245.195,0,-38.2373,254.291,206.671,-219.879,254.291,194.386,-219.879,260.169,206.671,-221.789,260.169,194.386,-221.789,263.802,206.671,-226.789,263.802,194.386,-226.789,263.801,206.671,-232.969,263.801,194.386,-232.969,260.169,206.671,-237.97,260.169,194.386,-237.97,254.291,194.386,-239.88,254.291,206.671,-239.88,260.169,194.386,-221.789,254.291,194.386,-219.879,257.207,194.386,-225.867,254.291,194.386,-224.92,263.802,194.386,-226.789,259.008,194.386,-228.347,259.008,194.386,-231.412,263.801,194.386,-232.969,257.207,194.386,-233.892,260.169,194.386,-237.97,254.291,194.386,-239.88,254.291,194.386,-234.839,254.291,194.386,-224.92,257.206,0.0753174,-223.964,257.207,194.386,-225.867,254.291,0.0753174,-223.017,259.008,0.0753174,-226.444,259.008,194.386,-228.347,259.008,0.0753174,-229.509,259.008,194.386,-231.412,257.206,0.0753174,-231.989,257.207,194.386,-233.892,254.291,0.0753174,-232.936,254.291,194.386,-234.839,139.648,426.323,-192.537,139.648,352.983,-192.537,139.648,426.323,-306.606,139.648,352.983,-306.606,51.0204,426.323,-192.537,139.648,426.323,-306.606,51.02,426.323,-306.606,139.648,426.323,-192.537,51.0204,352.983,-192.537,51.0204,426.323,-192.537,51.02,352.983,-306.606,51.02,426.323,-306.606,51.02,426.323,-306.606,139.648,352.983,-306.606,51.02,352.983,-306.606,139.648,426.323,-306.606,139.648,426.323,-192.537,51.0204,426.323,-192.537,51.0204,352.983,-192.537,139.648,352.983,-192.537]},"normal":{"type":"float32","components":3,