{"model":{"version":3,"nodes":[{"name":"RootNode","position":[0,0,0],"rotation":[0,0,0],"scale":[0.01,0.01,0.01],"scaleCompensation":false},{"name":"cabbage","position":[0,0,0],"rotation":[-90,0,0],"scale":[100,100,100],"scaleCompensation":false}],"parents":[-1,0],"skins":[],"morphs":[],"vertices":[{"position":{"type":"float32","components":3,"data":[0,0,-1,0.425323,-0.309011,-0.850654,-0.162456,-0.499995,-0.850654,0.723607,-0.525725,-0.44722,0.850648,0,-0.525736,-0.52573,0,-0.850652,-0.162456,0.499995,-0.850654,0.425323,0.309011,-0.850654,0.951058,-0.309013,0,-0.276388,-0.850649,-0.44722,0.262869,-0.809012,-0.525738,0,-1,0,-0.894426,0,-0.447216,-0.688189,-0.499997,-0.525736,-0.951058,-0.309013,0,-0.276388,0.850649,-0.44722,-0.688189,0.499997,-0.525736,-0.587786,0.809017,0,0.723607,0.525725,-0.44722,0.262869,0.809012,-0.525738,0.587786,0.809017,0,0.587786,-0.809017,0,-0.587786,-0.809017,0,-0.951058,0.309013,0,0,1,0,0.951058,0.309013,0,0.276388,-0.850649,0.44722,0.688189,-0.499997,0.525736,0.162456,-0.499995,0.850654,-0.723607,-0.525725,0.44722,-0.262869,-0.809012,0.525738,-0.425323,-0.309011,0.850654,-0.723607,0.525725,0.44722,-0.850648,0,0.525736,-0.425323,0.309011,0.850654,0.276388,0.850649,0.44722,-0.262869,0.809012,0.525738,0.162456,0.499995,0.850654,0.894426,0,0.447216,0.688189,0.499997,0.525736,0.52573,0,0.850652,0,0,1,0.951058,0.309013,0,0.587786,0.809017,0,0,1,0,-0.587786,0.809017,0,-0.951058,0.309013,0,-0.951058,-0.309013,0,-0.587786,-0.809017,0,0,-1,0,0.587786,-0.809017,0,0.951058,-0.309013,0]},"normal":{"type":"float32","components":3,"data":[0,0,-1,0.425306,-0.309,-0.850642,-0.16245,-0.499985,-0.850642,0.723594,-0.525712,-0.447188,0.850642,0,-0.525712,-0.525712,0,-0.850642,-0.16245,0.499985,-0.850642,0.425306,0.309,-0.850642,0.951048,-0.309,0,-0.276376,-0.850642,-0.447218,0.262856,-0.808985,-0.525712,0,-1,0,-0.894406,0,-0.447188,-0.688162,-0.499985,-0.525712,-0.951048,-0.309,0,-0.276376,0.850642,-0.447218,-0.688162,0.499985,-0.525712,-0.587756,0.809015,0,0.723594,0.525712,-0.447188,0.262856,0.808985,-0.525712,0.587756,0.809015,0,0.587756,-0.809015,0,-0.587756,-0.809015,0,-0.951048,0.309,0,0,1,0,0.951048,0.309,0,0.276376,-0.850642,0.447218,0.688162,-0.499985,0.525712,0.16245,-0.499985,0.850642,-0.723594,-0.525712,0.447188,-0.262856,-0.808985,0.525712,-0.425306,-0.309,0.850642,-0.723594,0.525712,0.447188,-0.850642,0,0.525712,-0.425306,0.309,0.850642,0.276376,0.850642,0.447218,-0.262856,0.808985,0.525712,0.16245,0.499985,0.850642,0.894406,0,0.447188,0.688162,0.499985,0.525712,0.525712,0,0.850642,0,0,1,0.951048,0.309,0,0.587756,0.809015,0,0,1,0,-0.587756,0.809015,0,-0.951048,0.309,0,-0.951048,-0.309,0,-0.587756,-0.809015,0,0,-1,0,0.587756,-0.809015,0,0.951048,-0.309,0]},"texCoord0":{"type":"float32","components":2,"data":[0.709011,0.710126,0.733203,0.784578,0.645679,0.756141,0.761959,0.873078,0.834334,0.801178,0.645678,0.664111,0.733203,0.635674,0.787295,0.710126,0.875961,0.939748,0.570396,0.810837,0.661144,0.857452,0.542217,0.939861,0.570395,0.609416,0.554104,0.710126,0.438979,0.622486,0.761958,0.547174,0.661142,0.5628,0.708916,0.426227,0.88035,0.710126,0.834334,0.619074,0.978986,0.622306,0.708918,0.994025,0.438979,0.797766,0.542215,0.480393,0.875959,0.480502,0.978986,0.797946,0.342036,0.453156,0.24122,0.43753,0.313281,0.364657,0.460428,0.290204,0.414412,0.381256,0.367374,0.290204,0.342037,0.127252,0.414413,0.199152,0.313281,0.215752,0.150475,0.189493,0.241222,0.142878,0.225757,0.24419,0.150473,0.390914,0.134182,0.290204,0.225756,0.336219,0.28909,0.290204,0.0190567,0.377844,0.0190567,0.202564,0.122295,0.0604693,0.288996,0.0063054,0.456039,0.0605818,0.559064,0.202384,0.559064,0.378024,0.456037,0.519828,0.288994,0.574103,0.122293,0.519937]}}],"meshes":[{"aabb":{"min":[-0.951058,-1,-1],"max":[0.951058,1,1]},"vertices":0,"indices":[0,1,2,3,1,4,0,2,5,0,5,6,0,6,7,3,4,8,9,10,11,12,13,14,15,16,17,18,19,20,3,8,21,9,11,22,12,14,23,15,17,24,18,20,25,26,27,28,29,30,31,32,33,34,35,36,37,38,39,40,40,37,41,40,39,37,39,35,37,37,34,41,37,36,34,36,32,34,34,31,41,34,33,31,33,29,31,31,28,41,31,30,28,30,26,28,28,40,41,28,27,40,27,38,40,42,39,38,42,43,39,43,35,39,44,36,35,44,45,36,45,32,36,46,33,32,46,47,33,47,29,33,48,30,29,48,49,30,49,26,30,50,27,26,50,51,27,51,38,27,43,44,35,20,19,24,19,15,24,45,46,32,17,16,23,16,12,23,47,48,29,14,13,22,13,9,22,49,50,26,11,10,21,10,3,21,51,42,38,8,4,25,4,18,25,7,19,18,7,6,19,6,15,19,6,16,15,6,5,16,5,12,16,5,13,12,5,2,13,2,9,13,4,7,18,4,1,7,1,0,7,2,10,9,2,1,10,1,3,10],"type":"triangles","base":0,"count":240}],"meshInstances":[{"node":1,"mesh":0}]}}