{"model":{"version":3,"nodes":[{"name":"RootNode","position":[0,0,0],"rotation":[0,0,0],"scale":[0.01,0.01,0.01],"scaleCompensation":false},{"name":"juice_box","position":[0,0,0],"rotation":[-90,0,0],"scale":[100,100,100],"scaleCompensation":false}],"parents":[-1,0],"skins":[],"morphs":[],"vertices":[{"position":{"type":"float32","components":3,"data":[0,-0.327488,0.606081,-0.432576,-0.276797,-0.179074,0,-0.276797,-0.169047,-0.497058,-0.327488,0.577,0.520112,0,0.577031,0.454656,-0.2442,-0.179084,0.454656,0,-0.179084,0.520112,-0.292958,0.577031,-0.498483,0,0.6,-0.498483,-0.294015,0.6,0,0,0.629081,0,-0.294015,0.629081,-0.520112,0,0.577031,-0.454656,0.2442,-0.179084,-0.454656,0,-0.179084,-0.520112,0.292958,0.577031,0,0.327488,0.606081,0.432576,0.276797,-0.179074,0,0.276797,-0.169047,0.497058,0.327488,0.577,-0.426328,-0.239632,-0.6,-0.42767,-0.275189,-0.577,-0.45072,-0.240657,-0.577031,-0.497058,-0.327488,0.577,-0.520112,-0.292958,0.577031,-0.426328,0.239632,-0.6,-0.45072,0.240657,-0.577031,-0.42767,0.275189,-0.577,-0.498483,0.294015,0.6,-0.497058,0.327488,0.577,-0.520112,0.292958,0.577031,0.426328,-0.239632,-0.6,0.45072,-0.240657,-0.577031,0.42767,-0.275189,-0.577,0.498483,-0.294015,0.6,0.497058,-0.327488,0.577,0.520112,-0.292958,0.577031,0.426328,0.239632,-0.6,0.42767,0.275189,-0.577,0.45072,0.240657,-0.577031,0.498483,0.294015,0.6,0.520112,0.292958,0.577031,0.497058,0.327488,0.577,-0.45072,0,-0.577031,-0.426328,0,-0.6,-0.520112,-0.292958,0.577031,-0.454656,-0.2442,-0.179084,-0.520112,0,0.577031,-0.42767,0.275189,-0.577,-0.45072,0.240657,-0.577031,-0.432576,0.276797,-0.179074,0,0.275189,-0.577,0,0.239632,-0.6,0,0.327488,0.606081,0,0.294015,0.629081,0.42767,0.275189,-0.577,0.454656,0.2442,-0.179084,0.45072,0.240657,-0.577031,0.45072,0,-0.577031,0.426328,0,-0.6,0.498483,0,0.6,0.520112,0,0.577031,0.42767,-0.275189,-0.577,0.45072,-0.240657,-0.577031,0.432576,-0.276797,-0.179074,0,-0.275189,-0.577,0,-0.239632,-0.6,0,-0.327488,0.606081,0,0,-0.6,0.281132,-0.154342,1.0411,0.278876,-0.180125,0.59548,0.278876,-0.180125,1.0411,0.281132,-0.154342,0.59548,0.377357,-0.16276,1.0411,0.366419,-0.139304,0.59548,0.366419,-0.139304,1.0411,0.377357,-0.16276,0.59548,0.345218,-0.124458,1.0411,0.319434,-0.122203,0.59548,0.319434,-0.122203,1.0411,0.345218,-0.124458,0.59548,0.336799,-0.220683,1.0411,0.360256,-0.209745,0.59548,0.360256,-0.209745,1.0411,0.336799,-0.220683,0.59548,0.289815,-0.203582,0.59548,0.289815,-0.203582,1.0411,0.295977,-0.133141,0.59548,0.295977,-0.133141,1.0411,0.375101,-0.188544,0.59548,0.375101,-0.188544,1.0411,0.311016,-0.218428,0.59548,0.311016,-0.218428,1.0411,0.281132,-0.154342,0.59548,0.281132,-0.154342,1.0411,0.309517,-0.118593,1.10095,0.287097,-0.129909,1.09469,0.346468,-0.204727,1.12431,0.360934,-0.183387,1.1266,0.279897,-0.199973,1.10095,0.299682,-0.214302,1.1095,0.272632,-0.151248,1.0924,0.363569,-0.157742,1.12431,0.324048,-0.216042,1.11805,0.269996,-0.176893,1.09469,0.272632,-0.151248,1.0924,0.353668,-0.134663,1.11805,0.333884,-0.120333,1.1095,0.267046,-0.202424,1.16966,0.287334,-0.202679,1.18572,0.244427,-0.167587,1.14182,0.248155,-0.142339,1.13752,0.316954,-0.1213,1.18573,0.323868,-0.143292,1.19749,0.280961,-0.108199,1.15359,0.301248,-0.108455,1.16966,0.306767,-0.190277,1.19749,0.251341,-0.189579,1.15359,0.261528,-0.120602,1.14182,0.32014,-0.16854,1.20179,0.248155,-0.142339,1.13752,0.263043,-0.121154,1.2518,0.25764,-0.145791,1.2576,0.231084,-0.182206,1.23595,0.217046,-0.184226,1.2143,0.205252,-0.153328,1.1768,0.210655,-0.12869,1.171,0.260703,-0.100826,1.23595,0.237211,-0.0922758,1.19265,0.251248,-0.0902562,1.2143,0.245942,-0.168138,1.2518,0.207591,-0.173656,1.19265,0.222353,-0.106344,1.1768,0.210655,-0.12869,1.171,-0.326548,0.120044,1.5693,-0.340585,0.118025,1.54765,-0.331855,0.0421622,1.6068,-0.346713,0.0280943,1.59095,-0.497058,0.327488,0.577,-0.36075,0.0260748,1.5693,0.497058,-0.327488,0.577,-0.370205,0.0366449,1.54765,-0.372544,0.0569721,1.5318,0,-0.275189,-0.577,-0.317093,0.109474,1.59095,-0.370205,0.0366449,1.54765,-0.343649,0.0730595,1.5693,-0.372544,0.0569721,1.5318,-0.367141,0.08161,1.526,-0.355443,0.103957,1.5318,-0.331855,0.0421622,1.6068,-0.346713,0.0280943,1.59095,-0.36075,0.0260748,1.5693,-0.320157,0.0645089,1.6126,-0.340585,0.118025,1.54765,-0.326548,0.120044,1.5693,-0.317093,0.109474,1.59095,-0.314754,0.0891468,1.6068,-0.320157,0.0645089,1.6126,-0.355443,0.103957,1.5318,-0.314754,0.0891468,1.6068,0.520112,0.292958,0.577031,-0.367141,0.08161,1.526,0,0.275189,-0.577,-0.367141,0.08161,1.526,-0.42767,-0.275189,-0.577,-0.45072,-0.240657,-0.577031,-0.45072,0,-0.577031,0.45072,0,-0.577031,0.454656,0,-0.179084,0.45072,0,-0.577031,-0.454656,0,-0.179084,-0.45072,0,-0.577031,-0.520112,0,0.577031,0.520112,0,0.577031]},"normal":{"type":"float32","components":3,