{
  "resources": [
    "audiosprite.ogg",
    "audiosprite.m4a",
    "audiosprite.mp3"
  ],
  "spritemap": {
    "ASP_10.0_256": {
      "start": 0,
      "end": 0.6133333333333333,
      "loop": false
    },
    "ASP_10.0_257": {
      "start": 1.5,
      "end": 2.06,
      "loop": false
    },
    "ASP_10.0_260": {
      "start": 3,
      "end": 4.434671201814059,
      "loop": false
    },
    "ASP_10.0_261": {
      "start": 5.5,
      "end": 6.9773469387755105,
      "loop": false
    },
    "ASP_10.0_262": {
      "start": 8,
      "end": 9.434671201814059,
      "loop": false
    },
    "ASP_10.0_263": {
      "start": 10.5,
      "end": 11.4337641723356,
      "loop": false
    },
    "ASP_10.0_264": {
      "start": 12,
      "end": 13.42312925170068,
      "loop": false
    },
    "ASP_10.0_265": {
      "start": 14.5,
      "end": 15.60814058956916,
      "loop": false
    },
    "ASP_2.0_11": {
      "start": 17,
      "end": 20.44814058956916,
      "loop": false
    },
    "ASP_2.0_12": {
      "start": 21.5,
      "end": 23.889319727891156,
      "loop": false
    },
    "ASP_2.0_13": {
      "start": 25,
      "end": 28.42419501133787,
      "loop": false
    },
    "ASP_2.0_14": {
      "start": 29.5,
      "end": 32.41938775510204,
      "loop": false
    },
    "ASP_2.0_7": {
      "start": 33,
      "end": 35.44126984126984,
      "loop": false
    },
    "ASP_2.0_8": {
      "start": 36.5,
      "end": 38.31868480725623,
      "loop": false
    },
    "ASP_2.0_9": {
      "start": 39,
      "end": 41.00814058956916,
      "loop": false
    }
  }
}