{"model":{"version":3,"nodes":[{"name":"RootNode","position":[0,0,0],"rotation":[0,0,0],"scale":[0.01,0.01,0.01],"scaleCompensation":false},{"name":"shrimp","position":[0,0,0],"rotation":[-90,0,0],"scale":[100,100,100],"scaleCompensation":false}],"parents":[-1,0],"skins":[],"morphs":[],"vertices":[{"position":{"type":"float32","components":3,"data":[-0.0804641,0.108467,0.157109,-0.0524607,0.153358,0.00419393,-0.102145,0.153358,0.188207,-0.0375183,0.115175,0.00419393,-0.400206,0.388075,-0.178346,-0.253116,0.319828,-0.22622,-0.422719,0.269659,-0.185212,-0.537006,0.153358,0.00419393,-0.384929,0.0609135,-0.153417,-0.45635,0.0497584,0.00419393,-0.454379,0.153358,-0.189173,-0.412867,0.05655,0.135103,-0.234628,0.0196874,0.00419393,-0.246934,0.0824667,0.203495,-0.45635,0.0497584,0.00419393,-0.537006,0.153358,0.00419393,-0.45635,0.0497584,0.00419393,-0.4867,0.153358,0.165072,-0.103415,0.656767,0.00419393,-0.275078,0.540904,0.153476,-0.0908341,0.612094,0.147309,-0.310983,0.588534,0.00419393,-0.253116,0.319828,0.234608,-0.0756744,0.237497,0.180574,-0.27604,0.150505,0.24667,-0.0298982,0.216258,0.00419393,-0.138266,0.153358,-0.190745,-0.108955,0.252939,-0.182283,-0.0524607,0.153358,0.00419393,-0.429985,0.401892,0.155863,-0.50667,0.288378,0.00419393,-0.455743,0.277067,0.161594,-0.476334,0.423398,0.00419393,-0.0200808,0.298057,-0.174987,-0.00970685,0.219578,0.00419393,-0.0827511,0.583391,-0.168341,-0.0434164,0.426173,-0.215398,-0.251869,0.509843,-0.175785,-0.0434164,0.426173,0.223785,-0.0157137,0.26502,0.174092,0.0212599,0.209797,0.00419393,0.066129,0.255649,-0.170215,0.268817,0.430476,-0.16609,0.165658,0.340246,-0.211029,0.102361,0.539042,-0.170097,0.165658,0.340246,0.219417,0.0472406,0.236347,0.169225,0.285718,0.447748,0.145642,0.12598,0.627042,0.00419393,0.111794,0.573767,0.148703,0.312024,0.47463,0.00419393,0.0797802,0.134408,0.153467,0.229161,0.0326177,0.178116,0.220038,0.186432,0.198766,0.0977848,0.0031882,0.137708,0.353848,0.272048,0.132009,0.380164,0.0635937,0.00419393,0.385561,0.292421,0.00419393,0.35453,0.0583875,0.118377,0.0680509,-0.000985102,0.00419393,0.0530099,0.126077,0.00419393,0.119402,0.00622227,-0.13687,0.0992428,0.140465,-0.153543,0.33806,0.0550426,-0.133291,0.220038,0.186432,-0.190379,0.333472,0.258958,-0.14969,0.229161,0.0326177,-0.169728,0.103628,-0.16422,-0.112145,0.089456,-0.330186,-0.08742,0.0641548,-0.16641,0.00419393,0.0534217,-0.326332,0.00419393,0.181611,-0.330366,-0.108964,0.206149,-0.15925,-0.139346,0.248655,-0.337536,-0.0854188,0.313867,-0.136697,-0.109355,0.0870112,-0.165142,0.114283,0.181611,-0.330366,0.117351,0.206149,-0.15925,0.147734,0.0742867,-0.328564,0.0908576,0.262228,-0.338987,0.0786457,0.35536,-0.12808,0.00419393,0.330098,-0.133326,0.0985112,0.283355,-0.341247,0.00419393,-0.122587,-0.635837,0.00419393,0.0278067,-0.495823,0.00336266,-0.0783976,-0.654837,-0.0883312,0.0511647,-0.502939,-0.046773,0.138554,-0.525501,-0.0455356,0.0882526,-0.713953,-0.0856766,0.0937586,-0.515915,-0.0584729,0.0378137,-0.697994,-0.109906,0.0413318,-0.499943,0.05081,-0.0238764,-0.682572,0.120036,0.0937586,-0.515915,0.0651982,-0.0969997,-0.646839,0.0935038,0.147623,-0.527442,0.0439762,0.132799,-0.726618,0.00419396,0.161738,-0.530463,0.00336266,0.105678,-0.718907,0.0804027,0.0378137,-0.697994,0.120036,0.0378137,-0.697994,0.00419393,0.132799,-0.726618,0.00419396,-0.0238764,-0.682572,0.00419393,-0.122587,-0.635837,0.00419393,-0.0238764,-0.682572,-0.109906,-0.0375183,0.115175,0.00419393,-0.111686,0.103591,-0.157388,-0.0375183,0.115175,0.00419393,-0.27604,0.150505,-0.238282,-0.246934,0.0824667,-0.195107,-0.310983,0.588534,0.00419393,-0.476334,0.423398,0.00419393,-0.50667,0.288378,0.00419393,-0.103415,0.656767,0.00419393,0.12598,0.627042,0.00419393,0.385561,0.292421,0.00419393,0.312024,0.47463,0.00419393,0.0212599,0.209797,0.00419393,0.0530099,0.126077,0.00419393,0.0680509,-0.000985102,0.00419393,0.0641548,-0.16641,0.00419393,0.35536,-0.12808,0.00419393,0.380164,0.0635937,0.00419393,0.0534217,-0.326332,0.00419393,0.0278067,-0.495823,0.00336266,0.283355,-0.341247,0.00419393,0.161738,-0.530463,0.00336266,-0.0375183,0.115175,0.00419393,-0.234628,0.0196874,0.00419393,-0.0238764,-0.682572,0.00419393,-0.122587,-0.635837,0.00419393,0.0378137,-0.697994,0.00419393,0.132799,-0.726618,0.00419396,0.132799,-0.726618,0.00419396,-0.122587,-0.635837,0.00419393,-0.00970685,0.219578,0.00419393,-0.0298982,0.216258,0.00419393,-0.45635,0.0497584,0.00419393,0.0378137,-0.697994,0.00419393,0.0937586,-0.515915,0.00336266,0.0378137,-0.697994,0.00419393,0.0937586,-0.515915,0.00336266,-0.0238764,-0.682572,0.00419393,-0.0238764,-0.682572,0.00419393]},"normal":{"type":"float32","components":3,