{"model":{"version":3,"nodes":[{"name":"RootNode","position":[0,0,0],"rotation":[0,0,0],"scale":[0.01,0.01,0.01],"scaleCompensation":false},{"name":"food_5","position":[0,0,0],"rotation":[-90,0,0],"scale":[100,100,100],"scaleCompensation":false}],"parents":[-1,0],"skins":[],"morphs":[],"vertices":[{"position":{"type":"float32","components":3,"data":[-1.27949,1.27949,0.243083,-1.28682,-1.28682,-0.243083,-1.27949,-1.27949,0.243083,-1.28682,1.28682,-0.243083,1.27949,1.27949,0.243083,-1.28682,1.28682,-0.243083,1.28682,1.28682,-0.243083,1.28682,-1.28682,-0.243083,1.28682,1.28682,-0.243083,1.27949,-1.27949,0.243083,-1.28682,-1.28682,-0.243083,1.28682,-1.28682,-0.243083,1.28682,-1.28682,-0.243083,-1.28682,-1.28682,-0.243083]},"normal":{"type":"float32","components":3,"data":[-0.573351,0.573351,0.585253,-0.581256,-0.581256,-0.569414,-0.573351,-0.573351,0.585253,-0.581256,0.581256,-0.569414,0.573351,0.573351,0.585253,-0.581256,0.581256,-0.569414,0.581256,0.581256,-0.569414,0.581256,-0.581256,-0.569414,0.581256,0.581256,-0.569414,0.573351,-0.573351,0.585253,-0.581256,-0.581256,-0.569414,0.581256,-0.581256,-0.569414,0.581256,-0.581256,-0.569414,-0.581256,-0.581256,-0.569414]},"texCoord0":{"type":"float32","components":2,"data":[0.257888,0.259331,0.0485654,0.29899,0.0491631,0.259331,0.258486,0.29899,0.257888,0.0506065,0.297547,0.259929,0.297547,0.0500088,0.0485655,0.0109475,0.258486,0.0109476,0.0491632,0.0506065,0.00950425,0.259929,0.00950429,0.0500087,0.507467,0.0500088,0.507467,0.259929]}}],"meshes":[{"aabb":{"min":[-1.28682,-1.28682,-0.243083],"max":[1.28682,1.28682,0.243083]},"vertices":0,"indices":[0,1,2,1,0,3,4,5,0,5,4,6,4,7,8,7,4,9,9,10,11,10,9,2,12,13,5,12,5,6,0,2,4,4,2,9],"type":"triangles","base":0,"count":36}],"meshInstances":[{"node":1,"mesh":0}]}}