{"model":{"version":3,"nodes":[{"name":"RootNode","position":[0,0,0],"rotation":[0,0,0],"scale":[0.01,0.01,0.01],"scaleCompensation":false},{"name":"Cube","position":[0,1.65532,0],"rotation":[-90,0,0],"scale":[160.079,7.74987,160.079],"scaleCompensation":false}],"parents":[-1,0],"skins":[],"morphs":[],"vertices":[{"position":{"type":"float32","components":3,"data":[0.388473,0.999998,-0.00329699,0.388473,-1,-0.00329699,-0.414848,-1,0.000294819,-0.414848,1,0.000294819,0.37024,0.999997,3.63165,0.37024,-1,3.63165,0.377605,0.999994,1.84969,0.377605,-1.00001,1.84969,-0.358256,0.999995,1.01622,-0.414848,-1,0.000294819,-0.358257,-1.00001,1.01622,-0.414848,1,0.000294819,0.377605,0.999994,1.84969,0.23282,0.999994,1.80145,0.268267,0.999995,2.00628,0.377605,0.999994,1.84969,0.388473,-1,-0.00329699,0.388473,0.999998,-0.00329699,0.377605,-1.00001,1.84969,-0.385843,-1,2.08805,-0.311522,-1,1.87864,-0.31374,-1,2.08331,-0.36978,-1,1.75604,-0.768149,-0.99999,5.03417,-0.662386,1,3.64069,-0.662387,-0.999995,3.64069,-0.768149,1.00001,5.03417,0.37024,-1,3.63165,0.37024,0.999997,3.63165,0.745275,-1,3.66712,0.745275,0.999999,3.66712,0.73132,1.00001,5.03245,0.73132,-0.999994,5.03245,0.745275,0.999999,3.66712,0.745275,-1,3.66712,0.73132,1.00001,5.03245,-0.768149,1.00001,5.03417,-0.768149,-0.99999,5.03417,0.73132,-0.999994,5.03245,-0.314965,-0.999997,3.64332,-0.307793,1,2.97877,-0.307794,-0.999998,2.97877,-0.314964,1,3.64332,-0.662387,-0.999995,3.64069,-0.314964,1,3.64332,-0.314965,-0.999997,3.64332,-0.662386,1,3.64069,-0.307794,-0.999998,2.97877,-0.340281,1,2.42273,-0.340282,-1,2.42273,-0.307793,1,2.97877,-0.340282,-1,2.42273,-0.385842,0.999999,2.08805,-0.385843,-1,2.08805,-0.340281,1,2.42273,-0.385843,-1,2.08805,-0.369778,0.999997,1.75604,-0.36978,-1,1.75604,-0.385842,0.999999,2.08805,-0.36978,-1,1.75604,-0.358256,0.999995,1.01622,-0.358257,-1.00001,1.01622,-0.369778,0.999997,1.75604,0.23282,0.999994,1.80145,0.159296,-1.00001,1.59368,0.23282,-1.00001,1.80145,0.159296,0.999994,1.59368,0.184152,-1,2.18516,0.184152,0.999996,2.18516,0.268267,0.999995,2.00628,0.268267,-1.00001,2.00628,0.159296,0.999994,1.59368,0.0788498,-1.00001,1.4866,0.159296,-1.00001,1.59368,0.0788498,0.999995,1.4866,0.062636,-1,2.32019,0.062636,0.999997,2.32019,0.184152,0.999996,2.18516,0.184152,-1,2.18516,0.396849,1,4.11309,-0.292555,-0.999994,4.13521,0.396849,-0.999997,4.11309,-0.292555,1.00001,4.13521,0.0788498,0.999995,1.4866,-0.0475756,-1,1.4418,0.0788498,-1.00001,1.4866,-0.0475756,0.999995,1.4418,-0.311522,-1,1.87864,-0.250203,0.999997,1.66231,-0.311522,0.999999,1.87864,-0.250203,-1,1.66231,-0.292555,-0.999994,4.13521,0.37024,-1,3.63165,0.396849,-0.999997,4.11309,-0.314965,-0.999997,3.64332,-0.662387,-0.999995,3.64069,0.745275,-1,3.66712,0.396849,-0.999997,4.11309,0.73132,-0.999994,5.03245,0.384762,-0.999993,4.82601,0.745275,-1,3.66712,0.396849,1,4.11309,0.37024,0.999997,3.63165,-0.292555,1.00001,4.13521,0.745275,0.999999,3.66712,-0.314964,1,3.64332,-0.662386,1,3.64069,-0.292555,1.00001,4.13521,-0.768149,1.00001,5.03417,-0.274378,1.00001,4.83388,-0.662386,1,3.64069,-0.0475756,0.999995,1.4418,-0.179184,-1,1.52531,-0.0475756,-1,1.4418,-0.179184,0.999997,1.52531,0.062636,0.999997,2.32019,0.062636,-1,2.32019,-0.107708,-1,2.40428,-0.107708,0.999999,2.40428,-0.107708,0.999999,2.40428,-0.107708,-1,2.40428,-0.205665,-1,2.36807,-0.205665,0.999999,2.36807,-0.31374,0.999998,2.08331,-0.31374,-1,2.08331,-0.311522,-1,1.87864,-0.311522,0.999999,1.87864,-0.274378,-0.999993,4.83388,-0.292555,1.00001,4.13521,-0.274378,1.00001,4.83388,-0.292555,-0.999994,4.13521,0.268267,-1.00001,2.00628,0.268267,0.999995,2.00628,0.23282,0.999994,1.80145,0.23282,-1.00001,1.80145,0.384762,1.00001,4.82601,0.384762,-0.999993,4.82601,-0.274378,-0.999993,4.83388,-0.274378,1.00001,4.83388,0.384762,-0.999993,4.82601,0.384762,1.00001,4.82601,0.396849,1,4.11309,0.396849,-0.999997,4.11309,-0.205665,0.999999,2.36807,-0.205665,-1,2.36807,-0.275325,-1,2.25948,-0.275325,0.999999,2.25948,-0.275325,-1,2.25948,-0.31374,0.999998,2.08331,-0.275325,0.999999,2.25948,-0.31374,-1,2.08331,-0.250203,-1,1.66231,-0.179184,0.999997,1.52531,-0.250203,0.999997,1.66231,-0.179184,-1,1.52531,0.73132,1.00001,5.03245,0.396849,1,4.11309,0.384762,1.00001,4.82601,0.745275,0.999999,3.66712,-0.274378,1.00001,4.83388,0.73132,1.00001,5.03245,0.384762,1.00001,4.82601,-0.768149,1.00001,5.03417,-0.385842,0.999999,2.08805,-0.275325,0.999999,2.25948,-0.31374,0.999998,2.08331,-0.340281,1,2.42273,-0.768149,-0.99999,5.03417,-0.292555,-0.999994,4.13521,-0.274378,-0.999993,4.83388,-0.662387,-0.999995,3.64069,0.73132,-0.999994,5.03245,-0.768149,-0.99999,5.03417,-0.274378,-0.999993,4.83388,0.384762,-0.999993,4.82601,-0.340282,-1,2.42273,-0.275325,-1,2.25948,-0.205665,-1,2.36807,-0.340281,1,2.42273,-0.205665,0.999999,2.36807,-0.275325,0.999999,2.25948,-0.340281,1,2.42273,-0.107708,0.999999,2.40428,-0.205665,0.999999,2.36807,-0.314964,1,3.64332,-0.307793,1,2.97877,-0.107708,0.999999,2.40428,-0.314964,1,3.64332,0.37024,0.999997,3.63165,0.062636,0.999997,2.32019,0.388473,0.999998,-0.00329699,0.23282,0.999994,1.80145,0.377605,0.999994,1.84969,0.388473,0.999998,-0.00329699,0.159296,0.999994,1.59368,0.23282,0.999994,1.80145,-0.385842,0.999999,2.08805,-0.31374,0.999998,2.08331,-0.311522,0.999999,1.87864,0.159296,0.999994,1.59368,0.388473,0.999998,-0.00329699,0.0788498,0.999995,1.4866,-0.414848,1,0.000294819,0.0788498,0.999995,1.4866,-0.414848,1,0.000294819,-0.0475756,0.999995,1.4418,-0.0475756,0.999995,1.4418,-0.414848,1,0.000294819,-0.358256,0.999995,1.01622,-0.179184,0.999997,1.52531,-0.369778,0.999997,1.75604,-0.179184,0.999997,1.52531,-0.358256,0.999995,1.01622,-0.250203,0.999997,1.66231,-0.311522,0.999999,1.87864,-0.250203,0.999997,1.66231,-0.369778,0.999997,1.75604,-0.385842,0.999999,2.08805,0.37024,0.999997,3.63165,0.184152,0.999996,2.18516,0.062636,0.999997,2.32019,0.37024,0.999997,3.63165,0.377605,0.999994,1.84969,0.184152,0.999996,2.18516,0.268267,0.999995,2.00628,0.377605,-1.00001,1.84969,0.268267,-1.00001,2.00628,0.23282,-1.00001,1.80145,-0.36978,-1,1.75604,-0.358257,-1.00001,1.01622,-0.250203,-1,1.66231,-0.311522,-1,1.87864,-0.250203,-1,1.66231,-0.358257,-1.00001,1.01622,-0.179184,-1,1.52531,-0.414848,-1,0.000294819,-0.0475756,-1,1.4418,-0.358257,-1.00001,1.01622,-0.179184,-1,1.52531,-0.0475756,-1,1.4418,0.388473,-1,-0.00329699,0.0788498,-1.00001,1.4866,-0.414848,-1,0.000294819,0.388473,-1,-0.00329699,0.377605,-1.00001,1.84969,0.159296,-1.00001,1.59368,0.0788498,-1.00001,1.4866,0.159296,-1.00001,1.59368,0.377605,-1.00001,1.84969,0.23282,-1.00001,1.80145,-0.340282,-1,2.42273,-0.385843,-1,2.08805,-0.275325,-1,2.25948,-0.31374,-1,2.08331,0.37024,-1,3.63165,0.062636,-1,2.32019,0.184152,-1,2.18516,-0.107708,-1,2.40428,-0.340282,-1,2.42273,-0.205665,-1,2.36807,-0.307794,-0.999998,2.97877,-0.314965,-0.999997,3.64332,0.37024,-1,3.63165,-0.107708,-1,2.40428,0.062636,-1,2.32019,-0.314965,-0.999997,3.64332,0.377605,-1.00001,1.84969,0.37024,-1,3.63165,0.184152,-1,2.18516,0.268267,-1.00001,2.00628]},"normal":{"type":"float32","components":3,