{"model":{"version":3,"nodes":[{"name":"RootNode","position":[0,0,0],"rotation":[0,0,0],"scale":[0.01,0.01,0.01],"scaleCompensation":false},{"name":"wyatt","position":[0,0,0],"rotation":[-90,0,0],"scale":[100,100,100],"scaleCompensation":false}],"parents":[-1,0],"skins":[],"morphs":[],"vertices":[{"position":{"type":"float32","components":3,"data":[-0.360726,0.776643,0.414144,0.360726,0.776643,0.414144,0.299135,0.909975,0.414144,-0.299135,0.909975,0.414144,0.434556,0.853477,0,0.360359,1,0,-0.360726,-0.776643,0.414144,-0.434556,-0.853477,0,-0.299135,-0.909975,0.414144,-0.360359,-1,0,0.360359,1,0,-0.360359,1,0,0.299135,-0.909975,0.414144,-0.360359,-1,0,0.360359,-1,0,-0.5,0.333333,0,-0.415052,0.303325,0.414144,-0.434556,0.853477,0,-0.5,-0.333333,0,-0.415052,-0.303325,0.414144,0.360726,-0.776643,0.414144,0.5,-0.333333,0,0.415052,-0.303325,0.414144,0.434556,-0.853477,0,0.5,0.333333,0,0.415052,0.303325,0.414144,0.360359,-1,0,-0.360359,1,0,-0.00883565,1.49055,0.0701264,-0.0161588,1.44027,0.0701264,0.00883565,1.49055,0.0701264,0.0161588,1.44027,0.0701264,-0.0482736,1.51805,0.0701264,-0.00727418,1.54555,0.0701264,-0.0147131,1.57367,0.0701264,-0.0238666,1.51805,0.0701264,0.0482736,1.51805,0.0701264,0.0238666,1.51805,0.0701264,0.0147131,1.57367,0.0701264,0.00727418,1.54555,0.0701264,-0.00883565,1.49055,0.0701264,-0.00883565,1.49055,0,-0.0238666,1.51805,0.0701264,-0.0238666,1.51805,0,-0.237847,1.15877,0.0701264,-0.289252,0.973843,0,-0.268156,0.973843,0.0701264,-0.256626,1.16255,0,-0.0178714,1.46243,0,-0.0482736,1.51805,0,-0.149601,1.3161,0.0701264,-0.165456,1.3251,0,0.00727418,1.54555,0.0701264,0.00727418,1.54555,0,0.0238666,1.51805,0.0701264,0.0238666,1.51805,0,-0.133746,1.30711,0,-0.0144462,1.41812,0,0.0482736,1.51805,0,0.0147131,1.57367,0,0.237847,1.15877,0.0701264,0.268156,0.973843,0.0701264,0.289252,0.973843,0,0.256626,1.16255,0,-0.00727418,1.54555,0.0701264,-0.00727418,1.54555,0,-0.219069,1.15499,0,-0.0147131,1.57367,0,0.0144462,1.41812,0,0.00883565,1.49055,0.0701264,0.00883565,1.49055,0,0.133746,1.30711,0,0.149601,1.3161,0.0701264,0.0178714,1.46243,0,0.219069,1.15499,0,0.165456,1.3251,0,-0.24706,0.973843,0,0.00883565,1.49055,0.0701264,0.00883565,1.49055,0,0.24706,0.973843,0,0.299135,0.909975,-0.414144,-0.360726,0.776643,-0.414144,-0.299135,0.909975,-0.414144,0.360726,0.776643,-0.414144,-0.299135,-0.909975,-0.414144,-0.360726,-0.776643,-0.414144,0.299135,-0.909975,-0.414144,-0.415052,0.303325,-0.414144,-0.415052,-0.303325,-0.414144,0.360726,-0.776643,-0.414144,0.415052,-0.303325,-0.414144,0.415052,0.303325,-0.414144,0.00883565,1.49055,-0.0701264,0.0161588,1.44027,-0.0701264,-0.0161588,1.44027,-0.0701264,-0.00883565,1.49055,-0.0701264,-0.00727418,1.54555,-0.0701264,-0.0482736,1.51805,-0.0701264,-0.0147131,1.57367,-0.0701264,-0.0238666,1.51805,-0.0701264,0.0482736,1.51805,-0.0701264,0.0238666,1.51805,-0.0701264,0.00727418,1.54555,-0.0701264,0.0147131,1.57367,-0.0701264,-0.0238666,1.51805,-0.0701264,-0.00883565,1.49055,-0.0701264,-0.237847,1.15877,-0.0701264,-0.268156,0.973843,-0.0701264,-0.149601,1.3161,-0.0701264,0.0238666,1.51805,-0.0701264,0.00727418,1.54555,-0.0701264,0.268156,0.973843,-0.0701264,0.237847,1.15877,-0.0701264,-0.00727418,1.54555,-0.0701264,0.00883565,1.49055,-0.0701264,0.149601,1.3161,-0.0701264,0.00883565,1.49055,-0.0701264]},"normal":{"type":"float32","components":3,"data":[-0.636738,0.177801,0.750267,0.636738,0.177801,0.750267,0.377758,0.607776,0.698477,-0.377758,0.607776,0.698477,0.955779,0.294015,0,0.533494,0.845759,0,-0.636738,-0.177801,0.750267,-0.955779,-0.294015,0,-0.377758,-0.607776,0.698477,-0.533494,-0.845759,0,0.533494,0.845759,0,-0.533494,0.845759,0,0.377758,-0.607776,0.698477,-0.533494,-0.845759,0,0.533494,-0.845759,0,-0.998047,0.0621662,0,-0.644154,0.0372326,0.76397,-0.955779,0.294015,0,-0.998047,-0.0621662,0,-0.644154,-0.0372326,0.76397,0.636738,-0.177801,0.750267,0.998047,-0.0621662,0,0.644154,-0.0372326,0.76397,0.955779,-0.294015,0,0.998047,0.0621662,0,0.644154,0.0372326,0.76397,0.533494,-0.845759,0,-0.533494,0.845759,0,0.275399,0.4644,0.84167,-0.366588,-0.455641,0.811151,-0.275399,0.4644,0.84167,0.366588,-0.455641,0.811151,-0.792962,0.0418409,0.607776,0.269692,-0.477706,0.836085,-0.389019,0.689077,0.611377,0.545396,-0.0116276,0.838069,0.792962,0.0418409,0.607776,-0.545396,-0.0116276,0.838069,0.389019,0.689077,0.611377,-0.269692,-0.477706,0.836085,0.275399,0.4644,0.84167,0.510086,0.860103,0,0.545396,-0.0116276,0.838069,0.999756,-0.0213324,0,-0.0920438,0.056032,0.994171,-0.986084,0.166082,0,-0.0997345,0.032136,0.994476,-0.944273,0.329081,0,-0.99707,0.0762963,0,-0.998596,0.0527055,0,-0.0657674,0.0699789,0.995361,-0.788324,0.615223,0,-0.269692,-0.477706,0.836085,-0.491592,-0.870785,0,-0.545396,-0.0116276,0.838069,-0.999756,-0.0213324,0,0.783746,-0.621052,0,0.387219,-0.921964,0,0.998596,0.0527055,0,0.491592,0.870785,0,0.0920438,0.056032,0.994171,0.0997345,0.032136,0.994476,0.986084,0.166082,0,0.944273,0.329081,0,0.269692,-0.477706,0.836085,0.491592,-0.870785,0,0.943083,-0.332469,0,-0.491592,0.870785,0,-0.387219,-0.921964,0,-0.275399,0.4644,0.84167,-0.510086,0.860103,0,-0.783746,-0.621052,0,0.0657674,0.0699789,0.995361,0.99707,0.0762963,0,-0.943083,-0.332469,0,0.788324,0.615223,0,0.987548,-0.157262,0,-0.275399,0.4644,0.84167,-0.510086,0.860103,0,-0.987548,-0.157262,0,0.377758,0.607776,-0.698477,-0.636738,0.177801,-0.750267,-0.377758,0.607776,-0.698477,0.636738,0.177801,-0.750267,-0.377758,-0.607776,-0.698477,-0.636738,-0.177801,-0.750267,0.377758,-0.607776,-0.698477,-0.644154,0.0372326,-0.76397,-0.644154,-0.0372326,-0.76397,0.636738,-0.177801,-0.750267,0.644154,-0.0372326,-0.76397,0.644154,0.0372326,-0.76397,-0.275399,0.4644,-0.84167,0.366588,-0.455641,-0.811151,-0.366588,-0.455641,-0.811151,0.275399,0.4644,-0.84167,0.269692,-0.477706,-0.836085,-0.792962,0.0418409,-0.607776,-0.389019,0.689077,-0.611377,0.545396,-0.0116276,-0.838069,0.792962,0.0418409,-0.607776,-0.545396,-0.0116276,-0.838069,-0.269692,-0.477706,-0.836085,0.389019,0.689077,-0.611377,0.545396,-0.0116276,-0.838069,0.275399,0.4644,-0.84167,-0.0920438,0.056032,-0.994171,-0.0997345,0.032136,-0.994476,-0.0657674,0.0699789,-0.995361,-0.545396,-0.0116276,-0.838069,-0.269692,-0.477706,-0.836085,0.0997345,0.032136,-0.994476,0.0920438,0.056032,-0.994171,0.269692,-0.477706,-0.836085,-0.275399,0.4644,-0.84167,0.0657674,0.0699789,-0.995361,-0.275399,0.4644,-0.84167]},"texCoord0":{"type":"float32","components":2,