{"model":{"version":3,"nodes":[{"name":"RootNode","position":[0,0,0],"rotation":[0,0,0],"scale":[0.01,0.01,0.01],"scaleCompensation":false},{"name":"yarn_ball","position":[0,0,0],"rotation":[-90,0,0],"scale":[100,100,100],"scaleCompensation":false}],"parents":[-1,0],"skins":[],"morphs":[],"vertices":[{"position":{"type":"float32","components":3,"data":[-2.22045e-16,-5.96046e-08,-1,0.276388,0.44722,-0.850649,0.587786,-5.96046e-08,-0.809017,0.688189,0.525736,-0.499997,0.951058,-2.98023e-08,-0.309013,0.894426,0.447216,2.98023e-08,0.951058,-2.98023e-08,0.309013,-0.951058,-2.98023e-08,-0.309013,-0.723607,0.44722,-0.525725,-0.587786,-5.96046e-08,-0.809017,-0.587786,-5.96046e-08,0.809017,-0.723607,0.447219,0.525725,-0.951058,-2.98023e-08,0.309013,-0.850648,0.525736,5.96046e-08,2.22045e-16,-5.96046e-08,1,0.276388,0.44722,0.850649,-0.262869,0.525738,0.809012,0.162456,0.850654,-0.499995,0.52573,0.850652,5.96046e-08,-0.425323,0.850654,0.309011,-0.425323,0.850654,-0.309011,-0.262869,0.525738,-0.809012,0.587786,-5.96046e-08,0.809017,0.688189,0.525736,0.499997,2.22045e-16,1,5.96046e-08,0.276388,-0.44722,-0.850649,0.688189,-0.525736,-0.499997,0.162456,-0.850654,-0.499995,-0.723607,-0.44722,-0.525725,-0.262869,-0.525738,-0.809012,-0.425323,-0.850654,-0.309011,-0.723607,-0.447219,0.525725,-0.850648,-0.525736,5.96046e-08,-0.425323,-0.850654,0.309011,0.276388,-0.44722,0.850649,-0.262869,-0.525738,0.809012,0.162456,-0.850654,0.499995,0.894426,-0.447216,2.98023e-08,0.688189,-0.525736,0.499997,0.52573,-0.850652,5.96046e-08,2.22045e-16,-1,5.96046e-08,0.951058,-2.98023e-08,0.309013,0.587786,-5.96046e-08,0.809017,2.22045e-16,-5.96046e-08,1,-0.587786,-5.96046e-08,0.809017,-0.951058,-2.98023e-08,0.309013,-0.951058,-2.98023e-08,-0.309013,-0.587786,-5.96046e-08,-0.809017,-2.22045e-16,-5.96046e-08,-1,0.587786,-5.96046e-08,-0.809017,0.951058,-2.98023e-08,-0.309013,0.162456,0.850654,0.499995,0.539738,-1.08257,-1.08534,0.680574,-0.84647,-0.886837,0.649211,-1.11164,-0.785527,0.64844,-0.662778,-1.14834,0.639602,-0.338779,-1.064,0.620554,-0.271124,-0.597499,0.631252,-0.576669,-0.825022,0.568489,0.00150414,-0.757746,0.407009,-0.230408,-0.779335,0.413438,-0.533498,-1.00129,0.407009,-0.230408,-0.779335,0.413438,-0.533498,-1.00129,0.439715,-0.806455,-1.02324,0.382444,-1.04359,-0.85282,0.382444,-1.04359,-0.85282,0.439715,-0.806455,-1.02324,0.539738,-1.08257,-1.08534]},"normal":{"type":"float32","components":3,"data":[-0.0158391,0,-0.999847,0.276376,0.447218,-0.850642,0.600513,0,-0.799585,0.688162,0.525712,-0.499985,0.946013,0,-0.324046,0.894406,0.447188,0,0.946013,0,0.324046,-0.955809,0,-0.293893,-0.723594,0.447188,-0.525712,-0.574877,0,-0.818201,-0.574877,0,0.818201,-0.723594,0.447188,0.525712,-0.955809,0,0.293893,-0.850642,0.525712,0,-0.0158391,0,0.999847,0.276376,0.447218,0.850642,-0.262856,0.525712,0.808985,0.16245,0.850642,-0.499985,0.525712,0.850642,0,-0.425306,0.850642,0.309,-0.425306,0.850642,-0.309,-0.262856,0.525712,-0.808985,0.600513,0,0.799585,0.688162,0.525712,0.499985,0,1,0,0.276376,-0.447218,-0.850642,0.688162,-0.525712,-0.499985,0.16245,-0.850642,-0.499985,-0.723594,-0.447188,-0.525712,-0.262856,-0.525712,-0.808985,-0.425306,-0.850642,-0.309,-0.723594,-0.447188,0.525712,-0.850642,-0.525712,0,-0.425306,-0.850642,0.309,0.276376,-0.447218,0.850642,-0.262856,-0.525712,0.808985,0.16245,-0.850642,0.499985,0.894406,-0.447188,0,0.688162,-0.525712,0.499985,0.525712,-0.850642,0,0,-1,0,0.946013,0,0.324046,0.600513,0,0.799585,-0.0158391,0,0.999847,-0.574877,0,0.818201,-0.955809,0,0.293893,-0.955809,0,-0.293893,-0.574877,0,-0.818201,-0.0158391,0,-0.999847,0.600513,0,-0.799585,0.946013,0,-0.324046,0.16245,0.850642,0.499985,0.0636311,-0.648793,-0.758293,0.778252,0.0146794,0.627766,0.479324,-0.534867,0.695791,0.46147,0.045381,-0.885952,0.434339,0.477065,-0.764,0.761223,-0.283975,0.582965,0.464644,-0.282754,0.839106,0.619678,0.545122,-0.564592,-0.983581,0.0884732,-0.15717,-0.977966,-0.0283212,-0.206793,-0.983581,0.0884732,-0.15717,-0.977966,-0.0283212,-0.206793,-0.994079,0.0673238,-0.0851466,-0.882107,-0.250893,0.398602,-0.882107,-0.250893,0.398602,-0.994079,0.0673238,-0.0851466,0.0636311,-0.648793,-0.758293]},"texCoord0":{"type":"float32","components":2,"data":[0.720893,0.424845,0.778575,0.524838,0.885452,0.48121,0.858172,0.606455,0.985249,0.623246,0.907976,0.709005,0.982494,0.797167,0.450512,0.614954,0.563436,0.590994,0.554971,0.475866,0.547764,0.930847,0.559871,0.816044,0.447763,0.78852,0.543451,0.703231,0.711987,0.987097,0.772807,0.888981,0.66044,0.869736,0.74488,0.623212,0.804003,0.707358,0.644955,0.756264,0.646584,0.653439,0.665655,0.540514,0.878249,0.935972,0.854949,0.809925,0.716533,0.705972,0.34452,0.112486,0.424117,0.194103,0.310825,0.21086,0.129381,0.178641,0.2316,0.128162,0.212529,0.241087,0.125817,0.403692,0.109396,0.290879,0.2109,0.343912,0.338752,0.476629,0.226385,0.457383,0.30819,0.377236,0.473921,0.296652,0.420894,0.397573,0.369948,0.295005,0.282479,0.29362,0.548439,0.384815,0.444194,0.523619,0.277932,0.574745,0.113709,0.518494,0.0137082,0.376167,0.0164573,0.202602,0.120916,0.0635136,0.286838,0.0124926,0.451397,0.0688579,0.551194,0.210894,0.742245,0.789588,0.191429,0.874068,0.24392,0.823798,0.253598,0.884278,0.189368,0.794059,0.18133,0.743248,0.235323,0.676704,0.243832,0.75852,0.169809,0.660374,0.290117,0.681993,0.305777,0.755912,0.127772,0.701606,0.138285,0.774988,0.301995,0.810488,0.305777,0.867941,0.135426,0.885551,0.152229,0.827924,0.302198,0.9225]}}],"meshes":[{"aabb":{"min":[-0.951058,-1.11164,-1.14834],"max":[0.951058,1,1]},"vertices":0,"indices":[0,1,2,2,3,4,4,5,6,7,8,9,10,11,12,2,1,3,7,13,8,14,15,16,17,18,3,19,20,13,0,21,1,12,13,7,22,23,15,17,24,18,19,24,20,25,26,27,28,29,30,31,32,33,34,35,36,37,38,39,39,36,40,39,38,36,38,34,36,36,33,40,36,35,33,35,31,33,33,30,40,33,32,30,32,28,30,30,27,40,30,29,27,29,25,27,27,39,40,27,26,39,26,37,39,41,38,37,41,42,38,42,34,38,43,35,34,43,44,35,44,31,35,45,32,31,45,46,32,46,28,32,47,29,28,47,48,29,48,25,29,49,26,25,49,50,26,50,37,26,42,43,34,1,17,3,20,17,21,44,45,31,8,20,21,6,5,23,46,47,28,11,19,13,10,16,11,48,49,25,18,51,23,9,21,0,50,41,37,18,24,51,16,19,11,13,20,8,5,18,23,21,17,1,3,18,5,15,51,16,6,23,22,14,16,10,51,19,16,12,11,13,20,24,17,23,51,15,22,15,14,9,8,21,51,24,19,4,3,5,52,53,54,53,52,55,56,57,58,57,56,59,60,61,57,57,61,58,59,56,62,56,63,62,64,65,53,53,65,54,66,67,52,67,55,52,65,68,54,55,63,56,55,67,63,61,64,58,58,64,53,55,58,53,58,55,56],"type":"triangles","base":0,"count":297}],"meshInstances":[{"node":1,"mesh":0}]}}