{"model":{"version":3,"nodes":[{"name":"RootNode","position":[0,0,0],"rotation":[0,0,0],"scale":[0.01,0.01,0.01],"scaleCompensation":false},{"name":"food_2.002","position":[0,0,0],"rotation":[-90,0,0],"scale":[100,100,100],"scaleCompensation":false}],"parents":[-1,0],"skins":[],"morphs":[],"vertices":[{"position":{"type":"float32","components":3,"data":[-0.5,0.866025,-0.6,-0.5,0.866025,0.6,1.19209e-07,1,0.6,1.19209e-07,1,-0.6,1.19209e-07,1,0.6,-0.5,0.866025,0.6,1.19209e-07,-5.96046e-08,0.6,1.19209e-07,1,-0.6,1.19209e-07,1,0.6,0.500001,0.866025,0.6,0.500001,0.866025,-0.6,0.500001,0.866025,0.6,0.500001,0.866025,-0.6,1.19209e-07,-5.96046e-08,-0.6,1.19209e-07,1,-0.6,-0.5,0.866025,-0.6,-0.866025,0.5,-0.6,-0.866025,0.5,-0.6,-0.866025,0.5,0.6,-1,-1.19209e-07,-0.6,-1,-1.19209e-07,-0.6,-1,-1.19209e-07,0.6,-0.866025,0.5,0.6,-1,-1.19209e-07,0.6,-0.866025,-0.5,-0.6,-0.866025,-0.5,0.6,-0.866025,-0.5,0.6,-0.5,-0.866025,-0.6,-0.5,-0.866025,0.6,-0.5,-0.866025,0.6,-0.866025,-0.5,-0.6,-0.5,-0.866025,-0.6,0,-1,-0.6,0,-1,-0.6,0,-1,0.6,0.5,-0.866026,-0.6,0.5,-0.866026,0.6,0,-1,0.6,0,-1,-0.6,0.5,-0.866026,-0.6,0,-1,0.6,0.5,-0.866026,0.6,0.866025,-0.5,-0.6,0.866025,-0.5,0.6,0.866025,-0.5,0.6,1,-5.36442e-07,-0.6,1,-5.36442e-07,0.6,1,-5.36442e-07,0.6,0.866025,-0.5,-0.6,1,-5.36442e-07,-0.6,0.866026,0.499999,-0.6,0.866026,0.499999,-0.6,0.866026,0.499999,0.6,0.866026,0.499999,0.6]},"normal":{"type":"float32","components":3,"data":[-0.378552,0.655721,-0.653218,-0.378552,0.655721,0.653218,0,0.757134,0.653218,0,0.757134,-0.653218,0,0.757134,0.653218,-0.378552,0.655721,0.653218,0,0,1,0,0.757134,-0.653218,0,0.757134,0.653218,0.378552,0.655721,0.653218,0.378552,0.655721,-0.653218,0.378552,0.655721,0.653218,0.378552,0.655721,-0.653218,0,0,-0.999969,0,0.757134,-0.653218,-0.378552,0.655721,-0.653218,-0.655721,0.378552,-0.653218,-0.655721,0.378552,-0.653218,-0.655721,0.378552,0.653218,-0.757134,0,-0.653218,-0.757134,0,-0.653218,-0.757134,0,0.653218,-0.655721,0.378552,0.653218,-0.757134,0,0.653218,-0.655721,-0.378552,-0.653218,-0.655721,-0.378552,0.653218,-0.655721,-0.378552,0.653218,-0.378552,-0.655721,-0.653218,-0.378552,-0.655721,0.653218,-0.378552,-0.655721,0.653218,-0.655721,-0.378552,-0.653218,-0.378552,-0.655721,-0.653218,0,-0.757134,-0.653218,0,-0.757134,-0.653218,0,-0.757134,0.653218,0.378552,-0.655721,-0.653218,0.378552,-0.655721,0.653218,0,-0.757134,0.653218,0,-0.757134,-0.653218,0.378552,-0.655721,-0.653218,0,-0.757134,0.653218,0.378552,-0.655721,0.653218,0.655721,-0.378552,-0.653218,0.655721,-0.378552,0.653218,0.655721,-0.378552,0.653218,0.757134,0,-0.653218,0.757134,0,0.653218,0.757134,0,0.653218,0.655721,-0.378552,-0.653218,0.757134,0,-0.653218,0.655721,0.378552,-0.653218,0.655721,0.378552,-0.653218,0.655721,0.378552,0.653218,0.655721,0.378552,0.653218]},"texCoord0":{"type":"float32","components":2,"data":[0.14262,0.937055,0.259605,0.937055,0.259605,0.987518,0.14262,0.987518,0.467823,0.925317,0.442591,0.96902,0.373657,0.900086,0.119588,0.995907,0.00260264,0.995907,0.00260268,0.945444,0.119588,0.945444,0.467823,0.874854,0.368349,0.598751,0.393581,0.692917,0.324647,0.623982,0.299415,0.667685,0.299415,0.718148,0.14262,0.886591,0.259605,0.886591,0.324647,0.761851,0.14262,0.836128,0.259605,0.836128,0.398889,0.994252,0.348425,0.994252,0.14262,0.785665,0.259605,0.785665,0.304723,0.96902,0.14262,0.735202,0.259605,0.735202,0.279491,0.925317,0.368349,0.787082,0.418813,0.787082,0.462515,0.761851,0.14262,0.684738,0.259605,0.684738,0.119588,0.743591,0.0026027,0.743591,0.00260268,0.693127,0.119588,0.693127,0.487747,0.718148,0.279491,0.874854,0.304723,0.831151,0.119588,0.794054,0.0026027,0.794054,0.348425,0.80592,0.119588,0.844517,0.0026027,0.844517,0.398889,0.80592,0.487747,0.667685,0.462515,0.623982,0.418813,0.598751,0.119588,0.894981,0.0026027,0.89498,0.442591,0.831151]}}],"meshes":[{"aabb":{"min":[-1,-1,-0.6],"max":[1,1,0.6]},"vertices":0,"indices":[0,1,2,2,3,0,4,5,6,7,8,9,9,10,7,11,4,6,12,13,14,14,13,15,15,13,16,17,18,1,1,0,17,16,13,19,20,21,18,18,17,20,5,22,6,22,23,6,24,25,21,21,20,24,23,26,6,27,28,25,25,24,27,26,29,6,30,13,31,19,13,30,31,13,32,33,34,28,28,27,33,35,36,37,37,38,35,32,13,39,29,40,6,40,41,6,42,43,36,36,35,42,41,44,6,45,46,43,43,42,45,44,47,6,48,13,49,39,13,48,49,13,50,51,52,46,46,45,51,50,13,12,10,9,52,52,51,10,47,53,6,53,11,6],"type":"triangles","base":0,"count":144}],"meshInstances":[{"node":1,"mesh":0}]}}