{"model":{"version":3,"nodes":[{"name":"RootNode","position":[0,0,0],"rotation":[0,0,0],"scale":[0.01,0.01,0.01],"scaleCompensation":false},{"name":"food_5.001","position":[0,0,0],"rotation":[-90,0,0],"scale":[100,100,100],"scaleCompensation":false}],"parents":[-1,0],"skins":[],"morphs":[],"vertices":[{"position":{"type":"float32","components":3,"data":[-0.9927,1.22685,-0.41574,-0.9927,1.22685,0.41574,-0.687253,1.28691,0.41574,-0.687253,1.28691,-0.41574,-0.687253,1.28691,0.41574,-0.9927,1.22685,0.41574,-0.381807,1.22685,0.41574,-0.381807,1.22685,0.41574,-0.381807,1.22685,-0.41574,-0.687253,1.28691,-0.41574,-0.381807,1.22685,-0.41574,-0.9927,1.22685,-0.41574,-0.152631,0.970832,0.41574,-0.152631,0.970832,-0.41574,-1.20378,0.936196,-0.41574,-0.152631,0.970832,-0.41574,-0.0755754,0.8431,0.41574,-0.0755754,0.8431,-0.41574,-1.25959,0.633894,-0.41574,-0.0755754,0.8431,-0.41574,-0.152631,0.970832,0.41574,-1.20378,0.936196,0.41574,-1.25959,0.633894,0.41574,-0.0755754,0.8431,0.41574,-1.20378,0.936196,-0.41574,-1.20378,0.936196,0.41574,-1.25959,0.633894,-0.41574,-1.25959,0.633894,0.41574,-1.20378,0.331592,-0.41574,-1.20378,0.331592,0.41574,0,0.78214,0.41574,-1.20378,0.331592,0.41574,0,0.331592,0.41574,0,0.78214,-0.41574,-1.20378,0.331592,-0.41574,0,0.331592,-0.41574,0,0.78214,0.41574,0,0.78214,-0.41574,0,0.78214,-0.41574,0,0.78214,0.41574,0.0755754,0.8431,0.41574,0.0755754,0.8431,-0.41574,0.0755754,0.8431,-0.41574,1.25959,0.633894,-0.41574,1.20378,0.331592,-0.41574,1.25959,0.633894,-0.41574,1.25959,0.633894,0.41574,1.20378,0.331592,0.41574,1.20378,0.331592,-0.41574,1.20378,0.936195,-0.41574,1.20378,0.936195,0.41574,0.152631,0.970833,-0.41574,1.20378,0.936195,-0.41574,1.20378,0.331592,0.41574,1.25959,0.633894,0.41574,0.152631,0.970833,0.41574,1.20378,0.936195,0.41574,0.0755754,0.8431,0.41574,0.152631,0.970833,0.41574,0.152631,0.970833,-0.41574,0.381808,1.22685,0.41574,0.381808,1.22685,-0.41574,0.381808,1.22685,0.41574,0.9927,1.22685,0.41574,0.381808,1.22685,-0.41574,0.9927,1.22685,-0.41574,0.687254,1.28691,0.41574,0.687254,1.28691,-0.41574,0.687254,1.28691,-0.41574,0.9927,1.22685,-0.41574,0.9927,1.22685,0.41574,0.687254,1.28691,0.41574,0.98248,-0.229149,0.41574,0.98248,-0.229149,-0.41574,0.98248,-0.229149,0.41574,0,-0.229149,0.41574,-0.98248,-0.229149,0.41574,-0.69774,-0.722701,0.41574,-2.38419e-07,-0.722701,0.41574,0.69774,-0.722701,0.41574,-0.387445,-1.1068,0.41574,-2.38419e-07,-1.1068,0.41574,0.387446,-1.1068,0.41574,0,-1.28691,0.41574,-0.387445,-1.1068,-0.41574,-0.387445,-1.1068,0.41574,-0.69774,-0.722701,0.41574,-0.69774,-0.722701,-0.41574,0,-1.28691,-0.41574,0,-1.28691,0.41574,-2.38419e-07,-1.1068,-0.41574,-0.387445,-1.1068,-0.41574,-2.38419e-07,-0.722701,-0.41574,-0.69774,-0.722701,-0.41574,0.387446,-1.1068,-0.41574,0,-1.28691,-0.41574,0.69774,-0.722701,-0.41574,0,-0.229149,-0.41574,-0.98248,-0.229149,-0.41574,0.98248,-0.229149,-0.41574,0.69774,-0.722701,0.41574,0.69774,-0.722701,-0.41574,-0.98248,-0.229149,0.41574,-0.98248,-0.229149,-0.41574,0.387446,-1.1068,0.41574,0.387446,-1.1068,-0.41574,0,-1.28691,0.41574,0,-1.28691,-0.41574]},"normal":{"type":"float32","components":3,"data":[-0.416578,0.652181,-0.63332,-0.416578,0.652181,0.63332,0,0.745811,0.666128,0,0.745811,-0.666128,0,0.745811,0.666128,-0.416578,0.652181,0.63332,0.379162,0.66625,0.642109,0.379162,0.66625,0.642109,0.379162,0.66625,-0.642109,0,0.745811,-0.666128,0.379162,0.66625,-0.642109,-0.416578,0.652181,-0.63332,0.584613,0.432081,0.686636,0.584613,0.432081,-0.686636,-0.689901,0.29603,-0.660573,0.584613,0.432081,-0.686636,0.499771,0.436048,0.748375,0.499771,0.436048,-0.748375,-0.743767,0,-0.668416,0.499771,0.436048,-0.748375,0.584613,0.432081,0.686636,-0.689901,0.29603,0.660573,-0.743767,0,0.668416,0.499771,0.436048,0.748375,-0.689901,0.29603,-0.660573,-0.689901,0.29603,0.660573,-0.743767,0,-0.668416,-0.743767,0,0.668416,-0.699393,-0.200507,-0.685995,-0.699393,-0.200507,0.685995,0,0.477523,0.878597,-0.699393,-0.200507,0.685995,0,0,1,0,0.477523,-0.878597,-0.699393,-0.200507,-0.685995,0,0,-1,0,0.477523,0.878597,0,0.477523,-0.878597,0,0.477523,-0.878597,0,0.477523,0.878597,-0.499771,0.436048,0.748375,-0.499771,0.436048,-0.748375,-0.499771,0.436048,-0.748375,0.743767,0,-0.668416,0.699393,-0.200507,-0.685995,0.743767,0,-0.668416,0.743767,0,0.668416,0.699393,-0.200507,0.685995,0.699393,-0.200507,-0.685995,0.689901,0.29603,-0.660573,0.689901,0.29603,0.660573,-0.584613,0.432081,-0.686636,0.689901,0.29603,-0.660573,0.699393,-0.200507,0.685995,0.743767,0,0.668416,-0.584613,0.432081,0.686636,0.689901,0.29603,0.660573,-0.499771,0.436048,0.748375,-0.584613,0.432081,0.686636,-0.584613,0.432081,-0.686636,-0.379162,0.66625,0.642109,-0.379162,0.66625,-0.642109,-0.379162,0.66625,0.642109,0.416578,0.652181,0.63332,-0.379162,0.66625,-0.642109,0.416578,0.652181,-0.63332,0,0.745811,0.666128,0,0.745811,-0.666128,0,0.745811,-0.666128,0.416578,0.652181,-0.63332,0.416578,0.652181,0.63332,0,0.745811,0.666128,0.651082,-0.314158,0.690878,0.651082,-0.314158,-0.690878,0.651082,-0.314158,0.690878,0,0,1,-0.651082,-0.314158,0.690878,-0.59682,-0.409528,0.689932,0,0,1,0.59682,-0.409528,0.689932,-0.462722,-0.592273,0.659566,0,0,0.999969,0.462722,-0.592273,0.659566,0,-0.781884,0.623371,-0.462722,-0.592273,-0.659566,-0.462722,-0.592273,0.659566,-0.59682,-0.409528,0.689932,-0.59682,-0.409528,-0.689932,0,-0.781884,-0.623371,0,-0.781884,0.623371,0,0,-1,-0.462722,-0.592273,-0.659566,0,0,-1,-0.59682,-0.409528,-0.689932,0.462722,-0.592273,-0.659566,0,-0.781884,-0.623371,0.59682,-0.409528,-0.689932,0,0,-1,-0.651082,-0.314158,-0.690878,0.651082,-0.314158,-0.690878,0.59682,-0.409528,0.689932,0.59682,-0.409528,-0.689932,-0.651082,-0.314158,0.690878,-0.651082,-0.314158,-0.690878,0.462722,-0.592273,0.659566,0.462722,-0.592273,-0.659566,0,-0.781884,0.623371,0,-0.781884,-0.623371]},"texCoord0":{"type":"float32","components":2,"data":[0.867192,0.497846,0.935012,0.497846,0.935012,0.523237,0.867192,0.523237,0.588376,0.261954,0.563463,0.257055,0.61329,0.257055,0.935012,0.548628,0.867192,0.548628,0.174847,0.951003,0.149933,0.946103,0.199761,0.946103,0.935012,0.576655,0.867192,0.576655,0.216978,0.922396,0.13124,0.925221,0.935012,0.588822,0.867192,0.588822,0.22153,0.897739,0.124955,0.914803,0.631983,0.236173,0.546246,0.233347,0.541693,0.20869,0.638268,0.225754,0.867192,0.468547,0.935012,0.468547,0.867192,0.443472,0.935012,0.443472,0.867192,0.418398,0.935012,0.418398,0.644433,0.220782,0.546246,0.184033,0.644433,0.184033,0.118791,0.909831,0.216978,0.873081,0.118791,0.873081,0.935012,0.596742,0.867192,0.596742,0.936831,0.984074,0.86901,0.984074,0.86901,0.976154,0.936831,0.976154,0.112626,0.914803,0.0160508,0.897739,0.0206033,0.873081,0.936831,0.830804,0.86901,0.830804,0.86901,0.80573,0.936831,0.80573,0.936831,0.855879,0.86901,0.855879,0.106341,0.925221,0.0206033,0.922396,0.74262,0.184032,0.747173,0.20869,0.656882,0.236172,0.74262,0.233347,0.650597,0.225754,0.86901,0.963987,0.936831,0.963987,0.86901,0.93596,0.936831,0.93596,0.675575,0.257055,0.725403,0.257055,0.0876481,0.946103,0.0378202,0.946103,0.86901,0.910569,0.936831,0.910569,0.0627342,0.951003,0.936831,0.885178,0.86901,0.885178,0.700489,0.261954,0.86901,0.75656,0.936831,0.75656,0.72457,0.138295,0.644433,0.138295,0.564296,0.138295,0.587521,0.0980384,0.644433,0.0980384,0.701344,0.0980384,0.612831,0.0667091,0.644433,0.0667091,0.676035,0.0667091,0.644433,0.0520182,0.867192,0.282477,0.935012,0.282477,0.935012,0.322752,0.867192,0.322752,0.867192,0.247627,0.935012,0.247627,0.118791,0.755758,0.150393,0.755758,0.118791,0.787087,0.175702,0.787087,0.0871883,0.755758,0.118791,0.741067,0.0618789,0.787087,0.118791,0.827344,0.198927,0.827344,0.0386538,0.827344,0.86901,0.710084,0.936831,0.710084,0.935012,0.369228,0.867192,0.369228,0.86901,0.669809,0.936831,0.669809,0.86901,0.634959,0.936831,0.634959]}}],"meshes":[{"aabb":{"min":[-1.25959,-1.28691,-0.41574],"max":[1.25959,1.28691,0.41574]},"vertices":0,