{"model":{"version":3,"nodes":[{"name":"RootNode","position":[0,0,0],"rotation":[0,0,0],"scale":[0.01,0.01,0.01],"scaleCompensation":false},{"name":"potatoes","position":[0,0,0],"rotation":[-90,0,0],"scale":[100,100,100],"scaleCompensation":false}],"parents":[-1,0],"skins":[],"morphs":[],"vertices":[{"position":{"type":"float32","components":3,"data":[0.565243,-0.294208,-1.35686,0.352567,-0.148115,-1.58213,0.621371,-0.0387824,-1.41665,-0.345638,0.0787649,-1.58368,0.33528,0.284522,-1.59736,-0.0755043,-0.28412,-1.58038,0.784293,-0.442601,-1.0965,0.902301,0.0752646,-1.21231,1.1361,-0.205301,-0.667555,-0.232486,-0.767525,-1.14583,0.306771,-0.725888,-1.22326,0.0439022,-0.916876,-0.687875,-0.88706,0.083124,-1.20499,-0.644287,-0.416873,-1.22326,-0.975517,-0.225889,-0.808494,-0.2601,0.900089,-1.16844,-0.673526,0.575884,-1.26559,-0.618101,0.884266,-0.812669,0.739896,0.575165,-1.16844,0.263134,0.838906,-1.259,0.607942,0.863175,-0.707319,0.63749,-0.725893,-0.618253,-0.544026,-0.725893,-0.688139,-0.88706,0.083124,-1.20499,-0.975517,-0.225889,-0.808494,-1.06473,0.392137,-0.954319,0.0201355,1.05416,-0.707358,1.0981,0.37916,-0.945374,0.213601,-0.767525,1.48086,0.599269,-0.416203,1.59803,0.0426084,-0.416871,1.77036,-0.789947,-0.442602,1.33738,-0.342605,-0.725888,1.46301,-0.538747,-0.22574,1.68602,-0.713294,0.60982,1.31372,-0.923313,0.0880714,1.35916,-0.461031,0.403144,1.68989,0.409988,0.88241,1.50642,-0.157453,0.848257,1.48691,0.155857,0.574112,1.78122,0.873857,0.0833561,1.53003,0.674156,0.571457,1.59814,0.418201,0.08986,1.82233,-0.102994,0.0952469,1.86022,-0.538747,-0.22574,1.68602,-0.923313,0.0880714,1.35916,-0.102994,0.0952469,1.86022,0.418201,0.08986,1.82233,0.873857,0.0833561,1.53003,0.955708,0.293888,1.25633,0.717322,0.830459,1.18723,0.23183,1.00739,1.13841,-0.508366,0.862128,0.953901,-1.04013,0.403681,0.813604,-1.02848,-0.222248,0.901976,-1.02848,-0.222248,0.901976,-0.606337,-0.726082,1.01834,-0.0246742,-0.916876,1.10216,0.599865,-0.706401,1.17071,0.948113,-0.11814,1.25656,0.955708,0.293888,1.25633,1.0981,0.37916,-0.945374,0.902301,0.0752646,-1.21231,0.533676,0.425072,-1.43036,0.295977,0.557773,-1.47562,0.0802168,0.627879,-1.47562,-0.182082,0.65764,-1.43036,-0.386206,0.498695,-1.47709,-0.51105,0.325534,-1.47012,-0.615091,0.0824794,-1.43707,-0.493176,-0.166874,-1.44656,-0.615091,0.0824794,-1.43707,-0.359826,-0.350411,-1.44656,-0.153925,-0.525738,-1.4073,0.612502,0.177261,-1.42391,0.33528,0.284522,-1.59736,0.612502,0.177261,-1.42391,0.115703,-0.504919,-1.44656,0.331463,-0.434813,-1.44656,1.24046,0.454901,0.358076,1.06677,0.682868,0.680027,1.25288,0.312893,0.794949,1.32893,0.083124,0.476405,1.04435,0.454903,-0.0274228,1.00835,0.715634,0.279924,1.23278,0.083124,0.0880679,0.995288,0.083124,-0.17944,1.02049,0.474039,1.04019,1.064,0.0831239,1.12646,1.02948,-0.307786,1.02318,1.06445,-0.518426,0.679462,1.25288,-0.146645,0.794949,1.00835,-0.549386,0.279924,1.04435,-0.288655,-0.0274228,1.24046,-0.288653,0.358076,-0.345638,0.0787649,-1.58368,-0.0962404,0.424733,-1.59736,1.25288,0.312893,0.794949,1.32893,0.083124,0.476405,1.064,0.0831239,1.12646,1.23278,0.083124,0.0880679,0.995288,0.083124,-0.17944,-1.28,0.466613,0.0467012,-1.13886,0.692373,-0.254336,-1.23853,0.319996,-0.391424,-1.3204,0.0949485,-0.0657632,-1.18836,0.465951,0.468143,-1.13909,0.72416,0.147371,-1.32831,0.109029,0.41235,-1.17167,0.0958446,0.652161,-1.06907,0.479173,-0.598981,-1.09029,0.0871326,-0.690046,-1.07623,-0.304145,-0.582482,-1.12244,-0.514786,-0.245915,-1.22852,-0.142016,-0.386291,-1.11932,-0.545746,0.157508,-1.17418,-0.281112,0.475417,-1.25864,-0.282223,0.0576581,-1.22852,-0.142016,-0.386291,-1.09029,0.0871326,-0.690046,-1.3204,0.0949485,-0.0657632,-1.32831,0.109029,0.41235,-1.17167,0.0958446,0.652161,0.3085,-1.02856,0.813959,-0.0102738,-1.17046,0.511074,0.320252,-1.04805,0.538058,-0.535721,-0.929432,0.947822,0.0374588,-1.07815,0.902998,-0.56481,-0.877758,-0.119485,-0.563286,-0.98799,0.0830315,0.0215308,-1.17897,0.12533,0.0210434,-1.06874,-0.0911973,0.330292,-1.06571,0.241959,0.612407,-0.864763,0.574389,0.624948,-0.87126,-0.0219316,-0.594053,-0.979473,0.454764,0.250193,0.984986,0.532533,-0.574273,0.865135,0.412697,0.60304,0.886918,0.554162,0.537329,0.922815,-0.0788056,-0.0166405,0.983709,-0.0913881,-0.626802,0.892706,-0.227312]},"normal":{"type":"float32","components":3,