{
  "resources": [
    "cutscene_05.mp3"
  ],
  "spritemap": {
    "cs_05_ari_003": {
      "start": 0,
      "end": 2.9866893424036283,
      "loop": false
    },
    "cs_05_elinor_002": {
      "start": 4,
      "end": 7.2443764172335605,
      "loop": false
    },
    "cs_05_olive_001": {
      "start": 9,
      "end": 12.018707482993197,
      "loop": false
    },
    "cs_05_sfx_001": {
      "start": 14,
      "end": 18.913696145124717,
      "loop": false
    }
  }
}