{"model":{"version":3,"nodes":[{"name":"RootNode","position":[0,0,0],"rotation":[0,0,0],"scale":[0.01,0.01,0.01],"scaleCompensation":false},{"name":"slime_ball","position":[0,0,0],"rotation":[-90,0,0],"scale":[100,100,100],"scaleCompensation":false}],"parents":[-1,0],"skins":[],"morphs":[],"vertices":[{"position":{"type":"float32","components":3,"data":[0.510635,-0.167575,-0.920967,0.636548,-0.262868,-0.74894,0.431835,-0.22361,-0.855214,0.665008,-0.19717,-0.838512,0.687244,0.535017,-0.619038,0.94715,2.22952e-09,-0.547418,0.636548,0.264998,-0.74798,0.767281,-2.05824e-08,-0.738542,0.94715,2.22952e-09,-0.547418,0.893057,0.443234,-0.141904,0.950112,-2.20542e-08,0.251345,-0.481143,0.222557,-0.958117,-0.649223,0.22361,-0.792878,-0.417403,0.262869,-0.877157,-0.678025,0.189318,-0.885075,-0.587786,-5.96046e-08,0.809017,-0.723607,0.447219,0.525725,-0.95112,-2.97642e-08,0.308729,0.431835,0.22683,-0.853762,0.276388,0.463907,-0.895149,-0.950725,1.95699e-09,-0.545389,-0.852816,0.525736,-0.00987585,-0.732374,0.44722,-0.606838,2.22045e-16,-5.96046e-08,1,0.276388,0.44722,0.850649,-0.262869,0.525738,0.809012,0.162456,0.896681,-0.650668,0.52573,0.850265,-0.2054,-0.425323,0.850654,0.309011,-0.438007,0.884063,-0.471675,-0.852816,0.525736,-0.00987585,0.00675961,0.505542,-0.880665,-0.117122,0.735251,-0.863474,-0.0502066,0.723063,-0.747483,-0.0727075,0.564899,-0.963268,-0.950725,1.95699e-09,-0.545389,0.587786,-5.96046e-08,0.809017,0.688189,0.52337,0.465295,1.98676e-16,1.01255,-0.105244,1.98676e-16,1.01255,-0.105244,0.687244,-0.525736,-0.59318,0.219748,-0.648937,-0.792103,0.482037,-0.486478,-0.74883,0.162456,-0.850654,-0.64851,-0.101287,-0.699654,-0.844974,-0.0533134,-0.536782,-0.948302,0.0124951,-0.486479,-0.88926,-0.0468713,-0.688196,-0.763204,-0.723607,-0.447219,0.525725,-0.819086,-0.525736,-0.0462661,-0.425323,-0.850654,0.309011,0.276388,-0.44722,0.850649,-0.262869,-0.525738,0.809012,0.162456,-0.850654,0.499995,0.893057,-0.447216,-0.0835117,0.688189,-0.525736,0.499997,0.52573,-0.850652,-0.0359226,2.22045e-16,-1,-0.0520251,-0.423237,-0.850654,-0.344935,-0.819086,-0.525736,-0.0462661,-0.691578,-0.44722,-0.606838,-0.423237,-0.850654,-0.344935,2.22045e-16,-1,-0.0520251,-0.457267,-0.486479,-0.724614,-0.327746,-0.699654,-0.728625,-0.327495,-0.688196,-0.618689,-0.432053,-0.536782,-0.810475,0.52573,-0.850652,-0.0359226,0.893057,-0.447216,-0.0835117,0.950112,-2.20542e-08,0.251345,0.587786,-5.96046e-08,0.809017,2.22045e-16,-5.96046e-08,1,-0.587786,-5.96046e-08,0.809017,-0.95112,-2.97642e-08,0.308729,-0.950725,1.95699e-09,-0.545389,-0.950725,1.95699e-09,-0.545389,-0.153318,-0.356233,-0.975852,-0.112371,-0.262869,-0.922789,-0.37467,-0.356233,-0.933731,-0.387052,-0.262869,-0.877156,0.219869,-0.326564,-1.0148,0.424236,-0.326564,-0.953218,0.139484,-0.22361,-0.936258,0.94715,2.22952e-09,-0.547418,0.767281,-2.05824e-08,-0.738542,-0.467151,0.553544,-0.84133,-0.49798,0.4889,-0.724124,-0.347434,0.72231,-0.756603,-0.347095,0.708738,-0.629711,-0.178412,0.379016,-1.0009,-0.127825,0.265651,-0.9218,-0.35784,-5.06511e-08,-1.02039,-0.455078,-0.222557,-0.958117,-0.272181,-5.34375e-08,-0.950409,0.665008,0.199754,-0.838242,0.763748,0.000992257,-0.831475,0.52573,0.850265,-0.2054,0.162456,0.848195,0.46392,-0.405462,0.3772,-0.961052,0.94715,2.22952e-09,-0.547418,-0.438007,0.884063,-0.471675,0.893057,0.443234,-0.141904,0.459204,-0.509665,-0.877378,-0.100698,-0.232198,-1.02193,0.121474,-0.19752,-1.03841,-0.616806,-0.22361,-0.792878,-0.751788,-2.20107e-08,-0.727911,-0.765438,-2.52336e-08,-0.82316,-0.651042,-0.189318,-0.885075,0.138194,0.227117,-0.934676,-0.112805,0.232704,-1.02179,0.120428,0.198173,-1.03807,0.763748,0.000992257,-0.831475,0.510635,0.170743,-0.920434,0.40661,0.000992229,-0.964297,0.293886,-5.9548e-08,-0.90493,0.40661,0.000992229,-0.964297,0.293886,-5.9548e-08,-0.90493,-0.272181,-5.34375e-08,-0.950409,-0.35784,-5.06511e-08,-1.02039,0.258944,-6.03216e-08,-1.01705,-0.241393,-5.70064e-08,-1.04173,-0.765438,-2.52336e-08,-0.82316,-0.751788,-2.20107e-08,-0.727911,-0.597404,-3.21321e-08,-1.07738,-0.597404,-3.21321e-08,-1.07738,-0.237873,-0.568481,-0.944121,-0.286795,0.628023,-0.970288,0.610938,0.00403112,-0.956277,0.610938,0.00403112,-0.956277,0.130312,-0.509666,-0.980294,0.2773,-0.622827,-0.912119,-0.241393,-5.70064e-08,-1.04173,0.258944,-6.03216e-08,-1.01705,-0.0401028,-5.50705e-08,-1.14048,-0.0401028,-5.50705e-08,-1.14048,0.356705,-0.48232,-1.04538]},"normal":{"type":"float32","components":3,