{"model":{"version":2,"nodes":[{"name":"RootNode","position":[0,0,0],"rotation":[0,0,0],"scale":[1,1,1]},{"name":"roofSkylight","position":[0,0,0],"rotation":[0,0,0],"scale":[0.01,0.01,0.01]}],"parents":[-1,0],"skins":[],"vertices":[{"position":{"type":"float32","components":3,"data":[157.935,19.0244,5.96046e-08,0,19.0244,5.96046e-08,0,0,5.96046e-08,157.935,0,5.96046e-08,157.935,0,-480.541,0,0,-480.541,0,19.0244,-480.541,157.935,19.0244,-480.541,315.87,19.0244,-480.541,315.87,19.0244,5.96046e-08,315.87,0,5.96046e-08,315.87,0,-480.541,0,19.0244,5.96046e-08,0,0,-480.541,0,0,5.96046e-08,0,19.0244,-480.541,0,19.0244,5.96046e-08,157.935,19.0244,5.96046e-08,157.935,146.922,-58.2258,157.935,146.922,-58.2258,157.935,146.922,-422.315,0,19.0244,5.96046e-08,0,19.0244,-480.541,157.935,146.922,-422.315,157.935,19.0244,-480.541,0,19.0244,-480.541,315.87,19.0244,5.96046e-08,157.935,146.922,-422.315,157.935,146.922,-58.2258,315.87,19.0244,-480.541,157.935,19.0244,-480.541,157.935,146.922,-422.315,315.87,19.0244,-480.541,315.87,19.0244,-480.541,315.87,0,-480.541,315.87,0,5.96046e-08,315.87,19.0244,5.96046e-08,157.935,146.922,-58.2258,157.935,19.0244,5.96046e-08,315.87,19.0244,5.96046e-08]},"normal":{"type":"float32","components":3,"data":[0,0,1,0,0,1,0,0,1,0,0,1,0,0,-1,0,0,-1,0,0,-1,0,0,-1,1,0,0,1,0,0,1,0,0,1,0,0,-1,0,0,-1,0,0,-1,0,0,-1,0,0,0,0.414336,0.910124,0,0.414336,0.910124,0,0.414336,0.910124,-0.629333,0.777135,0,-0.629333,0.777135,0,-0.629333,0.777135,0,-0.629333,0.777135,0,0,0.414337,-0.910123,0,0.414337,-0.910123,0,0.414337,-0.910123,0.629333,0.777135,0,0.629333,0.777135,0,0.629333,0.777135,0,0.629333,0.777135,0,0,0.414337,-0.910123,0,0.414337,-0.910123,0,0.414337,-0.910123,0,0,-1,0,0,-1,0,0,1,0,0,1,0,0.414336,0.910124,0,0.414336,0.910124,0,0.414336,0.910124]},"texCoord0":{"type":"float32","components":2,"data":[0.0222062,0.883671,0.0212984,0.976992,0.00978911,0.979217,0.00797984,0.883671,0.392035,0.883671,0.390226,0.979217,0.378716,0.976992,0.377808,0.883671,0.378716,0.79035,0.0212985,0.79035,0.0212983,0.777027,0.378716,0.777027,0.0212984,0.976992,0.378716,0.990315,0.0212982,0.990315,0.378716,0.976992,0.0212984,0.976992,0.0222062,0.883671,0.0642333,0.883671,0.0642333,0.883671,0.334088,0.883671,0.0212984,0.976992,0.378716,0.976992,0.334088,0.883671,0.377808,0.883671,0.378716,0.976992,0.0212985,0.79035,0.334088,0.883671,0.0642333,0.883671,0.378716,0.79035,0.377808,0.883671,0.334088,0.883671,0.378716,0.79035,0.378716,0.79035,0.390226,0.788125,0.00978923,0.788125,0.0212985,0.79035,0.0642333,0.883671,0.0222062,0.883671,0.0212985,0.79035]}}],"meshes":[{"aabb":{"min":[0,0,-480.541],"max":[315.87,146.922,5.96046e-08]},"vertices":0,"indices":[0,1,2,0,2,3,4,5,6,4,6,7,8,9,10,10,11,8,12,13,14,13,12,15,16,17,18,19,20,21,21,20,22,23,24,25,26,27,28,27,26,29,30,31,32,7,33,4,34,4,33,3,35,0,36,0,35,37,38,39],"type":"triangles","base":0,"count":60}],"meshInstances":[{"node":1,"mesh":0}]}}