{"model":{"version":2,"nodes":[{"name":"RootNode","position":[0,0,0],"rotation":[0,0,0],"scale":[1,1,1]},{"name":"trashBag","position":[0,0,5.3327e-30],"rotation":[0,0,0],"scale":[0.01,0.01,0.01]}],"parents":[-1,0],"skins":[],"vertices":[{"position":{"type":"float32","components":3,"data":[4.63073,113.568,31.6715,41.6874,103.815,2.26826,29.8179,122.379,-8.31826,18.6563,102.097,38.376,0.548312,126.958,-2.29085,-20.5811,119.819,-14.9367,-3.62623,127.198,-0.447362,7.01839,123.853,-30.3989,-31.6682,118.938,15.0358,-50.7362,108.733,-2.45605,-57.2895,101.343,28.6704,-32.4293,120.055,0.10163,-4.65857,128.198,3.3091,-1.52241,127.315,6.51749,-2.04399,115.677,32.5273,-23.7735,102.517,55.4222,-22.076,61.1739,89.0696,44.3429,32.7646,52.1229,50.4028,66.3431,61.248,-18.5108,34.0331,77.8998,-4.67364,127.899,1.47068,-0.534154,126.912,5.88584,28.5269,123.849,-21.687,0.650832,127.281,-1.22177,-68.281,58.4056,32.3041,-53.8617,59.5683,-24.4912,-22.076,61.1739,89.0696,-16.1235,22.0084,62.0281,31.4901,21.7545,38.8671,44.3429,32.7646,52.1229,-18.5108,34.0331,77.8998,44.3429,32.7646,52.1229,78.4768,65.1716,19.7978,50.4028,66.3431,61.248,65.0758,27.0765,20.1117,2.01023,127.221,-0.0431519,-55.6228,22.5731,-20.6687,-53.4794,22.1039,-58.3448,-66.8126,44.1129,38.5795,73.4798,56.0953,-17.5618,34.3369,22.4443,-67.0371,29.4994,54.3768,-68.3037,68.5784,22.2933,-2.04411,68.5784,22.2933,-2.04411,65.0758,27.0765,20.1117,9.49125,120.628,-34.6024,-29.8712,112.859,-26.8151,29.4994,54.3768,-68.3037,-53.2764,58.3254,-57.9726,-53.2764,58.3254,-57.9726,31.7375,120.223,-23.7311,34.3369,22.4443,-67.0371,-53.4794,22.1039,-58.3448,34.3369,22.4443,-67.0371,-55.6228,22.5731,-20.6687,-53.4794,22.1039,-58.3448,-66.8126,44.1129,38.5795,-18.5108,34.0331,77.8998,-11.1889,140.918,-8.91096,-4.67364,127.899,1.47068,-15.5872,143.858,-0.856655,-3.62623,127.198,-0.447362,-2.3545,141.406,20.336,-1.52241,127.315,6.51749,1.79542,139.715,17.6836,-0.534154,126.912,5.88584,6.77145,141.266,-12.1629,2.01023,127.221,-0.0431519,0.650832,127.281,-1.22177,12.4799,141.01,-7.21359,6.34094,139.909,-16.6522,0.548312,126.958,-2.29085,-1.52241,127.315,6.51749,-15.5239,145.115,6.86327,-4.65857,128.198,3.3091,-2.3545,141.406,20.336]},"normal":{"type":"float32","components":3,"data":[0.372579,0.802668,0.465735,0.711353,0.67723,0.187978,0.49023,0.838791,0.236864,0.418634,0.713294,0.562101,0.282244,0.671132,-0.685507,-0.297036,0.913261,-0.278791,-0.723452,0.321981,-0.610692,-0.0539816,0.938415,-0.341268,-0.311211,0.918204,0.24505,-0.761546,0.61956,-0.190245,-0.705091,0.656889,0.267102,-0.379853,0.920565,-0.0909451,-0.82575,0.330666,0.456943,-0.13536,0.257457,0.956762,0.0614418,0.873787,0.482412,-0.114767,0.723896,0.680296,-0.253737,0.16987,0.95224,0.463599,-0.625279,0.627775,0.596331,0.236432,0.76713,-0.187371,-0.647967,0.738262,-0.9325,0.336944,-0.13005,0.661443,0.240077,0.710533,0.363368,0.916414,-0.167774,0.825763,0.475542,-0.303273,-0.960525,0.0989981,0.259982,-0.970515,0.142249,-0.194592,-0.253737,0.16987,0.95224,-0.0968312,-0.948705,0.300969,0.14181,-0.964038,0.224766,0.463599,-0.625279,0.627775,-0.187371,-0.647967,0.738262,0.463599,-0.625279,0.627775,0.938115,0.237982,0.251606,0.596331,0.236432,0.76713,0.77807,-0.530843,0.335875,0.918034,0.385913,0.0910203,-0.8033,-0.595468,0.0112738,-0.444867,-0.794832,-0.412717,-0.862606,-0.407605,0.299615,0.910697,0.179773,-0.371903,0.345525,-0.562381,-0.751226,0.347998,0.218409,-0.911699,0.678794,-0.73114,-0.0683551,0.678794,-0.73114,-0.0683551,0.77807,-0.530843,0.335875,0.122187,0.698866,-0.704739,-0.481022,0.709795,-0.514596,0.347998,0.218409,-0.911699,-0.66836,0.268788,-0.693577,-0.66836,0.268788,-0.693577,0.679403,0.635541,-0.36674,0.345525,-0.562381,-0.751226,-0.444867,-0.794832,-0.412717,0.345525,-0.562381,-0.751226,-0.8033,-0.595468,0.0112738,-0.444867,-0.794832,-0.412717,-0.862606,-0.407605,0.299615,-0.187371,-0.647967,0.738262,-0.600675,-0.632669,-0.488794,-0.9325,0.336944,-0.13005,-0.819443,-0.569624,-0.06357,-0.723452,0.321981,-0.610692,-0.277365,-0.680998,0.677725,-0.13536,0.257457,0.956762,0.544202,-0.619914,0.565288,0.661443,0.240077,0.710533,0.763374,-0.570762,-0.302473,0.918034,0.385913,0.0910203,0.825763,0.475542,-0.303273,0.750591,-0.644845,-0.144182,0.430521,-0.749768,-0.502493,0.282244,0.671132,-0.685507,-0.13536,0.257457,0.956762,-0.768915,-0.559033,0.310243,-0.82575,0.330666,0.456943,-0.277365,-0.680998,0.677725]},"texCoord0":{"type":"float32","components":2,"data":[0.651186,0.515305,0.593393,0.638979,0.547008,0.591056,0.68855,0.556715,0.549142,0.514826,0.508573,0.455064,0.553245,0.502986,0.468383,0.551496,0.589926,0.429225,0.54841,0.378724,0.620256,0.359055,0.551673,0.428754,0.563093,0.50009,0.572315,0.50616,0.648004,0.495511,0.713889,0.416841,0.891296,0.420396,0.936951,0.686191,0.820777,0.669201,0.979202,0.464341,0.558379,0.500167,0.571395,0.508975,0.513396,0.592801,0.552196,0.51457,0.642472,0.254527,0.488339,0.254379,0.823865,0.322644,0.234923,0.635517,0.112812,0.685205,0.0779902,0.640427,0.246839,0.587109,0.818493,0.969058,0.703086,0.800658,0.873554,0.855417,0.682972,0.943647,0.556139,0.517407,0.325997,0.845811,0.316033,0.941089,0.374569,0.689866,0.574738,0.827646,0.360493,0.906033,0.363046,0.798655,0.600981,0.94632,0.0129285,0.78384,0.0223944,0.725895,0.450385,0.56263,0.470588,0.417362,0.174487,0.576594,0.265815,0.291163,0.395656,0.245758,0.511679,0.603123,0.0922894,0.952911,0.140424,0.256876,0.0592923,0.563017,0.504161,0.153702,0.400666,0.146254,0.664874,0.220228,0.834826,0.24303,0.340264,0.176079,0.27932,0.126271,0.363965,0.140845,0.273745,0.134677,0.139911,0.115259,0.225983,0.120343,0.152922,0.133861,0.229103,0.124775,0.25995,0.229741,0.246832,0.146766,0.254671,0.147525,0.227006,0.226371,0.279987,0.234981,0.259429,0.148732,0.270333,0.101047,0.369607,0.106361,0.280745,0.118209,0.325777,0.0344294]}}],"meshes":[{"aabb":{"min":[-68.281,21.7545,-68.3037],"max":[78.4768,145.115,89.0696]},"vertices":0,"indices":[0,1,2,1,0,3,4,5,6,5,4,7,8,9,10,9,8,11,12,8,13,8,14,13,15,8,10,8,15,14,16,17,18,17,16,19,11,20,5,5,20,6,13,14,0,0,21,13,22,4,23,4,22,7,24,9,25,9,24,10,15,24,26,24,15,10,27,28,29,29,30,27,31,32,33,32,31,34,22,35,2,22,23,35,28,36,37,36,28,27,36,27,38,27,30,38,39,40,41,40,39,42,34,39,32,39,34,42,21,2,35,2,21,0,28,43,44,44,29,28,45,46,7,7,46,5,46,47,48,47,46,45,20,11,12,8,12,11,46,11,5,11,46,9,25,46,49,46,25,9,41,50,39,50,41,45,1,50,2,2,50,22,45,22,50,22,45,7,28,51,43,51,28,37,1,3,18,1,18,32,39,50,1,39,1,32,48,47,52,53,52,47,54,25,55,25,49,55,24,54,56,54,24,25,14,3,0,15,3,14,3,15,16,16,18,3,26,56,57,56,26,24,58,59,60,59,58,61,62,63,64,64,63,65,66,67,68,67,66,69,61,70,71,70,61,58,72,73,74,73,72,75,74,60,59,60,74,73,66,71,70,71,66,68,64,65,69,69,65,67],"type":"triangles","base":0,"count":270}],"meshInstances":[{"node":1,"mesh":0}]}}