{"model":{"version":3,"nodes":[{"name":"RootNode","position":[0,0,0],"rotation":[0,0,0],"scale":[0.01,0.01,0.01],"scaleCompensation":false},{"name":"target","position":[0,0,0],"rotation":[-90,0,0],"scale":[100,100,100],"scaleCompensation":false}],"parents":[-1,0],"skins":[],"morphs":[],"vertices":[{"position":{"type":"float32","components":3,"data":[1,0.144,-2.45264e-08,0.92388,-0.104597,-0.382684,0.92388,0.144,-0.382684,1,-0.104597,-3.25723e-09,-1,0.144,-8.01627e-08,-0.92388,-0.104597,-0.382684,-1,-0.104597,-5.88935e-08,-0.92388,0.144,-0.382684,0.923879,0.144,0.382684,0.923879,-0.104597,0.382684,-0.707107,-0.104597,-0.707107,-0.707107,0.144,-0.707107,0.707107,0.144,0.707107,0.707107,-0.104597,0.707107,-0.382683,-0.104597,-0.92388,-0.382683,0.144,-0.92388,0.382683,0.144,0.92388,0.382683,-0.104597,0.92388,-1.50996e-07,-0.104597,-1,-1.50996e-07,0.144,-1,0.59397,0.144,0.59397,0.923879,0.144,0.382684,0.776059,0.144,0.321454,0.707107,0.144,0.707107,-1.50996e-07,-0.104597,-1,-1.50996e-07,0.144,-1,0.382683,-0.104597,-0.92388,0.382683,0.144,-0.92388,0,0.144,1,0,-0.104597,1,-0.382683,0.144,0.92388,-0.707107,0.144,0.707107,-0.707107,-0.104597,0.707107,-0.382683,-0.104597,0.92388,0.707107,-0.104597,-0.707107,0.707107,0.144,-0.707107,-0.92388,-0.104597,0.382683,-0.92388,0.144,0.382683,-0.59397,-0.144,0.59397,-8.00937e-08,-0.144,0,-0.321454,-0.144,0.776059,0.59397,-0.144,-0.59397,0.321454,-0.144,-0.776059,-0.776059,-0.144,0.321454,0.776059,-0.144,-0.321454,-0.84,-0.144,-4.43172e-08,0.84,-0.144,2.41731e-09,-0.776059,-0.144,-0.321454,0.776059,-0.144,0.321454,-0.59397,-0.144,-0.59397,0.59397,-0.144,0.59397,-0.321454,-0.144,-0.776059,0.321454,-0.144,0.776059,-1.32797e-07,-0.144,-0.84,-5.96046e-09,-0.144,0.84,0.321454,0.144,-0.776059,-1.50996e-07,0.144,-1,-1.32797e-07,0.144,-0.84,0.382683,0.144,-0.92388,-0.59397,0.144,0.59397,-0.382683,0.144,0.92388,-0.321454,0.144,0.776059,-0.707107,0.144,0.707107,0.59397,0.144,-0.59397,0.707107,0.144,-0.707107,-0.776059,0.144,0.321454,-0.92388,0.144,0.382683,0.776059,0.144,-0.321454,0.92388,0.144,-0.382684,-1,0.144,-8.01627e-08,-0.84,0.144,-7.35989e-08,1,0.144,-2.45264e-08,0.84,0.144,-2.68644e-08,-0.776059,0.144,-0.321454,-0.92388,0.144,-0.382684,-0.707107,0.144,-0.707107,-0.59397,0.144,-0.59397,0.321454,0.144,0.776059,0.382683,0.144,0.92388,-0.321454,0.144,-0.776059,-0.382683,0.144,-0.92388,0,0.144,1,-5.96046e-09,0.144,0.84,-8.00937e-08,0.144,-2.92817e-08,0.678698,-0.144,-0.678699,0.886762,-0.144,-0.367309,-0.886762,-0.144,0.367309,-0.959825,-0.144,-5.22332e-08,0.959825,-0.144,1.16791e-09,-0.886762,-0.144,-0.367309,0.886762,-0.144,0.367309,-0.678698,-0.144,-0.678698,0.678698,-0.144,0.678699,-0.367309,-0.144,-0.886762,0.367309,-0.144,0.886763,-1.46426e-07,-0.144,-0.959825,-0.367309,-0.144,0.886762,-1.49665e-09,-0.144,0.959825,0.367309,-0.144,-0.886762,-0.678698,-0.144,0.678698,0,-0.104597,1,-0.382683,-0.104597,0.92388,-0.707107,-0.104597,0.707107,-0.92388,-0.104597,0.382683,-1,-0.104597,-5.88935e-08,-0.92388,-0.104597,-0.382684,-0.707107,-0.104597,-0.707107,-0.382683,-0.104597,-0.92388,-1.50996e-07,-0.104597,-1,0.382683,-0.104597,-0.92388,0.707107,-0.104597,-0.707107,0.92388,-0.104597,-0.382684,1,-0.104597,-3.25723e-09,0.923879,-0.104597,0.382684,0.707107,-0.104597,0.707107,0.382683,-0.104597,0.92388,0,0.144,1,0,-0.104597,1,-0.115056,-0.0999999,2.8,0.115056,-0.1,0.7,0.115056,-0.1,2.8,-0.115056,-0.0999999,0.7,0.115056,0.1,2.8,0.115056,0.1,0.7,-0.115056,0.1,2.8,-0.115056,0.1,0.7,0.115056,0.1,0.7,0.115056,0.1,2.8,0.115056,-0.1,2.8,0.115056,-0.1,0.7,-0.115056,0.1,2.8,-0.115056,-0.0999999,0.7,-0.115056,-0.0999999,2.8,-0.115056,0.1,0.7]},"normal":{"type":"float32","components":3,"data":[0.746178,0.6657,0,0.857936,-0.370952,-0.355358,0.689383,0.6657,-0.285531,0.928617,-0.370952,0,-0.746178,0.6657,0,-0.857936,-0.370952,-0.355358,-0.928617,-0.370952,0,-0.689383,0.6657,-0.285531,0.689383,0.6657,0.285531,0.857936,-0.370952,0.355358,-0.656636,-0.370952,-0.656636,-0.527635,0.6657,-0.527635,0.527635,0.6657,0.527635,0.656636,-0.370952,0.656636,-0.355358,-0.370952,-0.857936,-0.285531,0.6657,-0.689383,0.285531,0.6657,0.689383,0.355358,-0.370952,0.857936,0,-0.370952,-0.928617,0,0.6657,-0.746178,0,1,0,0.689383,0.6657,0.285531,0,1,0,0.527635,0.6657,0.527635,0,-0.370952,-0.928617,0,0.6657,-0.746178,0.355358,-0.370952,-0.857936,0.285531,0.6657,-0.689383,0,0.6657,0.746178,0,-0.370952,0.928617,-0.285531,0.6657,0.689383,-0.527635,0.6657,0.527635,-0.656636,-0.370952,0.656636,-0.355358,-0.370952,0.857936,0.656636,-0.370952,-0.656636,0.527635,0.6657,-0.527635,-0.857936,-0.370952,0.355358,-0.689383,0.6657,0.285531,0,-0.999969,0,0,-1,0,0,-1,0,0,-1,0,0,-1,0,0,-1,0,0,-1,0,0,-1,0,0,-1,0,0,-1,0,0,-1,0,0,-1,0,0,-1,0,0,-1,0,0,-1,0,0,-1,0,0,-1,0,0,1,0,0,0.6657,-0.746178,0,1,0,0.285531,0.6657,-0.689383,0,1,0,-0.285531,0.6657,0.689383,0,1,0,-0.527635,0.6657,0.527635,0,1,0,0.527635,0.6657,-0.527635,0,1,0,-0.689383,0.6657,0.285531,0,1,0,0.689383,0.6657,-0.285531,-0.746178,0.6657,0,0,1,0,0.746178,0.6657,0,0,1,0,0,1,0,-0.689383,0.6657,-0.285531,-0.527635,0.6657,-0.527635,0,1,0,0,1,0,0.285531,0.6657,0.689383,0,1,0,-0.285531,0.6657,-0.689383,0,0.6657,0.746178,0,1,0,0,1,0,0.295022,-0.90878,-0.295022,0.385449,-0.90878,-0.159642,-0.385449,-0.90878,0.159642,-0.417219,-0.90878,0,0.417219,-0.90878,0,-0.385449,-0.90878,-0.159642,0.385449,-0.90878,0.159642,-0.295022,-0.90878,-0.295022,0.295022,-0.90878,0.295022,-0.159642,-0.90878,-0.385449,0.159642,-0.90878,0.385449,0,-0.90878,-0.417219,-0.159642,-0.90878,0.385449,0,-0.90878,0.417219,0.159642,-0.90878,-0.385449,-0.295022,-0.90878,0.295022,0,-0.370952,0.928617,-0.355358,-0.370952,0.857936,-0.656636,-0.370952,0.656636,-0.857936,-0.370952,0.355358,-0.928617,-0.370952,0,-0.857936,-0.370952,-0.355358,-0.656636,-0.370952,-0.656636,-0.355358,-0.370952,-0.857936,0,-0.370952,-0.928617,0.355358,-0.370952,-0.857936,0.656636,-0.370952,-0.656636,0.857936,-0.370952,-0.355358,0.928617,-0.370952,0,0.857936,-0.370952,0.355358,0.656636,-0.370952,0.656636,0.355358,-0.370952,0.857936,0,0.6657,0.746178,0,-0.370952,0.928617,-1.29512e-07,-1,0,-1.29512e-07,-1,0,-1.29512e-07,-1,0,-1.29512e-07,-1,0,1.29512e-07,1,0,1.29512e-07,1,0,1.29512e-07,1,0,1.29512e-07,1,0,1,0,0,1,0,0,1,0,0,1,0,0,-1,0,0,-1,0,0,-1,0,0,-1,0,0]},"texCoord0":{"type":"float32","components":2,