{"model":{"version":3,"nodes":[{"name":"RootNode","position":[0,0,0],"rotation":[0,0,0],"scale":[0.01,0.01,0.01],"scaleCompensation":false},{"name":"tomato","position":[0,0,0],"rotation":[-90,0,0],"scale":[100,100,100],"scaleCompensation":false}],"parents":[-1,0],"skins":[],"morphs":[],"vertices":[{"position":{"type":"float32","components":3,"data":[0.00515121,-1.36439e-07,0.524334,-0.420171,-0.309012,0.748091,0.159681,-0.486494,0.64064,-0.718456,-0.525725,0.480178,-0.845497,-1.45752e-07,0.558694,0.530881,-1.96509e-07,0.748093,0.167607,0.499995,0.748091,-0.420171,0.309011,0.748091,-0.945907,-0.309013,0.0329582,0.231814,-0.766684,0.48893,-0.257757,-0.808945,0.558604,0.00359054,-0.997342,0.0346848,0.899577,-1.24564e-07,0.480174,0.693313,-0.499951,0.558587,0.956209,-0.309013,0.0329579,0.281539,0.850649,0.480178,0.693341,0.499997,0.558694,0.592937,0.809017,0.0329583,-0.718456,0.525725,0.480178,-0.257718,0.809012,0.558696,-0.582634,0.809017,0.0329585,-0.582634,-0.809017,0.032958,0.544174,-0.748162,0.0820836,0.956209,0.309013,0.0329581,0.00515114,1,0.0329584,-0.945907,0.309013,0.0329584,-0.271237,-0.850649,-0.414262,-0.683038,-0.499997,-0.492778,-0.157305,-0.499995,-0.755773,0.728625,-0.525566,-0.414131,0.26802,-0.809012,-0.49278,0.430474,-0.309011,-0.755773,0.728758,0.525725,-0.414261,0.855799,1.36904e-07,-0.492778,0.430474,0.309012,-0.755773,-0.271237,0.850649,-0.414261,0.26802,0.809012,-0.492779,-0.157305,0.499995,-0.755773,-0.889275,1.15717e-07,-0.414257,-0.683038,0.499997,-0.492778,-0.520579,2.07452e-07,-0.755772,0.00515102,2.01864e-07,-0.734638,-0.945907,0.309013,0.0329584,-0.582634,0.809017,0.0329585,0.00515114,1,0.0329584,0.592937,0.809017,0.0329583,0.956209,0.309013,0.0329581,0.956209,-0.309013,0.0329579,0.544174,-0.748162,0.0820836,0.00359054,-0.997342,0.0346848,-0.582634,-0.809017,0.032958,-0.945907,-0.309013,0.0329582]},"normal":{"type":"float32","components":3,"data":[0.0208441,-0.0655843,0.99762,-0.127171,-0.149205,0.98056,0.0697653,-0.213507,0.974425,-0.693167,-0.503677,0.515519,-0.787133,0,0.616718,0.191046,-0.0456252,0.980499,0.067629,0.208197,0.975738,-0.177099,0.128666,0.975738,-0.951048,-0.309,0,0.262795,-0.750694,0.606067,-0.167913,-0.737724,0.653859,0.0652791,-0.99704,0.0402234,0.856838,-6.1037e-05,0.515519,0.571245,-0.527085,0.629139,0.937834,-0.346995,0.000183111,0.264779,0.814936,0.515519,0.636799,0.462661,0.616718,0.587756,0.809015,0,-0.693228,0.503647,0.515519,-0.243233,0.748619,0.616718,-0.587756,0.809015,0,-0.586901,-0.809626,0,0.558,-0.82696,0.0689413,0.951048,0.309,0,0,1,0,-0.951048,0.309,0,-0.27076,-0.837519,-0.474563,-0.667562,-0.485031,-0.564837,-0.12122,-0.37315,-0.919797,0.707236,-0.558153,-0.433851,0.282907,-0.798303,-0.531602,0.317545,-0.230689,-0.919736,0.711539,0.516953,-0.475875,0.825159,-0.000122074,-0.564837,0.317423,0.230628,-0.919797,-0.271767,0.836451,-0.475875,0.254982,0.784783,-0.564837,-0.12122,0.37315,-0.919797,-0.879482,0,-0.475875,-0.667562,0.485031,-0.564837,-0.392346,0,-0.919797,0,0,-1,-0.951048,0.309,0,-0.587756,0.809015,0,0,1,0,0.587756,0.809015,0,0.951048,0.309,0,0.937834,-0.346995,0.000183111,0.558,-0.82696,0.0689413,0.0652791,-0.99704,0.0402234,-0.586901,-0.809626,0,-0.951048,-0.309,0]},"texCoord0":{"type":"float32","components":2,"data":[0.715401,0.716222,0.779633,0.776789,0.674782,0.792729,0.835612,0.835022,0.868479,0.740538,0.629648,0.696242,0.704451,0.627268,0.79561,0.676082,0.965181,0.845276,0.647194,0.851148,0.74067,0.86368,0.668937,0.985195,0.550423,0.682071,0.579288,0.776063,0.440638,0.750991,0.693623,0.545815,0.610529,0.60245,0.594648,0.460822,0.869438,0.639862,0.789057,0.578729,0.91903,0.519096,0.839752,0.96485,0.52954,0.893532,0.469875,0.580369,0.766482,0.437541,0.995171,0.674966,0.408155,0.412562,0.310586,0.441451,0.347976,0.348726,0.445485,0.218371,0.441717,0.317755,0.366709,0.25394,0.273019,0.118367,0.36812,0.154542,0.282547,0.20601,0.124035,0.254335,0.187465,0.174144,0.210668,0.271839,0.208537,0.437654,0.151345,0.352899,0.251467,0.360467,0.291887,0.288195,0.0832727,0.481316,0.00948189,0.321283,0.0444951,0.148137,0.174716,0.0293886,0.350402,0.0106941,0.502356,0.0999987,0.577831,0.256621,0.540036,0.42331,0.412554,0.544842,0.237718,0.567064]}}],"meshes":[{"aabb":{"min":[-0.945907,-0.997342,-0.755773],"max":[0.956209,1,0.748093]},"vertices":0,"indices":[0,1,2,3,1,4,0,2,5,0,5,6,0,6,7,3,4,8,9,10,11,12,13,14,15,16,17,18,19,20,3,8,21,9,11,22,12,14,23,15,17,24,18,20,25,26,27,28,29,30,31,32,33,34,35,36,37,38,39,40,40,37,41,40,39,37,39,35,37,37,34,41,37,36,34,36,32,34,34,31,41,34,33,31,33,29,31,31,28,41,31,30,28,30,26,28,28,40,41,28,27,40,27,38,40,42,39,38,42,43,39,43,35,39,44,36,35,44,45,36,45,32,36,46,33,32,46,47,33,47,29,33,48,30,29,48,49,30,49,26,30,50,27,26,50,51,27,51,38,27,43,44,35,20,19,24,19,15,24,45,46,32,17,16,23,16,12,23,47,48,29,14,13,22,13,9,22,49,50,26,11,10,21,10,3,21,51,42,38,8,4,25,4,18,25,7,19,18,7,6,19,6,15,19,6,16,15,6,5,16,5,12,16,5,13,12,5,2,13,2,9,13,4,7,18,4,1,7,1,0,7,2,10,9,2,1,10,1,3,10],"type":"triangles","base":0,"count":240}],"meshInstances":[{"node":1,"mesh":0}]}}