{
  "resources": [
    "ari.mp3"
  ],
  "spritemap": {
    "vo_01_ari_001": {
      "start": 0,
      "end": 1.3226984126984127,
      "loop": false
    },
    "vo_01_ari_002": {
      "start": 3,
      "end": 4.42936507936508,
      "loop": false
    },
    "vo_01_ari_003": {
      "start": 6,
      "end": 7.408027210884354,
      "loop": false
    },
    "vo_01_ari_004": {
      "start": 9,
      "end": 10.141360544217687,
      "loop": false
    },
    "vo_01_ari_005": {
      "start": 12,
      "end": 13.013356009070295,
      "loop": false
    },
    "vo_01_ari_006": {
      "start": 15,
      "end": 16.120022675736962,
      "loop": false
    },
    "vo_01_ari_007": {
      "start": 18,
      "end": 20.03736961451247,
      "loop": false
    },
    "vo_01_ari_008": {
      "start": 22,
      "end": 24.538707482993196,
      "loop": false
    },
    "vo_01_ari_010": {
      "start": 26,
      "end": 27.32269841269841,
      "loop": false
    },
    "vo_01_ari_011": {
      "start": 29,
      "end": 31.613356009070294,
      "loop": false
    },
    "vo_01_ari_012": {
      "start": 33,
      "end": 34.4933560090703,
      "loop": false
    },
    "vo_01_ari_013": {
      "start": 36,
      "end": 37.62133786848072,
      "loop": false
    },
    "vo_01_ari_014": {
      "start": 39,
      "end": 41.11299319727891,
      "loop": false
    },
    "vo_01_ari_015": {
      "start": 43,
      "end": 44.15204081632653,
      "loop": false
    },
    "vo_01_ari_016": {
      "start": 46,
      "end": 47.30133786848072,
      "loop": false
    },
    "vo_01_ari_017": {
      "start": 49,
      "end": 51.26133786848072,
      "loop": false
    },
    "vo_01_ari_018": {
      "start": 53,
      "end": 53.618707482993194,
      "loop": false
    },
    "vo_01_ari_019": {
      "start": 55,
      "end": 55.66133786848073,
      "loop": false
    },
    "vo_01_ari_020": {
      "start": 57,
      "end": 57.98133786848073,
      "loop": false
    },
    "vo_01_ari_021": {
      "start": 59,
      "end": 60.40800453514739,
      "loop": false
    },
    "vo_01_ari_022": {
      "start": 62,
      "end": 63.10936507936508,
      "loop": false
    },
    "vo_01_ari_023": {
      "start": 65,
      "end": 65.58666666666667,
      "loop": false
    },
    "vo_01_ari_024": {
      "start": 67,
      "end": 67.82133786848073,
      "loop": false
    },
    "vo_01_ari_025": {
      "start": 69,
      "end": 70.0773469387755,
      "loop": false
    },
    "vo_01_ari_026": {
      "start": 72,
      "end": 73.3333560090703,
      "loop": false
    },
    "vo_01_ari_027": {
      "start": 75,
      "end": 77.09068027210884,
      "loop": false
    },
    "vo_01_ari_028": {
      "start": 79,
      "end": 80.39734693877551,
      "loop": false
    },
    "vo_01_ari_029": {
      "start": 82,
      "end": 83.78136054421769,
      "loop": false
    },
    "vo_01_ari_030": {
      "start": 85,
      "end": 86.70668934240362,
      "loop": false
    },
    "vo_01_ari_031": {
      "start": 88,
      "end": 90.51736961451248,
      "loop": false
    },
    "vo_01_ari_032": {
      "start": 92,
      "end": 96.94936507936508,
      "loop": false
    },
    "vo_01_ari_033": {
      "start": 98,
      "end": 99.12,
      "loop": false
    }
  }
}