{"resources":["sprite/fx_1.m4a","sprite/fx_1.ogg"],"spritemap":{"animateDown":{"start":0,"end":0.5080045351473923,"loop":false},"animateUp":{"start":3,"end":3.4556689342403626,"loop":false},"distanceTick":{"start":6,"end":6.037006802721089,"loop":false},"jump":{"start":9,"end":9.960680272108844,"loop":false},"landDirt":{"start":12,"end":12.571020408163266,"loop":false},"landSnow":{"start":15,"end":15.78734693877551,"loop":false},"logoIn":{"start":18,"end":18.276349206349206,"loop":false},"logoOut":{"start":21,"end":21.26734693877551,"loop":false},"lose":{"start":24,"end":26.313333333333333,"loop":false},"pickupBatteryLarge":{"start":29,"end":30.64233560090703,"loop":false},"pickupBatterySmall":{"start":33,"end":34.61931972789116,"loop":false},"pickupBoost":{"start":37,"end":39.401337868480724,"loop":false},"pickupSnapshot":{"start":42,"end":42.744353741496596,"loop":false},"scoreTick":{"start":45,"end":45.05233560090703,"loop":false},"snapshotTick":{"start":48,"end":48.40496598639456,"loop":false},"toggle":{"start":51,"end":51.98,"loop":false},"uiClick":{"start":54,"end":54.11734693877551,"loop":false},"victory":{"start":57,"end":59.970680272108844,"loop":false}}}