{
  "resources": [
    "cutscene_03a.mp3"
  ],
  "spritemap": {
    "cs_03a_elinor_001": {
      "start": 0,
      "end": 2.2826984126984127,
      "loop": false
    },
    "cs_03a_koa_001": {
      "start": 4,
      "end": 6.933356009070295,
      "loop": false
    }
  }
}