{"model":{"version":2,"nodes":[{"name":"RootNode","position":[0,0,0],"rotation":[0,0,0],"scale":[1,1,1]},{"name":"Street_side_3","position":[0,-5.42101e-18,0],"rotation":[0,0,0],"scale":[0.01,0.01,0.01]}],"parents":[-1,0],"skins":[],"vertices":[{"position":{"type":"float32","components":3,"data":[0,-1.11022e-13,3.05176e-05,3000,-1.11022e-13,3.05176e-05,3000,1.11022e-13,-1000,0,1.11022e-13,-1000]},"normal":{"type":"float32","components":3,"data":[0,1,2.22045e-16,0,1,2.22045e-16,0,1,2.22045e-16,0,1,2.22045e-16]},"texCoord0":{"type":"float32","components":2,"data":[0.137881,0.00736254,0.137881,0.377277,0.0145759,0.377277,0.0145759,0.00736254]}}],"meshes":[{"aabb":{"min":[0,-1.11022e-13,-1000],"max":[3000,1.11022e-13,3.05176e-05]},"vertices":0,"indices":[0,1,2,0,2,3],"type":"triangles","base":0,"count":6}],"meshInstances":[{"node":1,"mesh":0}]}}