{"model":{"version":3,"nodes":[{"name":"RootNode","position":[0,0,0],"rotation":[0,0,0],"scale":[0.01,0.01,0.01],"scaleCompensation":false},{"name":"blueberry","position":[0,0,0],"rotation":[-90,0,0],"scale":[100,100,100],"scaleCompensation":false}],"parents":[-1,0],"skins":[],"morphs":[],"vertices":[{"position":{"type":"float32","components":3,"data":[0,0,-1,0.425323,-0.309011,-0.986913,-0.162456,-0.499995,-0.986914,0.723607,-0.525725,-0.886691,0.850648,0,-0.927145,-0.52573,0,-0.986914,-0.162456,0.499995,-0.986914,0.425323,0.309011,-0.986913,0.998111,-0.324301,-0.660876,-0.276388,-0.850649,-0.886693,0.262869,-0.809012,-0.927146,0,-1.04947,-0.660876,-0.894426,0,-0.88669,-0.688189,-0.499997,-0.927144,-0.998111,-0.324301,-0.660876,-0.276388,0.850649,-0.886693,-0.688189,0.499997,-0.927144,-0.616866,0.849043,-0.660876,0.723607,0.525725,-0.886691,0.262869,0.809012,-0.927146,0.616866,0.849043,-0.660876,0.616866,-0.849043,-0.660876,-0.616866,-0.849043,-0.660876,-0.998111,0.324301,-0.660876,0,1.04947,-0.660876,0.998111,0.324301,-0.660876,0.276388,-0.850649,0.176805,0.688189,-0.499997,0.274165,0.162456,-0.499995,0.414991,-0.723607,-0.525725,0.176805,-0.262869,-0.809012,0.274166,-0.425323,-0.309011,0.41499,-0.723607,0.525725,0.176805,-0.850648,0,0.274164,-0.425323,0.309011,0.41499,0.276388,0.850649,0.176805,-0.262869,0.809012,0.274166,0.162456,0.499995,0.414991,0.894426,0,0.176802,0.688189,0.499997,0.274165,0.52573,0,0.414989,0.998111,0.324301,-0.176821,0.616866,0.849043,-0.176821,0,1.04947,-0.176821,-0.616866,0.849043,-0.176821,-0.998111,0.324301,-0.176821,-0.998111,-0.324301,-0.176821,-0.616866,-0.849043,-0.176821,0,-1.04947,-0.176821,0.616866,-0.849043,-0.176821,0.998111,-0.324301,-0.176821,0.998111,-0.324301,-0.176821,1.0328,0.335572,-0.418849,0.998111,0.324301,-0.176821,1.0328,-0.335572,-0.418849,0.616866,-0.849043,-0.176821,0.638306,-0.878551,-0.418849,0,-1.08595,-0.418849,0,-1.04947,-0.176821,-0.616866,-0.849043,-0.176821,-0.638306,-0.878551,-0.418849,-1.0328,-0.335572,-0.418849,-0.998111,-0.324301,-0.176821,-0.998111,0.324301,-0.176821,-1.0328,0.335572,-0.418849,-0.616866,0.849043,-0.176821,-0.638306,0.878551,-0.418849,0,1.08595,-0.418849,0,1.04947,-0.176821,0.616866,0.849043,-0.176821,0.638306,0.878551,-0.418849,0.549695,-0.383606,0.606378,-0.630925,0,0.606379,-0.17997,-0.620685,0.602758,0.549695,0.383606,0.602758,-0.17997,0.620685,0.642584,0.510234,-0.344203,0.571935,0.52573,0,0.414989,0.457323,0,0.39996,0.549695,-0.383606,0.606378,-0.425323,-0.309011,0.41499,-0.549116,0,0.571936,-0.630925,0,0.606379,-0.356916,-0.264559,0.399961,-0.144482,0.55693,0.604423,0.146308,0.428069,0.399961,0.162456,0.499995,0.414991,-0.17997,0.620685,0.642584,0.146308,-0.428069,0.399961,0.162456,-0.499995,0.414991,-0.356916,0.264559,0.399961,-0.425323,0.309011,0.41499,0.549695,0.383606,0.602758,0.510234,0.344203,0.568687,-0.144482,-0.55693,0.568687,-0.17997,-0.620685,0.602758,-0.326624,0.244874,0.372994,0.139157,0.396218,0.372994,0.139157,-0.396218,0.372994,0.427031,2.46628e-15,0.372993,-0.326624,-0.244874,0.372994]},"normal":{"type":"float32","components":3,"data":[0,0,-1,0.118381,-0.0860012,-0.989227,-0.0451979,-0.139164,-0.989227,0.521439,-0.378826,-0.76455,0.566515,0,-0.82403,-0.146336,0,-0.989227,-0.0451979,0.139164,-0.989227,0.118381,0.0860012,-0.989227,0.88995,-0.283425,-0.35725,-0.199164,-0.612995,-0.76455,0.175054,-0.538804,-0.82403,0.00543229,-0.933988,-0.35725,-0.64452,0,-0.76455,-0.458327,-0.332987,-0.82403,-0.886593,-0.293771,-0.35725,-0.199164,0.612995,-0.76455,-0.458327,0.332987,-0.82403,-0.553362,0.752403,-0.35725,0.521439,0.378826,-0.76455,0.175054,0.538804,-0.82403,0.544572,0.758782,-0.35725,0.544572,-0.758782,-0.35725,-0.553362,-0.752403,-0.35725,-0.886593,0.293771,-0.35725,0.00543229,0.933988,-0.35725,0.88995,0.283425,-0.35725,0.247047,-0.760399,0.600604,0.574297,-0.417249,0.704306,0.123692,-0.294717,0.947539,-0.64684,-0.469955,0.600604,-0.219337,-0.6751,0.704306,-0.263436,-0.209754,0.941588,-0.64684,0.469955,0.600604,-0.709861,0,0.704306,-0.278909,0.207282,0.937651,0.247047,0.760399,0.600604,-0.219337,0.6751,0.704306,0.14423,0.30723,0.940611,0.799524,0,0.600604,0.574297,0.417249,0.704306,0.291757,0.0013123,0.956481,0.917814,0.300607,0.259194,0.569536,0.779992,0.259194,-0.00228889,0.965789,0.259194,-0.565813,0.782708,0.259194,-0.919248,0.296243,0.259194,-0.919248,-0.296243,0.259194,-0.565813,-0.782708,0.259194,-0.00228889,-0.965789,0.259194,0.569536,-0.779992,0.259194,0.917814,-0.300607,0.259194,0.917814,-0.300607,0.259194,0.951048,0.309,0,0.917814,0.300607,0.259194,0.951048,-0.309,0,0.569536,-0.779992,0.259194,0.587756,-0.809015,0,0,-1,0,-0.00228889,-0.965789,0.259194,-0.565813,-0.782708,0.259194,-0.587756,-0.809015,0,-0.951048,-0.309,0,-0.919248,-0.296243,0.259194,-0.919248,0.296243,0.259194,-0.951048,0.309,0,-0.565813,0.782708,0.259194,-0.587756,0.809015,0,0,1,0,-0.00228889,0.965789,0.259194,0.569536,0.779992,0.259194,0.587756,0.809015,0,0.650319,-0.561571,0.511521,-0.809564,0,0.586993,-0.322947,-0.762627,0.560381,0.653554,0.562944,0.505844,-0.314493,0.713431,0.626148,-0.381359,0.306345,0.872158,0.291757,0.0013123,0.956481,-0.470382,0.00225837,0.882443,0.650319,-0.561571,0.511521,-0.263436,-0.209754,0.941588,0.471786,0,0.88168,-0.809564,0,0.586993,0.347667,0.24015,0.906308,0.218635,-0.468825,0.85577,-0.105289,-0.448836,0.887356,0.14423,0.30723,0.940611,-0.314493,0.713431,0.626148,-0.128239,0.431745,0.892819,0.123692,-0.294717,0.947539,0.344584,-0.268441,0.899533,-0.278909,0.207282,0.937651,0.653554,0.562944,0.505844,-0.37788,-0.302805,0.874905,0.191076,0.426832,0.883877,-0.322947,-0.762627,0.560381,0.331797,-0.255715,0.907987,-0.158452,-0.419324,0.893887,-0.158452,0.419324,0.893887,-0.465621,0,0.884945,0.331797,0.255715,0.907987]},"texCoord0":{"type":"float32","components":2,"data":[0.2915,0.309664,0.266969,0.236883,0.353138,0.263844,0.248674,0.182602,0.188997,0.236889,0.354125,0.354127,0.268565,0.382964,0.214701,0.310503,0.183217,0.163578,0.399109,0.22967,0.329037,0.18969,0.396975,0.161539,0.400832,0.387288,0.417202,0.308291,0.464969,0.364205,0.25146,0.437632,0.33165,0.42879,0.293234,0.491497,0.157422,0.311128,0.190611,0.384661,0.119102,0.367503,0.289261,0.127838,0.463735,0.251348,0.400186,0.455449,0.186436,0.458081,0.117881,0.255605,0.549869,0.717625,0.598154,0.622497,0.634651,0.716762,0.67366,0.887735,0.600634,0.810886,0.700127,0.80769,0.875923,0.824031,0.778525,0.870216,0.805957,0.7749,0.875244,0.604841,0.891068,0.714603,0.805621,0.65508,0.670011,0.543026,0.776429,0.559105,0.698091,0.622843,0.722884,0.438595,0.888682,0.486839,0.99349,0.62602,0.99349,0.802332,0.890141,0.94054,0.727562,0.989728,0.569938,0.936173,0.47207,0.801594,0.469231,0.635601,0.563869,0.49648,0.116898,0.0690329,0.0700335,0.238751,0.00879486,0.217825,0.154232,0.121922,0.291483,0.0124161,0.290504,0.0771241,0.427636,0.1211,0.4664,0.0692499,0.574194,0.217794,0.512351,0.236859,0.512903,0.380869,0.574194,0.401713,0.466232,0.550133,0.428989,0.497208,0.291315,0.606967,0.292199,0.542235,0.155621,0.498378,0.116795,0.550153,0.00869061,0.40136,0.0705279,0.382198,0.704742,0.695975,0.737137,0.745738,0.703979,0.732982,0.736025,0.683355,0.754609,0.71381,0.183405,0.662052,0.265886,0.695718,0.26052,0.711252,0.176863,0.64814,0.123156,0.888459,0.179471,0.951127,0.172838,0.970481,0.138608,0.876499,0.351527,0.900941,0.332178,0.816162,0.349882,0.817689,0.364772,0.914437,0.140004,0.749566,0.124876,0.740201,0.257525,0.917349,0.262266,0.936165,0.364772,0.713277,0.351113,0.720187,0.0773302,0.805687,0.0587591,0.808616,0.254641,0.906902,0.321383,0.815138,0.149263,0.755339,0.256853,0.721853,0.147596,0.869384]}}],"meshes":[{"aabb":{"min":[-1.0328,-1.08595,-1],"max":[1.0328,1.08595,0.642584]},"vertices":0,