{
  "resources": [
    "benten_fx.ogg",
    "benten_fx.m4a",
    "benten_fx.mp3",
    "benten_fx.ac3"
  ],
  "spritemap": {
    "a_sound_loop": {
      "start": 0,
      "end": 26.90612244897959,
      "loop": false
    },
    "ballKick": {
      "start": 28,
      "end": 28.47020408163265,
      "loop": false
    },
    "benAttacked": {
      "start": 30,
      "end": 31.25387755102041,
      "loop": false
    },
    "blockRemove": {
      "start": 33,
      "end": 33.83591836734694,
      "loop": false
    },
    "boss_die": {
      "start": 35,
      "end": 36.906938775510206,
      "loop": false
    },
    "boss_hit": {
      "start": 38,
      "end": 38.496326530612244,
      "loop": false
    },
    "destroyCell": {
      "start": 40,
      "end": 41.671836734693876,
      "loop": false
    },
    "finalClearInLevel": {
      "start": 43,
      "end": 45.82122448979592,
      "loop": false
    },
    "gotoBen": {
      "start": 47,
      "end": 48.30612244897959,
      "loop": false
    },
    "menu_snd": {
      "start": 50,
      "end": 55.799183673469386,
      "loop": false
    },
    "notRemoveHit": {
      "start": 57,
      "end": 57.67918367346939,
      "loop": false
    },
    "robo_attack": {
      "start": 59,
      "end": 59.522448979591836,
      "loop": false
    },
    "robotHit": {
      "start": 61,
      "end": 61.73142857142857,
      "loop": false
    },
    "snd_barrier": {
      "start": 63,
      "end": 63.83591836734694,
      "loop": false
    },
    "snd_bonus": {
      "start": 65,
      "end": 65.6269387755102,
      "loop": false
    },
    "snd_crash": {
      "start": 67,
      "end": 67.73142857142857,
      "loop": false
    },
    "snd_Gameover_fixed": {
      "start": 69,
      "end": 71.87346938775511,
      "loop": false
    },
    "start_level_snd": {
      "start": 73,
      "end": 75.40326530612245,
      "loop": false
    },
    "take_alian": {
      "start": 77,
      "end": 78.25387755102041,
      "loop": false
    },
    "wallBounce": {
      "start": 80,
      "end": 80.47020408163266,
      "loop": false
    },
    "winLevel": {
      "start": 82,
      "end": 84.87346938775511,
      "loop": false
    },
    "zizjaHit": {
      "start": 86,
      "end": 87.09714285714286,
      "loop": false
    }
  }
}