{"model":{"version":3,"nodes":[{"name":"RootNode","position":[0,0,0],"rotation":[0,0,0],"scale":[0.01,0.01,0.01],"scaleCompensation":false},{"name":"Cube","position":[-3.8457,2.88428,0],"rotation":[-90,0,0],"scale":[73.4802,7.32262,73.4802],"scaleCompensation":false}],"parents":[-1,0],"skins":[],"morphs":[],"vertices":[{"position":{"type":"float32","components":3,"data":[-0.887901,-1,-1.33869,1.46513,1,-0.985657,1.46513,-1,-0.985657,-0.8879,1,-1.33869,-1.05531,1,1.03496,-1.37246,-1,0.592085,-1.05531,-1,1.03496,-1.37246,1,0.592085,0.765987,0.999999,1.27739,1.46513,-1,-0.985657,1.46513,1,-0.985657,0.765986,-1,1.27739,-0.887901,-1,-1.33869,-0.267403,-1,1.39527,-0.655907,-1,1.26257,0.765986,-1,1.27739,1.46513,-1,-0.985657,0.232458,-1,1.45094,-1.37246,-1,0.592085,-1.05531,-1,1.03496,-1.37246,1,0.592085,-0.887901,-1,-1.33869,-1.37246,-1,0.592085,-0.8879,1,-1.33869,-0.8879,1,-1.33869,-0.267402,0.999999,1.39527,0.765987,0.999999,1.27739,1.46513,1,-0.985657,-0.655907,0.999999,1.26257,-1.37246,1,0.592085,-1.05531,1,1.03496,0.232459,0.999999,1.45094,-0.655907,0.999999,1.26257,-1.05531,-1,1.03496,-0.655907,-1,1.26257,-1.05531,1,1.03496,-0.655907,0.999999,1.26257,-0.267403,-1,1.39527,-0.267402,0.999999,1.39527,-0.655907,-1,1.26257,-0.267402,0.999999,1.39527,0.232458,-1,1.45094,0.232459,0.999999,1.45094,-0.267403,-1,1.39527,0.232459,0.999999,1.45094,0.765986,-1,1.27739,0.765987,0.999999,1.27739,0.232458,-1,1.45094]},"normal":{"type":"float32","components":3,"data":[0.148373,-1.72223e-08,-0.988931,0.148373,-1.72223e-08,-0.988931,0.148373,-1.72223e-08,-0.988931,0.148373,-1.72223e-08,-0.988931,-0.813029,1.09423e-07,0.582223,-0.813029,1.09423e-07,0.582223,-0.813029,1.09423e-07,0.582223,-0.813029,1.09423e-07,0.582223,0.955443,-2.51647e-07,0.295176,0.955443,-2.51647e-07,0.295176,0.955443,-2.51647e-07,0.295176,0.955443,-2.51647e-07,0.295176,-2.74866e-07,-1,-1.4666e-07,-2.74866e-07,-1,-1.4666e-07,-2.74866e-07,-1,-1.4666e-07,-2.74866e-07,-1,-1.4666e-07,-2.74866e-07,-1,-1.4666e-07,-2.74866e-07,-1,-1.4666e-07,-2.74866e-07,-1,-1.4666e-07,-2.74866e-07,-1,-1.4666e-07,-0.969922,2.39538e-07,-0.243417,-0.969922,2.39538e-07,-0.243417,-0.969922,2.39538e-07,-0.243417,-0.969922,2.39538e-07,-0.243417,1.64859e-07,1,2.61892e-07,1.64859e-07,1,2.61892e-07,1.64859e-07,1,2.61892e-07,1.64859e-07,1,2.61892e-07,1.64859e-07,1,2.61892e-07,1.64859e-07,1,2.61892e-07,1.64859e-07,1,2.61892e-07,1.64859e-07,1,2.61892e-07,-0.495122,1.31523e-07,0.868823,-0.495122,1.31523e-07,0.868823,-0.495122,1.31523e-07,0.868823,-0.495122,1.31523e-07,0.868823,-0.323233,1.27037e-07,0.94632,-0.323233,1.27037e-07,0.94632,-0.323233,1.27037e-07,0.94632,-0.323233,1.27037e-07,0.94632,-0.110695,5.23688e-08,0.993854,-0.110695,5.23688e-08,0.993854,-0.110695,5.23688e-08,0.993854,-0.110695,5.23688e-08,0.993854,0.309343,-1.59357e-07,0.950951,0.309343,-1.59357e-07,0.950951,0.309343,-1.59357e-07,0.950951,0.309343,-1.59357e-07,0.950951]}}],"meshes":[{"aabb":{"min":[-1.37246,-1,-1.33869],"max":[1.46513,1,1.45094]},"vertices":0,"indices":[0,1,2,1,0,3,4,5,6,5,4,7,8,9,10,9,8,11,12,13,14,15,12,16,13,15,17,12,15,13,18,14,19,12,14,18,20,21,22,21,20,23,24,25,26,24,26,27,28,24,29,28,29,30,25,24,28,26,25,31,32,33,34,33,32,35,36,37,38,37,36,39,40,41,42,41,40,43,44,45,46,45,44,47],"type":"triangles","base":0,"count":84}],"meshInstances":[{"node":1,"mesh":0}]}}