{"model":{"version":3,"nodes":[{"name":"RootNode","position":[0,0,0],"rotation":[0,0,0],"scale":[0.01,0.01,0.01],"scaleCompensation":false},{"name":"toy_blocks_cuboid","position":[0,0,0],"rotation":[-90,0,0],"scale":[100,100,100],"scaleCompensation":false}],"parents":[-1,0],"skins":[],"morphs":[],"vertices":[{"position":{"type":"float32","components":3,"data":[-0.374,0.719949,0.34595,-0.374,-0.719949,-0.345949,-0.374,-0.719949,0.34595,-0.374,0.719949,-0.345949,-0.345949,-0.748,0.34595,0.345949,-0.748,-0.345949,0.345949,-0.748,0.34595,-0.345949,-0.748,-0.345949,0.345949,0.719949,0.374,-0.345949,-0.719949,0.374,0.345949,-0.719949,0.374,-0.345949,0.719949,0.374,0.345949,0.748,0.34595,-0.345949,0.748,-0.345949,-0.345949,0.748,0.34595,0.345949,0.748,-0.345949,0.374,-0.719949,0.34595,0.374,0.719949,-0.345949,0.374,0.719949,0.34595,0.374,-0.719949,-0.345949,-0.345949,0.719949,-0.374,-0.374,0.719949,-0.345949,-0.345949,0.748,-0.345949,-0.374,0.719949,0.34595,-0.345949,0.748,0.34595,0.345949,0.719949,-0.374,0.345949,0.748,-0.345949,0.374,0.719949,-0.345949,0.374,0.719949,0.34595,0.345949,0.748,0.34595,-0.345949,-0.719949,-0.374,-0.345949,-0.748,-0.345949,-0.374,-0.719949,-0.345949,-0.374,-0.719949,0.34595,-0.345949,-0.748,0.34595,0.345949,-0.719949,-0.374,0.374,-0.719949,-0.345949,0.345949,-0.748,-0.345949,0.345949,-0.748,0.34595,0.374,-0.719949,0.34595,0.374,-0.719949,-0.345949,0.374,-0.719949,0.34595]},"normal":{"type":"float32","components":3,"data":[-0.875576,0.341563,0.341563,-0.875576,-0.341563,-0.341563,-0.875576,-0.341563,0.341563,-0.875576,0.341563,-0.341563,-0.341563,-0.875576,0.341563,0.341563,-0.875576,-0.341563,0.341563,-0.875576,0.341563,-0.341563,-0.875576,-0.341563,0.341563,0.341563,0.875576,-0.341563,-0.341563,0.875576,0.341563,-0.341563,0.875576,-0.341563,0.341563,0.875576,0.341563,0.875576,0.341563,-0.341563,0.875576,-0.341563,-0.341563,0.875576,0.341563,0.341563,0.875576,-0.341563,0.875576,-0.341563,0.341563,0.875576,0.341563,-0.341563,0.875576,0.341563,0.341563,0.875576,-0.341563,-0.341563,-0.341563,0.341563,-0.875576,-0.875576,0.341563,-0.341563,-0.341563,0.875576,-0.341563,-0.875576,0.341563,0.341563,-0.341563,0.875576,0.341563,0.341563,0.341563,-0.875576,0.341563,0.875576,-0.341563,0.875576,0.341563,-0.341563,0.875576,0.341563,0.341563,0.341563,0.875576,0.341563,-0.341563,-0.341563,-0.875576,-0.341563,-0.875576,-0.341563,-0.875576,-0.341563,-0.341563,-0.875576,-0.341563,0.341563,-0.341563,-0.875576,0.341563,0.341563,-0.341563,-0.875576,0.875576,-0.341563,-0.341563,0.341563,-0.875576,-0.341563,0.341563,-0.875576,0.341563,0.875576,-0.341563,0.341563,0.875576,-0.341563,-0.341563,0.875576,-0.341563,0.341563]},"texCoord0":{"type":"float32","components":2,"data":[0.164862,0.5,0.0122318,0.817636,0.164862,0.817636,0.0122318,0.5,0.164862,0.826387,0.0122318,0.979017,0.164862,0.979017,0.0122318,0.826387,0.735775,0.690292,0.581656,0.378263,0.735775,0.378263,0.581656,0.690292,0.164862,0.338619,0.0122318,0.491249,0.164862,0.491249,0.0122318,0.338619,0.164862,0.012232,0.0122318,0.329868,0.164862,0.329868,0.0122318,0.012232,0.535043,0.949044,0.543879,0.949044,0.535043,0.958614,0.57282,0.690292,0.581656,0.698889,0.380923,0.949044,0.380923,0.958614,0.372086,0.949044,0.744611,0.690292,0.735775,0.698889,0.535043,0.601695,0.535043,0.592125,0.543879,0.601695,0.57282,0.378263,0.581656,0.369666,0.380923,0.601695,0.372086,0.601695,0.380923,0.592125,0.735775,0.369666,0.744611,0.378263,0.0122318,0.987768,0.164862,0.987768]}}],"meshes":[{"aabb":{"min":[-0.374,-0.748,-0.374],"max":[0.374,0.748,0.374]},"vertices":0,"indices":[0,1,2,1,0,3,4,5,6,5,4,7,8,9,10,9,8,11,12,13,14,13,12,15,16,17,18,17,16,19,20,21,22,23,11,24,25,26,27,8,28,29,30,31,32,9,33,34,35,36,37,10,38,39,25,20,22,25,22,26,14,3,0,3,14,13,29,24,11,29,11,8,15,12,18,18,17,15,27,36,35,35,25,27,10,28,8,28,10,39,40,41,6,6,5,40,37,31,30,37,30,35,9,38,10,38,9,34,7,4,2,2,1,7,32,20,30,20,32,21,11,33,9,33,11,23,30,25,35,25,30,20],"type":"triangles","base":0,"count":132}],"meshInstances":[{"node":1,"mesh":0}]}}