{"resources":["sprite/fx1.m4a","sprite/fx1.ogg"],"spritemap":{"arcaneHit":{"start":0,"end":0.9336054421768708,"loop":false},"burn":{"start":3,"end":3.6494331065759638,"loop":false},"buttonClick":{"start":6,"end":6.3120181405895694,"loop":false},"buttonPlay":{"start":9,"end":9.695986394557822,"loop":false},"dismissPopup":{"start":12,"end":12.504013605442177,"loop":false},"enemyDeath":{"start":15,"end":18.764013605442177,"loop":false},"enemySpawn":{"start":21,"end":22.404013605442177,"loop":false},"fireBurst":{"start":25,"end":26.332018140589568,"loop":false},"freeze":{"start":29,"end":30.79297052154195,"loop":false},"healing":{"start":33,"end":36.47757369614512,"loop":false},"hitHeavy":{"start":39,"end":39.26800453514739,"loop":false},"hitSlice":{"start":42,"end":42.37734693877551,"loop":false},"makeMatch":{"start":45,"end":46.60414965986394,"loop":false},"raiseOrcShield":{"start":49,"end":49.574671201814056,"loop":false},"shielding":{"start":52,"end":54.682267573696144,"loop":false},"shock":{"start":57,"end":58.63333333333333,"loop":false},"staffSwing":{"start":61,"end":61.3278231292517,"loop":false},"swipe":{"start":64,"end":64.31641723356009,"loop":false},"vanish":{"start":67,"end":69.14256235827665,"loop":false},"whoosh":{"start":72,"end":72.61439909297052,"loop":false}}}