{
  "resources": [
    "cutscene_03b.mp3"
  ],
  "spritemap": {
    "cs_03b_ari_001": {
      "start": 0,
      "end": 2.6026984126984125,
      "loop": false
    },
    "cs_03b_elinor_001": {
      "start": 4,
      "end": 6.282698412698412,
      "loop": false
    },
    "cs_03b_group_001": {
      "start": 8,
      "end": 9.941383219954648,
      "loop": false
    },
    "cs_03b_lizzie_001": {
      "start": 11,
      "end": 13.005374149659865,
      "loop": false
    },
    "cs_03b_mary_001": {
      "start": 15,
      "end": 16.333356009070293,
      "loop": false
    },
    "cs_03b_twins_001": {
      "start": 18,
      "end": 20.11204081632653,
      "loop": false
    },
    "cs_03b_twins_002": {
      "start": 22,
      "end": 23.365374149659864,
      "loop": false
    },
    "cs_03b_twins_003": {
      "start": 25,
      "end": 27.504943310657595,
      "loop": false
    }
  }
}