{
  "resources": [
    "audiosprite.ogg",
    "audiosprite.m4a",
    "audiosprite.mp3"
  ],
  "spritemap": {
    "2": {
      "start": 0,
      "end": 1.5151020408163265,
      "loop": false
    },
    "3": {
      "start": 3,
      "end": 4.515102040816327,
      "loop": false
    },
    "4": {
      "start": 6,
      "end": 7.515102040816327,
      "loop": false
    },
    "5": {
      "start": 9,
      "end": 10.515102040816327,
      "loop": false
    },
    "6": {
      "start": 12,
      "end": 13.462857142857143,
      "loop": false
    },
    "7": {
      "start": 15,
      "end": 16.462857142857143,
      "loop": false
    },
    "8": {
      "start": 18,
      "end": 19.332244897959185,
      "loop": false
    },
    "9": {
      "start": 21,
      "end": 22.332244897959185,
      "loop": false
    },
    "BOTONES": {
      "start": 24,
      "end": 24.496326530612244,
      "loop": false
    },
    "CONTINUE": {
      "start": 26,
      "end": 27.306122448979593,
      "loop": false
    },
    "COUNTDOWN": {
      "start": 29,
      "end": 52.562448979591835,
      "loop": false
    },
    "FADE del Main al Character Select": {
      "start": 54,
      "end": 54.80979591836735,
      "loop": false
    },
    "FIGHT": {
      "start": 56,
      "end": 57.48897959183674,
      "loop": false
    },
    "GANASTE EL JUEGO STK": {
      "start": 59,
      "end": 87.02938775510204,
      "loop": false
    },
    "GEESE ATTACK ENERGY BALL": {
      "start": 89,
      "end": 91.08979591836734,
      "loop": false
    },
    "GEESE ATTACK Low BEAM": {
      "start": 93,
      "end": 93.80979591836734,
      "loop": false
    },
    "geese scrumble Missle": {
      "start": 95,
      "end": 97.37714285714286,
      "loop": false
    },
    "Guardian of Secrets_FrontBEAM": {
      "start": 99,
      "end": 100.64571428571429,
      "loop": false
    },
    "Guardian of Secrets_LOW ATACK": {
      "start": 102,
      "end": 103.46285714285715,
      "loop": false
    },
    "Guardian of Secrets_ThrowTheBUS": {
      "start": 105,
      "end": 106.72408163265307,
      "loop": false
    },
    "KO": {
      "start": 108,
      "end": 110.08979591836734,
      "loop": false
    },
    "READY": {
      "start": 112,
      "end": 113.64571428571429,
      "loop": false
    },
    "ROLL OUT": {
      "start": 115,
      "end": 115.3134693877551,
      "loop": false
    },
    "ROLL OVER": {
      "start": 117,
      "end": 117.3134693877551,
      "loop": false
    },
    "RollOver Character Select 01": {
      "start": 119,
      "end": 119.15673469387755,
      "loop": false
    },
    "RollOver Character Select 02": {
      "start": 121,
      "end": 121.15673469387755,
      "loop": false
    },
    "RollOver Character Select 03": {
      "start": 123,
      "end": 123.15673469387755,
      "loop": false
    },
    "Select Character": {
      "start": 125,
      "end": 126.25387755102041,
      "loop": false
    },
    "sfx_Attack01(JAWS)": {
      "start": 128,
      "end": 128.3657142857143,
      "loop": false
    },
    "sfx_Attack01(Tail)": {
      "start": 130,
      "end": 130.94040816326532,
      "loop": false
    },
    "sfx_Attack02(JAWS)": {
      "start": 132,
      "end": 132.44408163265305,
      "loop": false
    },
    "sfx_Attack02(Tail)": {
      "start": 134,
      "end": 134.88816326530613,
      "loop": false
    },
    "sfx_BabyDucks_Block01": {
      "start": 136,
      "end": 136.33959183673468,
      "loop": false
    },
    "sfx_BabyDucks_Block02": {
      "start": 138,
      "end": 138.3134693877551,
      "loop": false
    },
    "sfx_BabyDucks_Block03": {
      "start": 140,
      "end": 140.18285714285713,
      "loop": false
    },
    "sfx_BabyDucks_ESPADA": {
      "start": 142,
      "end": 143.22775510204082,
      "loop": false
    },
    "sfx_BabyDucks_Hit01": {
      "start": 145,
      "end": 145.47020408163266,
      "loop": false
    },
    "sfx_BabyDucks_Hit02": {
      "start": 147,
      "end": 147.52244897959184,
      "loop": false
    },
    "sfx_BabyDucks_Hit03": {
      "start": 149,
      "end": 149.70530612244897,
      "loop": false
    },
    "sfx_BabyDucks_Jump01": {
      "start": 151,
      "end": 151.41795918367347,
      "loop": false
    },
    "sfx_BabyDucks_Jump02": {
      "start": 153,
      "end": 153.41795918367347,
      "loop": false
    },
    "sfx_BabyDucks_Jump03": {
      "start": 155,
      "end": 155.49632653061224,
      "loop": false
    },
    "sfx_BabyDucks_PowerSword": {
      "start": 157,
      "end": 157.83591836734695,
      "loop": false
    },
    "sfx_BabyDucks_PUÑO COHETE": {
      "start": 159,
      "end": 161.45551020408163,
      "loop": false
    },
    "sfx_BabyDucks_RocketFist": {
      "start": 163,
      "end": 163.80979591836734,
      "loop": false
    },
    "sfx_BabyDucks_Voice01": {
      "start": 165,
      "end": 165.49632653061224,
      "loop": false
    },
    "sfx_BabyDucks_Voice03": {
      "start": 167,
      "end": 167.3657142857143,
      "loop": false
    },
    "sfx_BabyDucks_Voices_06": {
      "start": 169,
      "end": 169.9926530612245,
      "loop": false
    },
    "sfx_BATTLEIS ABOUT TO START": {
      "start": 171,
      "end": 172.14938775510205,
      "loop": false
    },
    "sfx_block": {
      "start": 174,
      "end": 174.3134693877551,
      "loop": false
    },
    "sfx_CASA DEL FONDO DESTRUCCION 01": {
      "start": 176,
      "end": 178.45551020408163,
      "loop": false
    },
    "sfx_CASA DEL FONDO DESTRUCCION 02": {
      "start": 180,
      "end": 181.28,
      "loop": false
    },
    "sfx_CASA DEL FONDO DESTRUCCION 03": {
      "start": 183,
      "end": 185.3248979591837,
      "loop": false
    },
    "sfx_CharacterJUMP": {
      "start": 187,
      "end": 187.41795918367347,
      "loop": false
    },
    "sfx_CharacterLAND": {
      "start": 189,
      "end": 189.44408163265305,
      "loop": false
    },
    "sfx_COME ONE YOU SAID YOU WANTED TO WIN (YOU LOOSE)": {
      "start": 191,
      "end": 192.5934693877551,
      "loop": false
    },
    "sfx_Damage01": {
      "start": 194,
      "end": 194.70530612244897,
      "loop": false
    },
    "sfx_Damage02": {
      "start": 196,
      "end": 196.70530612244897,
      "loop": false
    },
    "sfx_defence01": {
      "start": 198,
      "end": 198.44408163265305,
      "loop": false
    },
    "sfx_defence02": {
      "start": 200,
      "end": 200.47020408163266,
      "loop": false
    },
    "sfx_disparopistolaFUERZA": {
      "start": 202,
      "end": 202.6008163265306,
      "loop": false
    },
    "sfx_Especial (abajo)": {
      "start": 204,
      "end": 205.01877551020408,
      "loop": false
    },
    "sfx_Especial (adelante)": {
      "start": 207,
      "end": 208.43673469387755,
      "loop": false
    },
    "sfx_Especial (Arriba)": {
      "start": 210,
      "end": 211.77632653061224,
      "loop": false
    },
    "sfx_footstep01": {
      "start": 213,
      "end": 213.3657142857143,
      "loop": false
    },
    "sfx_footstep02": {
      "start": 215,
      "end": 215.41795918367347,
      "loop": false
    },
    "sfx_GEESEDAÑO01": {
      "start": 217,
      "end": 217.6791836734694,
      "loop": false
    },
    "sfx_GEESEDAÑO02": {
      "start": 219,
      "end": 219.6791836734694,
      "loop": false
    },
    "sfx_Kick01": {
      "start": 221,
      "end": 221.86204081632653,
      "loop": false
    },
    "sfx_Kick02": {
      "start": 223,
      "end": 223.78367346938776,
      "loop": false
    },
    "sfx_KickAIR": {
      "start": 225,
      "end": 225.6269387755102,
      "loop": false
    },
    "sfx_Margaret_Voice_06": {
      "start": 227,
      "end": 228.43673469387755,
      "loop": false
    },
    "sfx_Margaret_Voice03": {
      "start": 230,
      "end": 231.46285714285713,
      "loop": false
    },
    "sfx_Margaret_Voice04": {
      "start": 233,
      "end": 233.57469387755103,