{"model":{"version":3,"nodes":[{"name":"RootNode","position":[0,0,0],"rotation":[0,0,0],"scale":[0.01,0.01,0.01],"scaleCompensation":false},{"name":"Cube","position":[60.1106,0,0],"rotation":[-90,0,0],"scale":[100,7.75,100],"scaleCompensation":false}],"parents":[-1,0],"skins":[],"morphs":[],"vertices":[{"position":{"type":"float32","components":3,"data":[-1.13151,0.999998,3.16261,-1.28551,-1,0,-1.13151,-1,3.16261,-1.28551,1,0,-1.13151,0.999998,3.16261,-0.675613,1.10132,2.55073,-0.667597,1.10132,1.84097,0.696135,0.999998,3.16109,0.835234,-1,0,0.835234,1,0,0.696135,-1,3.16109,-1.13151,-1,3.16261,-0.667597,-1.10132,1.84097,-0.675613,-1.10132,2.55073,0.835234,-1,0,-1.28551,-1,0,-1.28551,1,0,0.835234,1,0,1.00514,0.999998,3.39033,-1.13151,0.999998,3.16261,-1.45106,0.999998,3.39681,0.696135,0.999998,3.16109,0.970868,0.999998,3.83539,0.970868,-1,3.83539,1.00514,-1,3.39033,1.00514,0.999998,3.39033,1.00514,0.999998,3.39033,1.00514,-1,3.39033,0.696135,-1,3.16109,0.696135,0.999998,3.16109,-1.45106,-1,3.39681,-1.13151,0.999998,3.16261,-1.13151,-1,3.16261,-1.45106,0.999998,3.39681,1.00514,-1,3.39033,-1.45106,-1,3.39681,-1.13151,-1,3.16261,0.696135,-1,3.16109,-1.41785,0.999998,3.83194,-1.41785,-1,3.83194,0.970868,0.999998,3.83539,0.970868,-1,3.83539,-1.41785,-1,3.83194,-1.41785,0.999998,3.83194,-1.45106,0.999998,3.39681,-1.45106,-1,3.39681,0.970868,-1,3.83539,-1.41785,-1,3.83194,0.970868,0.999998,3.83539,-1.41785,0.999998,3.83194,0.696135,0.999998,3.16109,0.216398,1.10132,1.84097,0.20047,1.10132,2.55073,0.0266669,1.10132,2.95969,0.16957,-1.10132,2.81194,0.0266669,-1.10132,2.95969,0.16957,1.10132,2.81194,-0.467587,-1.10132,2.96761,-0.231349,1.10132,3.01774,-0.231349,-1.10132,3.01774,-0.467587,1.10132,2.96761,-0.619823,1.10132,2.81985,-0.619823,-1.10132,2.81985,-0.675613,-1.10132,2.55073,-0.675613,1.10132,2.55073,0.16957,1.10132,2.81194,0.20047,-1.10132,2.55073,0.16957,-1.10132,2.81194,0.20047,1.10132,2.55073,0.20047,1.10132,2.55073,0.216398,-1.10132,1.84097,0.20047,-1.10132,2.55073,0.216398,1.10132,1.84097,-1.13151,-1,3.16261,-0.675613,-1.10132,2.55073,-0.619823,-1.10132,2.81985,0.0266669,-1.10132,2.95969,-0.231349,1.10132,3.01774,0.0266669,1.10132,2.95969,-0.231349,-1.10132,3.01774,-0.619823,-1.10132,2.81985,-0.467587,1.10132,2.96761,-0.467587,-1.10132,2.96761,-0.619823,1.10132,2.81985,-0.675613,1.10132,2.55073,-0.675613,-1.10132,2.55073,-0.667597,-1.10132,1.84097,-0.667597,1.10132,1.84097,0.216398,-1.10132,1.84097,0.216398,1.10132,1.84097,-0.667597,1.10132,1.84097,-0.667597,-1.10132,1.84097,-1.13151,-1,3.16261,-0.619823,-1.10132,2.81985,-0.467587,-1.10132,2.96761,-1.13151,-1,3.16261,-0.467587,-1.10132,2.96761,-0.231349,-1.10132,3.01774,0.696135,-1,3.16109,-0.231349,-1.10132,3.01774,0.0266669,-1.10132,2.95969,0.696135,-1,3.16109,0.0266669,-1.10132,2.95969,0.16957,-1.10132,2.81194,0.696135,-1,3.16109,0.16957,-1.10132,2.81194,0.20047,-1.10132,2.55073,0.696135,-1,3.16109,-1.13151,-1,3.16261,-0.231349,-1.10132,3.01774,0.216398,-1.10132,1.84097,0.696135,-1,3.16109,0.20047,-1.10132,2.55073,-1.28551,-1,0,-0.667597,-1.10132,1.84097,-1.13151,-1,3.16261,0.835234,-1,0,0.696135,-1,3.16109,0.216398,-1.10132,1.84097,-1.28551,-1,0,0.835234,-1,0,0.216398,-1.10132,1.84097,-0.667597,-1.10132,1.84097,0.696135,0.999998,3.16109,0.20047,1.10132,2.55073,0.16957,1.10132,2.81194,0.696135,0.999998,3.16109,0.16957,1.10132,2.81194,0.0266669,1.10132,2.95969,0.696135,0.999998,3.16109,0.0266669,1.10132,2.95969,-0.231349,1.10132,3.01774,-1.13151,0.999998,3.16261,0.696135,0.999998,3.16109,-0.231349,1.10132,3.01774,-1.13151,0.999998,3.16261,-0.231349,1.10132,3.01774,-0.467587,1.10132,2.96761,-1.13151,0.999998,3.16261,-0.467587,1.10132,2.96761,-0.619823,1.10132,2.81985,-0.675613,1.10132,2.55073,-1.13151,0.999998,3.16261,-0.619823,1.10132,2.81985,-1.28551,1,0,-1.13151,0.999998,3.16261,-0.667597,1.10132,1.84097,-1.28551,1,0,0.216398,1.10132,1.84097,0.835234,1,0,-0.667597,1.10132,1.84097,0.696135,0.999998,3.16109,0.835234,1,0,0.216398,1.10132,1.84097]},"normal":{"type":"float32","components":3,"data":[-0.998816,0,0.0486371,-0.998816,0,0.0486371,-0.998816,0,0.0486371,-0.998816,0,0.0486371,-0.220131,0.975467,-0.00248559,-0.220131,0.975467,-0.00248559,-0.220131,0.975467,-0.00248559,0.999033,0,0.0439609,0.999033,0,0.0439609,0.999033,0,0.0439609,0.999033,0,0.0439609,-0.220126,-0.975468,-0.00248705,-0.220126,-0.975468,-0.00248705,-0.220126,-0.975468,-0.00248705,0,0,-1,0,0,-1,0,0,-1,0,0,-1,0,1,0,0,1,0,0,1,0,0,1,0,0.997048,0,0.0767842,0.997048,0,0.0767842,0.997048,0,0.0767842,0.997048,0,0.0767842,0.595803,0,-0.80313,0.595803,0,-0.80313,0.595803,0,-0.80313,0.595803,0,-0.80313,-0.591151,0,-0.806561,-0.591151,0,-0.806561,-0.591151,0,-0.806561,-0.591151,0,-0.806561,0,-1,0,0,-1,0,0,-1,0,0,-1,0,-0.00144425,0,0.999999,-0.00144425,0,0.999999,-0.00144425,0,0.999999,-0.00144425,0,0.999999,-0.997101,0,0.0760899,-0.997101,0,0.0760899,-0.997101,0,0.0760899,-0.997101,0,0.0760899,0,-1,0,0,-1,0,0,1,0,0,1,0,0.195094,0.980775,0.00437873,0.195094,0.980775,0.00437873,0.195094,0.980775,0.00437873,-0.718811,0,-0.695206,-0.718811,0,-0.695206,-0.718811,0,-0.695206,-0.718811,0,-0.695206,0.207583,0,-0.978217,0.207583,0,-0.978217,0.207583,0,-0.978217,0.207583,0,-0.978217,0.979182,0,-0.202985,0.979182,0,-0.202985,0.979182,0,-0.202985,0.979182,0,-0.202985,-0.993075,-1.286e-08,-0.117479,-0.993075,-1.286e-08,-0.117479,-0.993075,-1.286e-08,-0.117479,-0.993075,-1.286e-08,-0.117479,-0.999748,1.97754e-09,-0.0224358,-0.999748,1.97754e-09,-0.0224358,-0.999748,1.97754e-09,-0.0224358,-0.999748,1.97754e-09,-0.0224358,-0.171196,-0.984598,0.0354809,-0.171196,-0.984598,0.0354809,-0.171196,-0.984598,0.0354809,-0.219485,0,-0.975616,-0.219485,0,-0.975616,-0.219485,0,-0.975616,-0.219485,0,-0.975616,0.696466,0,-0.71759,0.696466,0,-0.71759,0.696466,0,-0.71759,0.696466,0,-0.71759,0.999936,0,0.0112932,0.999936,0,0.0112932,0.999936,0,0.0112932,0.999936,0,0.0112932,0,0,1,0,0,1,0,0,1,0,0,1,-0.115533,-0.986145,0.119037,-0.115533,-0.986145,0.119037,-0.115533,-0.986145,0.119037,-0.0611734,-0.955601,0.288246,-0.0611734,-0.955601,0.288246,-0.0611734,-0.955601,0.288246,0.0621117,-0.959131,0.276062,0.0621117,-0.959131,0.276062,0.0621117,-0.959131,0.276062,0.11571,-0.98696,0.111895,0.11571,-0.98696,0.111895,0.11571,-0.98696,0.111895,0.175608,-0.984241,0.0207724,0.175608,-0.984241,0.0207724,0.175608,-0.984241,0.0207724,0.000477793,-0.818061,0.575131,0.000477793,-0.818061,0.575131,0.000477793,-0.818061,0.575131,0.195087,-0.980776,0.0043782,0.195087,-0.980776,0.0043782,0.195087,-0.980776,0.0043782,-0.188353,-0.982059,0.00917118,-0.188353,-0.982059,0.00917118,-0.188353,-0.982059,0.00917118,0.185123,-0.982682,0.00814547,0.185123,-0.982682,0.00814547,0.185123,-0.982682,0.00814547,0,-0.998489,-0.0549529,0,-0.998489,-0.0549529,0,-0.998489,-0.0549529,0,-0.998489,-0.0549529,0.175606,0.984241,0.0207814,0.175606,0.984241,0.0207814,0.175606,0.984241,0.0207814,0.115702,0.986959,0.111912,0.115702,0.986959,0.111912,0.115702,0.986959,0.111912,0.0621075,0.95913,0.276066,0.0621075,0.95913,0.276066,0.0621075,0.95913,0.276066,0.000477798,0.81807,0.575118,0.000477798,0.81807,0.575118,0.000477798,0.81807,0.575118,-0.0611695,0.955599,0.288252,-0.0611695,0.955599,0.288252,-0.0611695,0.955599,0.288252,-0.115528,0.986145,0.119042,-0.115528,0.986145,0.119042,-0.115528,0.986145,0.119042,-0.171187,0.984599,0.0354942,-0.171187,0.984599,0.0354942,-0.171187,0.984599,0.0354942,-0.188358,0.982058,0.00917264,-0.188358,0.982058,0.00917264,-0.188358,0.982058,0.00917264,0,0.998489,-0.0549532,0,0.998489,-0.0549532,0,0.998489,-0.0549532,0,0.998489,-0.0549532,0.185128,0.982681,0.00814691,0.185128,0.982681,0.00814691,0.185128,0.982681,0.00814691]},"texCoord0":{"type":"float32","components":2,