{
  "resources": [
    "sfx_gameplay.mp3"
  ],
  "spritemap": {
    "click": {
      "start": 0,
      "end": 0.4821315192743764,
      "loop": false
    },
    "clothes_on": {
      "start": 2,
      "end": 2.55124716553288,
      "loop": false
    },
    "found": {
      "start": 4,
      "end": 5.625396825396825,
      "loop": false
    },
    "giggle": {
      "start": 7,
      "end": 7.79077097505669,
      "loop": false
    },
    "head_to_corner": {
      "start": 9,
      "end": 11.824603174603174,
      "loop": false
    },
    "place_object": {
      "start": 13,
      "end": 13.034897959183674,
      "loop": false
    },
    "rail": {
      "start": 15,
      "end": 15.721111111111112,
      "loop": false
    },
    "remove_pop": {
      "start": 17,
      "end": 17.114603174603175,
      "loop": false
    },
    "remove": {
      "start": 19,
      "end": 19.245079365079366,
      "loop": false
    },
    "rustle": {
      "start": 21,
      "end": 21.63517006802721,
      "loop": false
    },
    "who_is_hiding": {
      "start": 23,
      "end": 23.981360544217686,
      "loop": false
    }
  }
}