{
  "resources": [
    "vo_explainer_object_trait_summer.mp3"
  ],
  "spritemap": {
    "ex_object_trait_101a": {
      "start": 0,
      "end": 0.9813378684807256,
      "loop": false
    },
    "ex_object_trait_102a": {
      "start": 2,
      "end": 3.472018140589569,
      "loop": false
    },
    "ex_object_trait_102b": {
      "start": 5,
      "end": 6.045351473922903,
      "loop": false
    },
    "ex_object_trait_103a": {
      "start": 8,
      "end": 8.981337868480725,
      "loop": false
    },
    "ex_object_trait_103b": {
      "start": 10,
      "end": 10.981224489795919,
      "loop": false
    },
    "ex_object_trait_104a": {
      "start": 12,
      "end": 13.120022675736962,
      "loop": false
    },
    "ex_object_trait_104b": {
      "start": 15,
      "end": 16.045351473922903,
      "loop": false
    },
    "ex_object_trait_105a": {
      "start": 18,
      "end": 19.04625850340136,
      "loop": false
    },
    "ex_object_trait_105b": {
      "start": 21,
      "end": 22.66170068027211,
      "loop": false
    },
    "ex_object_trait_206a": {
      "start": 24,
      "end": 25.248027210884352,
      "loop": false
    },
    "ex_object_trait_207a": {
      "start": 27,
      "end": 28.12,
      "loop": false
    },
    "ex_object_trait_207b": {
      "start": 30,
      "end": 31.248027210884352,
      "loop": false
    },
    "ex_object_trait_208a": {
      "start": 33,
      "end": 34.6,
      "loop": false
    },
    "ex_object_trait_209a": {
      "start": 36,
      "end": 37.49333333333333,
      "loop": false
    },
    "ex_object_trait_310a": {
      "start": 39,
      "end": 40.47201814058957,
      "loop": false
    },
    "ex_object_trait_310b": {
      "start": 42,
      "end": 43.0453514739229,
      "loop": false
    },
    "ex_object_trait_311a": {
      "start": 45,
      "end": 46.07204081632653,
      "loop": false
    },
    "ex_object_trait_311b": {
      "start": 48,
      "end": 49.702562358276644,
      "loop": false
    },
    "ex_object_trait_312a": {
      "start": 51,
      "end": 52.12002267573696,
      "loop": false
    },
    "ex_object_trait_313a": {
      "start": 54,
      "end": 55.28002267573696,
      "loop": false
    },
    "ex_object_trait_414a": {
      "start": 57,
      "end": 57.98133786848073,
      "loop": false
    },
    "ex_object_trait_415a": {
      "start": 59,
      "end": 60.6,
      "loop": false
    },
    "ex_object_trait_416a": {
      "start": 62,
      "end": 63.79201814058957,
      "loop": false
    },
    "ex_object_trait_417a": {
      "start": 65,
      "end": 66.07204081632653,
      "loop": false
    },
    "ex_object_trait_418a": {
      "start": 68,
      "end": 69.84038548752835,
      "loop": false
    }
  }
}