{
  "resources": [
    "vo_explainer_variable.mp3"
  ],
  "spritemap": {
    "ex_star1a_but_my": {
      "start": 0,
      "end": 0.9173696145124717,
      "loop": false
    },
    "ex_star1a_but_their": {
      "start": 2,
      "end": 2.8213378684807258,
      "loop": false
    },
    "ex_star1a_hid_ari": {
      "start": 4,
      "end": 6.74390022675737,
      "loop": false
    },
    "ex_star1a_hid_koa": {
      "start": 8,
      "end": 10.67328798185941,
      "loop": false
    },
    "ex_star1a_hid_me": {
      "start": 12,
      "end": 14.351814058956917,
      "loop": false
    },
    "ex_star1a_hid_olive": {
      "start": 16,
      "end": 19.067755102040817,
      "loop": false
    },
    "ex_star1a_hid_tito": {
      "start": 21,
      "end": 24.148979591836735,
      "loop": false
    },
    "ex_star1a_hid_twins": {
      "start": 26,
      "end": 29.54136054421769,
      "loop": false
    },
    "ex_star1a_made_me": {
      "start": 31,
      "end": 33.21104308390023,
      "loop": false
    },
    "ex_star1a_made_them": {
      "start": 35,
      "end": 37.271791383219956,
      "loop": false
    },
    "ex_star1a_next_time_my": {
      "start": 39,
      "end": 43.92154195011338,
      "loop": false
    },
    "ex_star1a_next_time_their": {
      "start": 45,
      "end": 49.80401360544218,
      "loop": false
    },
    "ex_star2a_but_my": {
      "start": 51,
      "end": 51.917369614512474,
      "loop": false
    },
    "ex_star2a_but_their": {
      "start": 53,
      "end": 53.821337868480725,
      "loop": false
    },
    "ex_star2a_hid_ari": {
      "start": 55,
      "end": 58.756575963718824,
      "loop": false
    },
    "ex_star2a_hid_koa": {
      "start": 60,
      "end": 63.26403628117914,
      "loop": false
    },
    "ex_star2a_hid_me": {
      "start": 65,
      "end": 68.28324263038549,
      "loop": false
    },
    "ex_star2a_hid_olive": {
      "start": 70,
      "end": 73.57521541950113,
      "loop": false
    },
    "ex_star2a_hid_tito": {
      "start": 75,
      "end": 78.24979591836734,
      "loop": false
    },
    "ex_star2a_hid_twins": {
      "start": 80,
      "end": 83.81868480725623,
      "loop": false
    },
    "ex_star2a_made_me": {
      "start": 85,
      "end": 86.77519274376417,
      "loop": false
    },
    "ex_star2a_made_them": {
      "start": 88,
      "end": 89.91925170068028,
      "loop": false
    },
    "ex_star2a_next_time_my": {
      "start": 91,
      "end": 95.11988662131519,
      "loop": false
    },
    "ex_star2a_next_time_their": {
      "start": 97,
      "end": 100.78136054421769,
      "loop": false
    },
    "ex_star2b_hid_ari": {
      "start": 102,
      "end": 105.33092970521542,
      "loop": false
    },
    "ex_star2b_hid_koa": {
      "start": 107,
      "end": 110.69451247165533,
      "loop": false
    },
    "ex_star2b_hid_me": {
      "start": 112,
      "end": 115.92925170068027,
      "loop": false
    },
    "ex_star2b_hid_olive": {
      "start": 117,
      "end": 120.24265306122449,
      "loop": false
    },
    "ex_star2b_hid_tito": {
      "start": 122,
      "end": 125.85879818594104,
      "loop": false
    },
    "ex_star2b_hid_twins": {
      "start": 127,
      "end": 131.50133786848073,
      "loop": false
    },
    "ex_star2b_nearly": {
      "start": 133,
      "end": 134.75482993197278,
      "loop": false
    },
    "ex_star2b_where_me_a": {
      "start": 136,
      "end": 140.45061224489797,
      "loop": false
    },
    "ex_star2b_where_me_b": {
      "start": 142,
      "end": 147.005283446712,
      "loop": false
    },
    "ex_star2b_where_me": {
      "start": 149,
      "end": 155.21605442176872,
      "loop": false
    },
    "ex_star2b_where_them_a": {
      "start": 157,
      "end": 161.2782993197279,
      "loop": false
    },
    "ex_star2b_where_them_b": {
      "start": 163,
      "end": 167.45709750566894,
      "loop": false
    },
    "ex_star2b_where_them": {
      "start": 169,
      "end": 175.28047619047618,
      "loop": false
    },
    "ex_star3a_hid_ari": {
      "start": 177,
      "end": 181.44040816326532,
      "loop": false
    },
    "ex_star3a_hid_koa": {
      "start": 183,
      "end": 188.1626530612245,
      "loop": false
    },
    "ex_star3a_hid_me": {
      "start": 190,
      "end": 194.84013605442178,
      "loop": false
    },
    "ex_star3a_hid_olive": {
      "start": 196,
      "end": 200.94936507936507,
      "loop": false
    },
    "ex_star3a_hid_tito": {
      "start": 202,
      "end": 206.2880045351474,
      "loop": false
    },
    "ex_star3a_hid_twins": {
      "start": 208,
      "end": 211.80444444444444,
      "loop": false
    },
    "ex_star3a_matches": {
      "start": 213,
      "end": 214.1079365079365,
      "loop": false
    },
    "ex_star3a_me_camouflaged": {
      "start": 216,
      "end": 218.7471201814059,
      "loop": false
    },
    "ex_star3a_them_camouflaged": {
      "start": 220,
      "end": 222.2427664399093,
      "loop": false
    },
    "ex_star3a_you_hid_me": {
      "start": 224,
      "end": 225.5,
      "loop": false
    },
    "ex_star3a_you_hid_them": {
      "start": 227,
      "end": 228.38426303854877,
      "loop": false
    },
    "ex_star3b_and": {
      "start": 230,
      "end": 230.62931972789116,
      "loop": false
    },
    "ex_star3b_find_them": {
      "start": 232,
      "end": 234.02174603174603,
      "loop": false
    },
    "ex_star3b_hid_ari": {
      "start": 236,
      "end": 238.88573696145124,
      "loop": false
    },
    "ex_star3b_hid_koa": {
      "start": 240,
      "end": 242.9631746031746,
      "loop": false
    },
    "ex_star3b_hid_me": {
      "start": 244,
      "end": 247.24684807256236,
      "loop": false
    },
    "ex_star3b_hid_olive": {
      "start": 249,
      "end": 252.31931972789116,
      "loop": false
    },
    "ex_star3b_hid_tito": {
      "start": 254,
      "end": 256.80102040816325,
      "loop": false
    },
    "ex_star3b_hid_twins": {
      "start": 258,
      "end": 261.39321995464854,
      "loop": false
    },
    "ex_star3b_matches": {
      "start": 263,
      "end": 263.8147619047619,
      "loop": false
    },
    "ex_star3b_me_camouflaged": {
      "start": 265,
      "end": 267.44836734693877,
      "loop": false
    },
    "ex_star3b_them_camouflaged": {
      "start": 269,
      "end": 271.52507936507936,
      "loop": false
    },
    "ex_star3b_try_looking": {
      "start": 273,
      "end": 274.21907029478456,
      "loop": false
    }
  }
}