{
  "resources": [
    "vo_explainer_character_trait.mp3"
  ],
  "spritemap": {
    "ex_trait_ari_body_01": {
      "start": 0,
      "end": 1.3226530612244898,
      "loop": false
    },
    "ex_trait_ari_cloth_01": {
      "start": 3,
      "end": 4.274172335600907,
      "loop": false
    },
    "ex_trait_ari_cloth_02": {
      "start": 6,
      "end": 7.361541950113379,
      "loop": false
    },
    "ex_trait_cloth_01": {
      "start": 9,
      "end": 10.163129251700681,
      "loop": false
    },
    "ex_trait_cloth_02": {
      "start": 12,
      "end": 13.89517006802721,
      "loop": false
    },
    "ex_trait_cloth_03": {
      "start": 15,
      "end": 16.814421768707483,
      "loop": false
    },
    "ex_trait_cloth_04a": {
      "start": 18,
      "end": 19.212585034013607,
      "loop": false
    },
    "ex_trait_cloth_04b": {
      "start": 21,
      "end": 23.346666666666668,
      "loop": false
    },
    "ex_trait_elinor_body_01": {
      "start": 25,
      "end": 26.045374149659864,
      "loop": false
    },
    "ex_trait_elinor_cloth_01": {
      "start": 28,
      "end": 28.958412698412697,
      "loop": false
    },
    "ex_trait_elinor_cloth_02": {
      "start": 30,
      "end": 31.208049886621314,
      "loop": false
    },
    "ex_trait_koa_body_01": {
      "start": 33,
      "end": 34.32265306122449,
      "loop": false
    },
    "ex_trait_koa_cloth_01": {
      "start": 36,
      "end": 37.303174603174604,
      "loop": false
    },
    "ex_trait_koa_cloth_02": {
      "start": 39,
      "end": 40.429319727891155,
      "loop": false
    },
    "ex_trait_olive_body_01": {
      "start": 42,
      "end": 43.13777777777778,
      "loop": false
    },
    "ex_trait_olive_cloth_01": {
      "start": 45,
      "end": 46.26077097505669,
      "loop": false
    },
    "ex_trait_olive_cloth_02": {
      "start": 48,
      "end": 49.17820861678005,
      "loop": false
    },
    "ex_trait_twins_body_01": {
      "start": 51,
      "end": 51.98133786848073,
      "loop": false
    },
    "ex_trait_twins_body_02": {
      "start": 53,
      "end": 54.08555555555556,
      "loop": false
    },
    "ex_trait_twins_cloth_01": {
      "start": 56,
      "end": 57.49333333333333,
      "loop": false
    },
    "ex_trait_twins_cloth_02": {
      "start": 59,
      "end": 60.26512471655329,
      "loop": false
    }
  }
}