{
  "resources": [
    "vo_explainer_stars.mp3"
  ],
  "spritemap": {
    "ex_1_2_star_variable": {
      "start": 0,
      "end": 8.128027210884353,
      "loop": false
    },
    "ex_1_star_variable_1": {
      "start": 10,
      "end": 15.58936507936508,
      "loop": false
    },
    "ex_1_star_variable_2": {
      "start": 17,
      "end": 23.997369614512472,
      "loop": false
    },
    "ex_1_star_variable_3": {
      "start": 25,
      "end": 28.626666666666665,
      "loop": false
    },
    "ex_1_star_variable_4": {
      "start": 30,
      "end": 36.62312925170068,
      "loop": false
    },
    "ex_1_star": {
      "start": 38,
      "end": 39.54666666666667,
      "loop": false
    },
    "ex_2_star_variable_1": {
      "start": 41,
      "end": 46.58936507936508,
      "loop": false
    },
    "ex_2_star_variable_2": {
      "start": 48,
      "end": 56.490702947845804,
      "loop": false
    },
    "ex_2_star_variable_3": {
      "start": 58,
      "end": 63.546689342403624,
      "loop": false
    },
    "ex_2_star_variable_4": {
      "start": 65,
      "end": 70.76002267573696,
      "loop": false
    },
    "ex_2_star": {
      "start": 72,
      "end": 74.00537414965986,
      "loop": false
    },
    "ex_3_star_variable_1": {
      "start": 76,
      "end": 82.22931972789115,
      "loop": false
    },
    "ex_3_star_variable_2": {
      "start": 84,
      "end": 89.8250566893424,
      "loop": false
    },
    "ex_3_star": {
      "start": 91,
      "end": 93.24,
      "loop": false
    },
    "ex_star_idle_click": {
      "start": 95,
      "end": 97.98668934240362,
      "loop": false
    },
    "ex_star_idle_tap": {
      "start": 99,
      "end": 101.60709750566893,
      "loop": false
    }
  }
}