{
  "resources": [
    "vo_ui.mp3"
  ],
  "spritemap": {
    "cs_10a_elinor_002": {
      "start": 0,
      "end": 2.0480045351473923,
      "loop": false
    },
    "cs_10a_group_001": {
      "start": 4,
      "end": 6.1486167800453515,
      "loop": false
    },
    "cs_10b_elinor_001": {
      "start": 8,
      "end": 11.52265306122449,
      "loop": false
    },
    "ui_01_elinor_001_alt": {
      "start": 13,
      "end": 14.269319727891157,
      "loop": false
    },
    "ui_01_elinor_001": {
      "start": 16,
      "end": 18.35734693877551,
      "loop": false
    },
    "ui_01_elinor_002": {
      "start": 20,
      "end": 21.16965986394558,
      "loop": false
    },
    "ui_01_elinor_004": {
      "start": 23,
      "end": 24.24800453514739,
      "loop": false
    },
    "ui_01_elinor_010": {
      "start": 26,
      "end": 26.960022675736962,
      "loop": false
    },
    "ui_01_elinor_011": {
      "start": 28,
      "end": 29.03467120181406,
      "loop": false
    },
    "ui_01_elinor_015": {
      "start": 31,
      "end": 31.83204081632653,
      "loop": false
    },
    "ui_01_elinor_016": {
      "start": 33,
      "end": 33.682698412698414,
      "loop": false
    },
    "ui_01_elinor_017": {
      "start": 35,
      "end": 35.789319727891154,
      "loop": false
    },
    "ui_01_elinor_028": {
      "start": 37,
      "end": 37.81603174603175,
      "loop": false
    },
    "ui_01_elinor_029": {
      "start": 39,
      "end": 39.725374149659864,
      "loop": false
    },
    "ui_01_elinor_030": {
      "start": 41,
      "end": 42.00265306122449,
      "loop": false
    },
    "ui_01_elinor_031": {
      "start": 44,
      "end": 44.7253514739229,
      "loop": false
    },
    "ui_01_elinor_101_her": {
      "start": 46,
      "end": 47.90931972789116,
      "loop": false
    },
    "ui_01_elinor_101_him": {
      "start": 49,
      "end": 50.94136054421769,
      "loop": false
    },
    "ui_01_elinor_101_twins": {
      "start": 52,
      "end": 53.88385487528345,
      "loop": false
    },
    "ui_01_elinor_101": {
      "start": 55,
      "end": 57.26133786848072,
      "loop": false
    },
    "ui_01_elinor_102": {
      "start": 59,
      "end": 61.005374149659865,
      "loop": false
    },
    "ui_01_elinor_ari": {
      "start": 63,
      "end": 63.82136054421769,
      "loop": false
    },
    "ui_01_elinor_elinor": {
      "start": 65,
      "end": 65.7680045351474,
      "loop": false
    },
    "ui_01_elinor_koa": {
      "start": 67,
      "end": 67.93868480725624,
      "loop": false
    },
    "ui_01_elinor_olive": {
      "start": 69,
      "end": 69.9387074829932,
      "loop": false
    },
    "ui_01_elinor_tito": {
      "start": 71,
      "end": 71.6933560090703,
      "loop": false
    },
    "ui_01_elinor_twins": {
      "start": 73,
      "end": 74.81514739229024,
      "loop": false
    },
    "vo_01_ari_010": {
      "start": 76,
      "end": 77.42802721088435,
      "loop": false
    },
    "vo_01_ari_029": {
      "start": 79,
      "end": 80.33514739229025,
      "loop": false
    },
    "vo_01_elinor_010": {
      "start": 82,
      "end": 83.1042403628118,
      "loop": false
    },
    "vo_01_elinor_029": {
      "start": 85,
      "end": 85.79077097505669,
      "loop": false
    },
    "vo_01_koa_010": {
      "start": 87,
      "end": 88.27444444444444,
      "loop": false
    },
    "vo_01_koa_029": {
      "start": 90,
      "end": 90.61641723356009,
      "loop": false
    },
    "vo_01_olive_010": {
      "start": 92,
      "end": 93.1042403628118,
      "loop": false
    },
    "vo_01_olive_029": {
      "start": 95,
      "end": 95.79077097505669,
      "loop": false
    },
    "vo_01_twins_010": {
      "start": 97,
      "end": 98.1042403628118,
      "loop": false
    },
    "vo_01_twins_029": {
      "start": 100,
      "end": 100.79077097505669,
      "loop": false
    }
  }
}