{"model":{"version":3,"nodes":[{"name":"RootNode","position":[0,0,0],"rotation":[0,0,0],"scale":[0.01,0.01,0.01],"scaleCompensation":false},{"name":"macaroni","position":[0,0,0],"rotation":[-90,0,0],"scale":[100,100,100],"scaleCompensation":false}],"parents":[-1,0],"skins":[],"morphs":[],"vertices":[{"position":{"type":"float32","components":3,"data":[0.645596,0.277076,0.116016,0.68115,0.0652727,0.110042,0.711441,0.067681,0,0.678927,0.288427,0,0.560567,0.244448,0.197421,0.599205,0.0582749,0.189517,0.452188,0.198065,0.223966,0.489019,0.0478252,0.217324,0.349071,0.150631,0.191326,0.38054,0.0365095,0.187123,0.277563,0.116459,0.10948,0.301972,0.0277842,0.107668,0.255164,0.105494,0,0.27403,0.0247581,0,0.537972,0.477391,0.121035,0.573752,0.500054,0,0.46067,0.416189,0.204863,0.366892,0.333474,0.231133,0.283184,0.253257,0.196746,0.228829,0.196985,0.11279,0.213757,0.179001,0,0.384528,0.670092,0,0.358902,0.637646,0.123936,0.30359,0.551876,0.210663,0.2405,0.440117,0.238028,0.189642,0.335645,0.20384,0.158408,0.261856,0.117196,0.152141,0.237905,0,0.134404,0.762241,0,0.125852,0.727647,0.124911,0.104729,0.631094,0.214487,0.0869204,0.50861,0.246303,0.0756229,0.389645,0.212558,0.071046,0.303437,0.122284,0.0748874,0.275026,0,-0.134404,0.762241,0,-0.128342,0.729869,0.125084,-0.110392,0.64579,0.218749,-0.0822071,0.527502,0.255223,-0.0507953,0.405826,0.221862,-0.0248376,0.316157,0.127938,-0.010978,0.284474,0,-0.369114,0.648946,0.126165,-0.386982,0.670444,0,-0.319535,0.58397,0.222908,-0.250209,0.485874,0.263544,-0.177087,0.37657,0.230801,-0.12052,0.294154,0.133533,-0.0962812,0.262704,0,-0.569862,0.498756,0.129344,-0.594685,0.50941,0,-0.497443,0.452306,0.229262,-0.393884,0.379487,0.27067,-0.286565,0.298667,0.238455,-0.203719,0.235519,0.138472,-0.170366,0.209326,0,-0.743675,0.295626,0,-0.711869,0.287324,0.134843,-0.621204,0.260717,0.237416,-0.492399,0.220112,0.278522,-0.359971,0.17669,0.244093,-0.260684,0.142855,0.142091,-0.221962,0.127854,0,-0.81032,0.0231148,0,-0.773033,0.0234951,0.141387,-0.670387,0.0244762,0.246075,-0.528525,0.0256629,0.285798,-0.385113,0.0266475,0.248698,-0.279406,0.0272241,0.143988,-0.240581,0.0266611,0,-0.727767,-0.264886,0.144611,-0.764179,-0.278138,0,-0.628289,-0.228678,0.250474,-0.492399,-0.179218,0.289222,-0.356509,-0.129759,0.250474,-0.25703,-0.0935514,0.144611,-0.220619,-0.0802986,0,0.477602,-0.105236,0.173885,0.392937,-0.0854672,0.150588,0.485371,-0.00233756,0,0.330958,-0.0709955,0.0869423,-0.492399,-0.179218,0.234788,-0.602713,-0.21937,0.203332,-0.510872,-0.0783217,0,0.308272,-0.0656985,0,-0.27177,-0.0989163,0,-0.301329,-0.109675,0.117394,-0.382085,-0.139067,0.203332,-0.25703,-0.0935514,0.144611,-0.356509,-0.129759,0.250474,-0.683469,-0.248762,0.117394,-0.764179,-0.278138,0,-0.713027,-0.259521,0,-0.727767,-0.264886,0.144611,0.562267,-0.125005,0.150588,0.624246,-0.139476,0.0869423,0.658245,-0.147415,0.107099,0.581896,-0.129588,0.185502,-0.492399,-0.179218,0.289222,0.29696,-0.063057,0.107099,0.373308,-0.0808839,0.185502,0.686191,-0.15394,0,0.646932,-0.144773,0,0.269014,-0.0565319,0,-0.628289,-0.228678,0.250474,0.477602,-0.105236,0.214199,-0.220619,-0.0802986,0,0.658245,-0.147415,0.107099,0.686191,-0.15394,0,0.581896,-0.129588,0.185502,0.477602,-0.105236,0.214199,0.373308,-0.0808839,0.185502,0.29696,-0.063057,0.107099,0.269014,-0.0565319,0,0.68115,0.0652727,-0.110042,0.645596,0.277076,-0.116016,0.599205,0.0582749,-0.189517,0.560567,0.244448,-0.197421,0.489019,0.0478252,-0.217324,0.452188,0.198065,-0.223966,0.38054,0.0365095,-0.187123,0.349071,0.150631,-0.191326,0.301972,0.0277842,-0.107668,0.277563,0.116459,-0.10948,0.537972,0.477391,-0.121035,0.46067,0.416189,-0.204863,0.366892,0.333474,-0.231133,0.283184,0.253257,-0.196746,0.228829,0.196985,-0.11279,0.358902,0.637646,-0.123936,0.30359,0.551876,-0.210663,0.2405,0.440117,-0.238028,0.189642,0.335645,-0.20384,0.158408,0.261856,-0.117196,0.125852,0.727647,-0.124911,0.104729,0.631094,-0.214487,0.0869204,0.50861,-0.246303,0.0756229,0.389645,-0.212558,0.071046,0.303437,-0.122284,-0.128342,0.729869,-0.125084,-0.110392,0.64579,-0.218749,-0.0822071,0.527502,-0.255223,-0.0507953,0.405826,-0.221862,-0.0248376,0.316157,-0.127938,-0.369114,0.648946,-0.126165,-0.319535,0.58397,-0.222908,-0.250209,0.485874,-0.263544,-0.177087,0.37657,-0.230801,-0.12052,0.294154,-0.133533,-0.569862,0.498756,-0.129344,-0.497443,0.452306,-0.229262,-0.393884,0.379487,-0.27067,-0.286565,0.298667,-0.238455,-0.203719,0.235519,-0.138472,-0.711869,0.287324,-0.134843,-0.621204,0.260717,-0.237416,-0.492399,0.220112,-0.278522,-0.359971,0.17669,-0.244093,-0.260684,0.142855,-0.142091,-0.773033,0.0234951,-0.141387,-0.670387,0.0244762,-0.246075,-0.528525,0.0256629,-0.285798,-0.385113,0.0266475,-0.248698,-0.279406,0.0272241,-0.143988,-0.727767,-0.264886,-0.144611,-0.628289,-0.228678,-0.250474,-0.492399,-0.179218,-0.289222,-0.356509,-0.129759,-0.250474,-0.25703,-0.0935514,-0.144611,0.477602,-0.105236,-0.173885,0.392937,-0.0854672,-0.150588,0.330958,-0.0709955,-0.0869423,-0.492399,-0.179218,-0.234788,-0.602713,-0.21937,-0.203332,-0.301329,-0.109675,-0.117394,-0.356509,-0.129759,-0.250474,-0.25703,-0.0935514,-0.144611,-0.382085,-0.139067,-0.203332,-0.683469,-0.248762,-0.117394,-0.727767,-0.264886,-0.144611,0.581896,-0.129588,-0.185502,0.658245,-0.147415,-0.107099,0.562267,-0.125005,-0.150588,0.624246,-0.139476,-0.0869423,-0.492399,-0.179218,-0.289222,0.29696,-0.063057,-0.107099,0.373308,-0.0808839,-0.185502,-0.628289,-0.228678,-0.250474,0.477602,-0.105236,-0.214199,0.658245,-0.147415,-0.107099,0.581896,-0.129588,-0.185502,0.477602,-0.105236,-0.214199,0.373308,-0.0808839,-0.185502,0.29696,-0.063057,-0.107099]},"normal":{"type":"float32","components":3,