{"model":{"version":3,"nodes":[{"name":"RootNode","position":[0,0,0],"rotation":[0,0,0],"scale":[0.01,0.01,0.01],"scaleCompensation":false},{"name":"toy_blocks_pyrimid","position":[0,0,0],"rotation":[-90,0,0],"scale":[100,100,100],"scaleCompensation":false}],"parents":[-1,0],"skins":[],"morphs":[],"vertices":[{"position":{"type":"float32","components":3,"data":[-0.35984,0.328417,-0.134345,-0.35984,-0.328417,-0.134345,-0.0314222,-1.87487e-09,0.427249,-0.328417,-0.35984,-0.134345,0.328417,-0.35984,-0.134345,-1.74157e-09,-0.0314222,0.427249,-0.345949,-0.345949,-0.158559,0.345949,0.345949,-0.158559,0.345949,-0.345949,-0.158559,-0.345949,0.345949,-0.158559,0.328417,0.35984,-0.134345,-0.328417,0.35984,-0.134345,1.74157e-09,0.0314222,0.427249,0.35984,-0.328417,-0.134345,0.35984,0.328417,-0.134345,0.0314222,-5.35802e-09,0.427249,-0.35984,-0.328417,-0.134345,-0.328417,-0.35984,-0.134345,-0.35984,0.328417,-0.134345,-0.328417,0.35984,-0.134345,0.35984,-0.328417,-0.134345,0.328417,-0.35984,-0.134345,0.328417,0.35984,-0.134345,0.35984,0.328417,-0.134345,0.0314222,-5.35802e-09,0.427249,-0.0314222,-1.87487e-09,0.427249,-1.74157e-09,-0.0314222,0.427249,0.35984,0.328417,-0.134345]},"normal":{"type":"float32","components":3,"data":[-0.938902,0.318796,0.129551,-0.938902,-0.318796,0.129551,-0.528611,0,0.848842,-0.318796,-0.938902,0.129551,0.318796,-0.938902,0.129551,0,-0.528611,0.848842,-0.527451,-0.527451,-0.665975,0.527451,0.527451,-0.665975,0.527451,-0.527451,-0.665975,-0.527451,0.527451,-0.665975,0.318796,0.938902,0.129551,-0.318796,0.938902,0.129551,0,0.528611,0.848842,0.938902,-0.318796,0.129551,0.938902,0.318796,0.129551,0.528611,0,0.848842,-0.938902,-0.318796,0.129551,-0.318796,-0.938902,0.129551,-0.938902,0.318796,0.129551,-0.318796,0.938902,0.129551,0.938902,-0.318796,0.129551,0.318796,-0.938902,0.129551,0.318796,0.938902,0.129551,0.938902,0.318796,0.129551,0.528611,0,0.848842,-0.528611,0,0.848842,0,-0.528611,0.848842,0.938902,0.318796,0.129551]},"texCoord0":{"type":"float32","components":2,"data":[0.633929,0.306372,0.572377,0.1752,0.733074,0.17982,0.572658,0.165401,0.641645,0.0379831,0.733355,0.170022,0.776651,0.371657,0.927624,0.522911,0.776651,0.522911,0.927624,0.371657,0.783736,0.340787,0.641645,0.312417,0.74079,0.185866,0.649697,0.032391,0.793182,0.0122317,0.741407,0.16443,0.776651,0.364263,0.769271,0.371657,0.927624,0.364263,0.935003,0.371657,0.776651,0.530304,0.769271,0.522911,0.935003,0.522911,0.927624,0.530304,0.750237,0.183247,0.738172,0.17642,0.747618,0.173801,0.793182,0.338169]}}],"meshes":[{"aabb":{"min":[-0.35984,-0.35984,-0.158559],"max":[0.35984,0.35984,0.427249]},"vertices":0,"indices":[0,1,2,3,4,5,6,7,8,7,6,9,10,11,12,13,14,15,16,6,17,18,19,9,20,21,8,22,23,7,24,25,26,25,24,12,9,16,18,16,9,6,7,19,22,19,7,9,8,23,20,23,8,7,6,21,17,21,6,8,27,12,24,12,27,10,4,15,5,15,4,13,1,5,2,5,1,3,2,11,0,11,2,12],"type":"triangles","base":0,"count":84}],"meshInstances":[{"node":1,"mesh":0}]}}