{
  "resources": [
    "cutscene_02.mp3"
  ],
  "spritemap": {
    "cs_02_ari_001": {
      "start": 0,
      "end": 3.1573696145124717,
      "loop": false
    },
    "cs_02_ari_002": {
      "start": 5,
      "end": 7.666689342403628,
      "loop": false
    },
    "cs_02_elinor_001": {
      "start": 9,
      "end": 12.747868480725623,
      "loop": false
    },
    "cs_02_elinor_002": {
      "start": 14,
      "end": 18.33231292517007,
      "loop": false
    },
    "cs_02_koa_001": {
      "start": 20,
      "end": 26.52269841269841,
      "loop": false
    },
    "cs_02_olive_001": {
      "start": 28,
      "end": 34.29528344671202,
      "loop": false
    },
    "cs_02_olive_003": {
      "start": 36,
      "end": 41.04671201814059,
      "loop": false
    },
    "cs_02_olive_004": {
      "start": 43,
      "end": 48.71408163265306,
      "loop": false
    }
  }
}