{"model":{"version":2,"nodes":[{"name":"RootNode","position":[0,0,0],"rotation":[0,0,0],"scale":[1,1,1]},{"name":"Street_front_4","position":[0,0,0],"rotation":[0,0,0],"scale":[0.01,0.01,0.01]}],"parents":[-1,0],"skins":[],"vertices":[{"position":{"type":"float32","components":3,"data":[1000,-4.44089e-13,0,1000,4.44089e-13,-4000,0,-4.44089e-13,0,0,4.44089e-13,-4000]},"normal":{"type":"float32","components":3,"data":[0,1,2.22045e-16,0,1,2.22045e-16,0,1,2.22045e-16,0,1,2.22045e-16]},"texCoord0":{"type":"float32","components":2,"data":[0.546488,0.00774569,0.546488,0.500964,0.423183,0.00774569,0.423183,0.500964]}}],"meshes":[{"aabb":{"min":[0,-4.44089e-13,-4000],"max":[1000,4.44089e-13,1.17549e-38]},"vertices":0,"indices":[0,1,2,2,1,3],"type":"triangles","base":0,"count":6}],"meshInstances":[{"node":1,"mesh":0}]}}