{
  "resources": [
    "sfx.ogg",
    "sfx.mp3"
  ],
  "spritemap": {
    "activation1": {
      "start": 0,
      "end": 2.3248979591836734,
      "loop": false
    },
    "activation2": {
      "start": 4,
      "end": 5.515102040816327,
      "loop": false
    },
    "die": {
      "start": 7,
      "end": 8.82857142857143,
      "loop": false
    },
    "draw": {
      "start": 10,
      "end": 16.217142857142857,
      "loop": false
    },
    "game": {
      "start": 18,
      "end": 42.11102040816327,
      "loop": true
    },
    "ghostattack": {
      "start": 44,
      "end": 45.9330612244898,
      "loop": false
    },
    "item": {
      "start": 47,
      "end": 48.61959183673469,
      "loop": false
    },
    "lose": {
      "start": 50,
      "end": 57.627755102040815,
      "loop": false
    },
    "main": {
      "start": 59,
      "end": 77.12897959183674,
      "loop": true
    },
    "over": {
      "start": 79,
      "end": 79.3134693877551,
      "loop": false
    },
    "space": {
      "start": 81,
      "end": 82.25387755102041,
      "loop": false
    },
    "win": {
      "start": 84,
      "end": 88.62367346938775,
      "loop": false
    },
    "windig": {
      "start": 90,
      "end": 91.09714285714286,
      "loop": false
    }
  }
}