{"model":{"version":2,"nodes":[{"name":"RootNode","position":[0,0,0],"rotation":[0,0,0],"scale":[1,1,1]},{"name":"Street_front_8","position":[0,0,0],"rotation":[0,0,0],"scale":[0.01,0.01,0.01]}],"parents":[-1,0],"skins":[],"vertices":[{"position":{"type":"float32","components":3,"data":[1000,8.88178e-13,-8000,0,-8.88178e-13,0,1000,-8.88178e-13,0,0,8.88178e-13,-8000]},"normal":{"type":"float32","components":3,"data":[0,1,2.22045e-16,0,1,2.22045e-16,0,1,2.22045e-16,0,1,2.22045e-16]},"texCoord0":{"type":"float32","components":2,"data":[0.273279,0.994273,0.149974,0.00783569,0.273279,0.00783569,0.149974,0.994273]}}],"meshes":[{"aabb":{"min":[0,-8.88178e-13,-8000],"max":[1000,8.88178e-13,1.17549e-38]},"vertices":0,"indices":[0,1,2,1,0,3],"type":"triangles","base":0,"count":6}],"meshInstances":[{"node":1,"mesh":0}]}}