{"model":{"version":3,"nodes":[{"name":"RootNode","position":[0,0,0],"rotation":[0,0,0],"scale":[0.01,0.01,0.01],"scaleCompensation":false},{"name":"food_1","position":[0,0,0],"rotation":[-90,0,0],"scale":[100,100,100],"scaleCompensation":false}],"parents":[-1,0],"skins":[],"morphs":[],"vertices":[{"position":{"type":"float32","components":3,"data":[0.177841,0.236835,0.302734,-0.00102483,0.143219,0.808685,0.314544,-0.0822822,0.288203,0.00464294,-0.0882724,0.292988,-0.00102483,0.143219,0.808685,-0.305231,-0.0970315,0.296527,-0.159482,0.231745,0.302629,-0.00102483,0.143219,0.808685,0.00519014,0.522045,0.298879,0.00130723,0.715982,-0.262241,-0.519467,0.283415,-0.8,-0.344318,0.216418,-0.26063,0.00111678,1.00349,-0.8,-0.584074,-0.341402,-0.259018,0.0267373,-0.573372,-0.8,0.0109363,-0.365838,-0.263072,-0.869048,-0.502051,-0.8,0.591215,-0.336516,-0.266667,0.546851,0.2895,-0.8,0.338866,0.206667,-0.262979,0.872787,-0.501579,-0.8,0.00519014,0.522045,0.298879,0.00130723,0.715982,-0.262241,0.00111678,1.00349,-0.8,0.314544,-0.0822822,0.288203,0.591215,-0.336516,-0.266667,0.872787,-0.501579,-0.8,-0.305231,-0.0970315,0.296527,-0.584074,-0.341402,-0.259018,-0.869048,-0.502051,-0.8,-0.519467,0.283415,-0.8,0.00111678,1.00349,-0.8,0.00709951,0.0492405,-0.8,0.546851,0.2895,-0.8,0.872787,-0.501579,-0.8,0.0267373,-0.573372,-0.8,-0.869048,-0.502051,-0.8]},"normal":{"type":"float32","components":3,"data":[0.844569,0.446944,0.294778,-0.0114444,0.0295724,0.999481,0.726798,-0.396771,0.560625,0.0204169,-0.906522,0.421644,-0.0114444,0.0295724,0.999481,-0.703726,-0.417646,0.574725,-0.846431,0.444868,0.292581,-0.0114444,0.0295724,0.999481,0.00222785,0.892209,0.451582,-0.00488296,0.890927,0.454085,-0.723197,0.407331,-0.557695,-0.839625,0.460097,0.288583,-0.0061037,0.929899,-0.367687,-0.705893,-0.456038,0.541917,0.00439467,-0.831965,-0.554765,0.00827052,-0.921903,0.38728,-0.802087,-0.477523,-0.358562,0.704825,-0.448775,0.549333,0.733604,0.413495,-0.539232,0.838557,0.46205,0.288614,0.801599,-0.484176,-0.350658,0.00222785,0.892209,0.451582,-0.00488296,0.890927,0.454085,-0.0061037,0.929899,-0.367687,0.726798,-0.396771,0.560625,0.704825,-0.448775,0.549333,0.801599,-0.484176,-0.350658,-0.703726,-0.417646,0.574725,-0.705893,-0.456038,0.541917,-0.802087,-0.477523,-0.358562,-0.723197,0.407331,-0.557695,-0.0061037,0.929899,-0.367687,0,0,-1,0.733604,0.413495,-0.539232,0.801599,-0.484176,-0.350658,0.00439467,-0.831965,-0.554765,-0.802087,-0.477523,-0.358562]},"texCoord0":{"type":"float32","components":2,"data":[0.797022,0.342123,0.804943,0.489164,0.703137,0.345771,0.249265,0.34433,0.245475,0.497938,0.165007,0.342975,0.698009,0.842226,0.693428,0.987869,0.607603,0.838508,0.566389,0.682886,0.744474,0.529814,0.73156,0.684559,0.503135,0.529814,0.0915858,0.176944,0.259819,0.0194821,0.253254,0.175679,0.0157384,0.022867,0.598116,0.197342,0.745056,0.0286208,0.760866,0.186226,0.513611,0.0499915,0.88712,0.337933,0.927105,0.182204,0.989191,0.0286209,0.333526,0.345021,0.410929,0.180149,0.490248,0.0299405,0.795402,0.846639,0.896291,0.696077,0.977494,0.544791,0.233443,0.899948,0.0272543,0.774518,0.285496,0.752328,0.208808,0.611365,0.415973,0.506062,0.45365,0.733589,0.45365,0.977667]}}],"meshes":[{"aabb":{"min":[-0.869048,-0.573372,-0.8],"max":[0.872787,1.00349,0.808685]},"vertices":0,"indices":[0,1,2,3,4,5,6,7,8,9,10,11,10,9,12,8,11,6,11,8,9,13,14,15,14,13,16,5,15,3,15,5,13,17,18,19,18,17,20,2,19,0,19,2,17,19,21,0,21,19,22,18,22,19,22,18,23,21,1,0,15,24,3,24,15,25,14,25,15,25,14,26,24,4,3,11,27,6,27,11,28,10,28,11,28,10,29,27,7,6,30,31,32,31,33,32,34,32,33,32,34,35,36,32,35,32,36,30],"type":"triangles","base":0,"count":108}],"meshInstances":[{"node":1,"mesh":0}]}}